img_id,rel_path,true_label,pred_label,correct
1,001.Black_footed_Albatross/Black_Footed_Albatross_0046_18.jpg,0,51,False
3,001.Black_footed_Albatross/Black_Footed_Albatross_0002_55.jpg,0,3,False
6,001.Black_footed_Albatross/Black_Footed_Albatross_0085_92.jpg,0,88,False
10,001.Black_footed_Albatross/Black_Footed_Albatross_0025_796057.jpg,0,32,False
12,001.Black_footed_Albatross/Black_Footed_Albatross_0086_796062.jpg,0,44,False
13,001.Black_footed_Albatross/Black_Footed_Albatross_0049_796063.jpg,0,64,False
14,001.Black_footed_Albatross/Black_Footed_Albatross_0006_796065.jpg,0,182,False
16,001.Black_footed_Albatross/Black_Footed_Albatross_0016_796067.jpg,0,52,False
17,001.Black_footed_Albatross/Black_Footed_Albatross_0065_796068.jpg,0,193,False
19,001.Black_footed_Albatross/Black_Footed_Albatross_0042_796071.jpg,0,83,False
22,001.Black_footed_Albatross/Black_Footed_Albatross_0090_796077.jpg,0,76,False
24,001.Black_footed_Albatross/Black_Footed_Albatross_0061_796082.jpg,0,24,False
25,001.Black_footed_Albatross/Black_Footed_Albatross_0008_796083.jpg,0,143,False
26,001.Black_footed_Albatross/Black_Footed_Albatross_0033_796086.jpg,0,34,False
27,001.Black_footed_Albatross/Black_Footed_Albatross_0024_796089.jpg,0,91,False
28,001.Black_footed_Albatross/Black_Footed_Albatross_0005_796090.jpg,0,189,False
29,001.Black_footed_Albatross/Black_Footed_Albatross_0026_796095.jpg,0,84,False
33,001.Black_footed_Albatross/Black_Footed_Albatross_0064_796101.jpg,0,109,False
34,001.Black_footed_Albatross/Black_Footed_Albatross_0076_417.jpg,0,52,False
38,001.Black_footed_Albatross/Black_Footed_Albatross_0053_796109.jpg,0,0,True
39,001.Black_footed_Albatross/Black_Footed_Albatross_0001_796111.jpg,0,44,False
44,001.Black_footed_Albatross/Black_Footed_Albatross_0037_796120.jpg,0,64,False
45,001.Black_footed_Albatross/Black_Footed_Albatross_0082_796121.jpg,0,89,False
47,001.Black_footed_Albatross/Black_Footed_Albatross_0050_796125.jpg,0,130,False
48,001.Black_footed_Albatross/Black_Footed_Albatross_0078_796126.jpg,0,25,False
50,001.Black_footed_Albatross/Black_Footed_Albatross_0045_796129.jpg,0,88,False
52,001.Black_footed_Albatross/Black_Footed_Albatross_0088_796133.jpg,0,144,False
54,001.Black_footed_Albatross/Black_Footed_Albatross_0003_796136.jpg,0,1,False
57,001.Black_footed_Albatross/Black_Footed_Albatross_0035_796140.jpg,0,132,False
59,001.Black_footed_Albatross/Black_Footed_Albatross_0058_796074.jpg,0,65,False
61,002.Laysan_Albatross/Laysan_Albatross_0002_1027.jpg,1,109,False
63,002.Laysan_Albatross/Laysan_Albatross_0082_524.jpg,1,3,False
65,002.Laysan_Albatross/Laysan_Albatross_0070_788.jpg,1,40,False
68,002.Laysan_Albatross/Laysan_Albatross_0053_543.jpg,1,40,False
70,002.Laysan_Albatross/Laysan_Albatross_0001_545.jpg,1,136,False
71,002.Laysan_Albatross/Laysan_Albatross_0023_1059.jpg,1,198,False
76,002.Laysan_Albatross/Laysan_Albatross_0060_777.jpg,1,3,False
79,002.Laysan_Albatross/Laysan_Albatross_0080_821.jpg,1,24,False
82,002.Laysan_Albatross/Laysan_Albatross_0091_602.jpg,1,89,False
83,002.Laysan_Albatross/Laysan_Albatross_0102_611.jpg,1,7,False
85,002.Laysan_Albatross/Laysan_Albatross_0017_614.jpg,1,55,False
87,002.Laysan_Albatross/Laysan_Albatross_0035_876.jpg,1,152,False
88,002.Laysan_Albatross/Laysan_Albatross_0098_621.jpg,1,6,False
90,002.Laysan_Albatross/Laysan_Albatross_0034_628.jpg,1,147,False
91,002.Laysan_Albatross/Laysan_Albatross_0104_630.jpg,1,64,False
92,002.Laysan_Albatross/Laysan_Albatross_0058_637.jpg,1,1,True
93,002.Laysan_Albatross/Laysan_Albatross_0028_643.jpg,1,21,False
94,002.Laysan_Albatross/Laysan_Albatross_0033_658.jpg,1,28,False
95,002.Laysan_Albatross/Laysan_Albatross_0075_668.jpg,1,90,False
98,002.Laysan_Albatross/Laysan_Albatross_0064_674.jpg,1,96,False
100,002.Laysan_Albatross/Laysan_Albatross_0049_918.jpg,1,133,False
101,002.Laysan_Albatross/Laysan_Albatross_0012_696.jpg,1,26,False
103,002.Laysan_Albatross/Laysan_Albatross_0037_699.jpg,1,5,False
106,002.Laysan_Albatross/Laysan_Albatross_0042_801.jpg,1,144,False
107,002.Laysan_Albatross/Laysan_Albatross_0004_930.jpg,1,32,False
108,002.Laysan_Albatross/Laysan_Albatross_0093_725.jpg,1,193,False
112,002.Laysan_Albatross/Laysan_Albatross_0021_737.jpg,1,96,False
114,002.Laysan_Albatross/Laysan_Albatross_0059_488.jpg,1,99,False
118,002.Laysan_Albatross/Laysan_Albatross_0103_504.jpg,1,60,False
119,002.Laysan_Albatross/Laysan_Albatross_0079_506.jpg,1,105,False
126,003.Sooty_Albatross/Sooty_Albatross_0003_1078.jpg,2,74,False
129,003.Sooty_Albatross/Sooty_Albatross_0044_1105.jpg,2,157,False
130,003.Sooty_Albatross/Sooty_Albatross_0071_1116.jpg,2,6,False
132,003.Sooty_Albatross/Sooty_Albatross_0030_1122.jpg,2,108,False
133,003.Sooty_Albatross/Sooty_Albatross_0054_796347.jpg,2,14,False
134,003.Sooty_Albatross/Sooty_Albatross_0033_1128.jpg,2,64,False
135,003.Sooty_Albatross/Sooty_Albatross_0048_1130.jpg,2,59,False
139,003.Sooty_Albatross/Sooty_Albatross_0024_1161.jpg,2,26,False
144,003.Sooty_Albatross/Sooty_Albatross_0005_796342.jpg,2,177,False
146,003.Sooty_Albatross/Sooty_Albatross_0042_1210.jpg,2,169,False
147,003.Sooty_Albatross/Sooty_Albatross_0046_1211.jpg,2,181,False
149,003.Sooty_Albatross/Sooty_Albatross_0049_796350.jpg,2,49,False
150,003.Sooty_Albatross/Sooty_Albatross_0050_796351.jpg,2,56,False
154,003.Sooty_Albatross/Sooty_Albatross_0010_796355.jpg,2,24,False
155,003.Sooty_Albatross/Sooty_Albatross_0029_796357.jpg,2,0,False
156,003.Sooty_Albatross/Sooty_Albatross_0069_796358.jpg,2,3,False
157,003.Sooty_Albatross/Sooty_Albatross_0020_796359.jpg,2,8,False
161,003.Sooty_Albatross/Sooty_Albatross_0076_796365.jpg,2,143,False
162,003.Sooty_Albatross/Sooty_Albatross_0004_796366.jpg,2,44,False
163,003.Sooty_Albatross/Sooty_Albatross_0065_796367.jpg,2,93,False
165,003.Sooty_Albatross/Sooty_Albatross_0007_796372.jpg,2,61,False
167,003.Sooty_Albatross/Sooty_Albatross_0051_796374.jpg,2,70,False
169,003.Sooty_Albatross/Sooty_Albatross_0067_796376.jpg,2,135,False
170,003.Sooty_Albatross/Sooty_Albatross_0066_796382.jpg,2,134,False
171,003.Sooty_Albatross/Sooty_Albatross_0036_796387.jpg,2,29,False
173,003.Sooty_Albatross/Sooty_Albatross_0006_796390.jpg,2,198,False
175,003.Sooty_Albatross/Sooty_Albatross_0002_796395.jpg,2,31,False
178,003.Sooty_Albatross/Sooty_Albatross_0013_796402.jpg,2,107,False
179,004.Groove_billed_Ani/Groove_Billed_Ani_0068_1538.jpg,3,148,False
180,004.Groove_billed_Ani/Groove_Billed_Ani_0094_1540.jpg,3,3,True
183,004.Groove_billed_Ani/Groove_Billed_Ani_0080_1549.jpg,3,189,False
185,004.Groove_billed_Ani/Groove_Billed_Ani_0037_1560.jpg,3,189,False
186,004.Groove_billed_Ani/Groove_Billed_Ani_0017_1561.jpg,3,147,False
190,004.Groove_billed_Ani/Groove_Billed_Ani_0031_1588.jpg,3,160,False
191,004.Groove_billed_Ani/Groove_Billed_Ani_0107_1590.jpg,3,124,False
192,004.Groove_billed_Ani/Groove_Billed_Ani_0035_1591.jpg,3,152,False
193,004.Groove_billed_Ani/Groove_Billed_Ani_0109_1592.jpg,3,124,False
198,004.Groove_billed_Ani/Groove_Billed_Ani_0075_1617.jpg,3,29,False
199,004.Groove_billed_Ani/Groove_Billed_Ani_0029_1620.jpg,3,56,False
200,004.Groove_billed_Ani/Groove_Billed_Ani_0108_1639.jpg,3,32,False
201,004.Groove_billed_Ani/Groove_Billed_Ani_0100_1646.jpg,3,26,False
205,004.Groove_billed_Ani/Groove_Billed_Ani_0046_1663.jpg,3,84,False
207,004.Groove_billed_Ani/Groove_Billed_Ani_0053_1672.jpg,3,134,False
208,004.Groove_billed_Ani/Groove_Billed_Ani_0088_1678.jpg,3,160,False
210,004.Groove_billed_Ani/Groove_Billed_Ani_0082_1697.jpg,3,55,False
211,004.Groove_billed_Ani/Groove_Billed_Ani_0101_1700.jpg,3,6,False
212,004.Groove_billed_Ani/Groove_Billed_Ani_0010_1704.jpg,3,149,False
214,004.Groove_billed_Ani/Groove_Billed_Ani_0040_1715.jpg,3,30,False
217,004.Groove_billed_Ani/Groove_Billed_Ani_0074_1730.jpg,3,48,False
219,004.Groove_billed_Ani/Groove_Billed_Ani_0059_1480.jpg,3,92,False
223,004.Groove_billed_Ani/Groove_Billed_Ani_0005_1750.jpg,3,113,False
226,004.Groove_billed_Ani/Groove_Billed_Ani_0014_1755.jpg,3,35,False
229,004.Groove_billed_Ani/Groove_Billed_Ani_0060_1505.jpg,3,92,False
231,004.Groove_billed_Ani/Groove_Billed_Ani_0087_1765.jpg,3,104,False
233,004.Groove_billed_Ani/Groove_Billed_Ani_0062_1767.jpg,3,191,False
234,004.Groove_billed_Ani/Groove_Billed_Ani_0092_1516.jpg,3,160,False
236,004.Groove_billed_Ani/Groove_Billed_Ani_0009_1522.jpg,3,193,False
237,004.Groove_billed_Ani/Groove_Billed_Ani_0078_1780.jpg,3,193,False
239,005.Crested_Auklet/Crested_Auklet_0006_1813.jpg,4,198,False
240,005.Crested_Auklet/Crested_Auklet_0042_794902.jpg,4,131,False
244,005.Crested_Auklet/Crested_Auklet_0041_794910.jpg,4,3,False
246,005.Crested_Auklet/Crested_Auklet_0044_1825.jpg,4,160,False
251,005.Crested_Auklet/Crested_Auklet_0011_794927.jpg,4,27,False
252,005.Crested_Auklet/Crested_Auklet_0059_794929.jpg,4,25,False
255,005.Crested_Auklet/Crested_Auklet_0021_794938.jpg,4,90,False
259,005.Crested_Auklet/Crested_Auklet_0074_794949.jpg,4,127,False
260,005.Crested_Auklet/Crested_Auklet_0028_794951.jpg,4,50,False
265,005.Crested_Auklet/Crested_Auklet_0053_794966.jpg,4,75,False
271,005.Crested_Auklet/Crested_Auklet_0068_785253.jpg,4,89,False
277,005.Crested_Auklet/Crested_Auklet_0070_785261.jpg,4,22,False
279,005.Crested_Auklet/Crested_Auklet_0036_794905.jpg,4,183,False
282,005.Crested_Auklet/Crested_Auklet_0048_1791.jpg,4,114,False
286,006.Least_Auklet/Least_Auklet_0014_1901.jpg,5,166,False
292,006.Least_Auklet/Least_Auklet_0032_795068.jpg,5,22,False
298,006.Least_Auklet/Least_Auklet_0039_795081.jpg,5,124,False
300,006.Least_Auklet/Least_Auklet_0025_795087.jpg,5,6,False
304,006.Least_Auklet/Least_Auklet_0028_795094.jpg,5,109,False
308,006.Least_Auklet/Least_Auklet_0055_795106.jpg,5,190,False
309,006.Least_Auklet/Least_Auklet_0041_795107.jpg,5,33,False
311,006.Least_Auklet/Least_Auklet_0004_795112.jpg,5,97,False
312,006.Least_Auklet/Least_Auklet_0023_1898.jpg,5,181,False
314,006.Least_Auklet/Least_Auklet_0046_795118.jpg,5,50,False
315,006.Least_Auklet/Least_Auklet_0005_795119.jpg,5,5,True
325,007.Parakeet_Auklet/Parakeet_Auklet_0017_795924.jpg,6,103,False
329,007.Parakeet_Auklet/Parakeet_Auklet_0072_795929.jpg,6,48,False
330,007.Parakeet_Auklet/Parakeet_Auklet_0030_795930.jpg,6,183,False
337,007.Parakeet_Auklet/Parakeet_Auklet_0058_795942.jpg,6,113,False
340,007.Parakeet_Auklet/Parakeet_Auklet_0020_795947.jpg,6,112,False
343,007.Parakeet_Auklet/Parakeet_Auklet_0064_795954.jpg,6,24,False
344,007.Parakeet_Auklet/Parakeet_Auklet_0039_795955.jpg,6,190,False
346,007.Parakeet_Auklet/Parakeet_Auklet_0050_795957.jpg,6,1,False
348,007.Parakeet_Auklet/Parakeet_Auklet_0031_795960.jpg,6,5,False
350,007.Parakeet_Auklet/Parakeet_Auklet_0026_795962.jpg,6,83,False
351,007.Parakeet_Auklet/Parakeet_Auklet_0055_795963.jpg,6,29,False
352,007.Parakeet_Auklet/Parakeet_Auklet_0067_795964.jpg,6,47,False
354,007.Parakeet_Auklet/Parakeet_Auklet_0015_795966.jpg,6,22,False
356,007.Parakeet_Auklet/Parakeet_Auklet_0013_795970.jpg,6,57,False
357,007.Parakeet_Auklet/Parakeet_Auklet_0051_795971.jpg,6,117,False
360,007.Parakeet_Auklet/Parakeet_Auklet_0040_795974.jpg,6,140,False
363,007.Parakeet_Auklet/Parakeet_Auklet_0016_795977.jpg,6,119,False
365,007.Parakeet_Auklet/Parakeet_Auklet_0075_795981.jpg,6,24,False
369,007.Parakeet_Auklet/Parakeet_Auklet_0061_795990.jpg,6,1,False
370,007.Parakeet_Auklet/Parakeet_Auklet_0008_795992.jpg,6,149,False
371,007.Parakeet_Auklet/Parakeet_Auklet_0034_795994.jpg,6,23,False
372,007.Parakeet_Auklet/Parakeet_Auklet_0010_795995.jpg,6,77,False
373,007.Parakeet_Auklet/Parakeet_Auklet_0070_795998.jpg,6,122,False
381,008.Rhinoceros_Auklet/Rhinoceros_Auklet_0042_2101.jpg,7,187,False
382,008.Rhinoceros_Auklet/Rhinoceros_Auklet_0027_797496.jpg,7,49,False
383,008.Rhinoceros_Auklet/Rhinoceros_Auklet_0034_797497.jpg,7,23,False
384,008.Rhinoceros_Auklet/Rhinoceros_Auklet_0037_797499.jpg,7,64,False
386,008.Rhinoceros_Auklet/Rhinoceros_Auklet_0044_797502.jpg,7,86,False
387,008.Rhinoceros_Auklet/Rhinoceros_Auklet_0040_797503.jpg,7,62,False
389,008.Rhinoceros_Auklet/Rhinoceros_Auklet_0025_797508.jpg,7,45,False
391,008.Rhinoceros_Auklet/Rhinoceros_Auklet_0051_797510.jpg,7,88,False
394,008.Rhinoceros_Auklet/Rhinoceros_Auklet_0041_797515.jpg,7,99,False
405,008.Rhinoceros_Auklet/Rhinoceros_Auklet_0046_797532.jpg,7,197,False
407,008.Rhinoceros_Auklet/Rhinoceros_Auklet_0003_797535.jpg,7,125,False
408,008.Rhinoceros_Auklet/Rhinoceros_Auklet_0045_797536.jpg,7,50,False
410,008.Rhinoceros_Auklet/Rhinoceros_Auklet_0001_797538.jpg,7,49,False
412,008.Rhinoceros_Auklet/Rhinoceros_Auklet_0004_797541.jpg,7,198,False
419,008.Rhinoceros_Auklet/Rhinoceros_Auklet_0048_2162.jpg,7,198,False
420,008.Rhinoceros_Auklet/Rhinoceros_Auklet_0035_2166.jpg,7,89,False
422,008.Rhinoceros_Auklet/Rhinoceros_Auklet_0022_2170.jpg,7,89,False
424,008.Rhinoceros_Auklet/Rhinoceros_Auklet_0039_2174.jpg,7,143,False
425,009.Brewer_Blackbird/Brewer_Blackbird_0099_2560.jpg,8,72,False
430,009.Brewer_Blackbird/Brewer_Blackbird_0106_2608.jpg,8,113,False
434,009.Brewer_Blackbird/Brewer_Blackbird_0009_2616.jpg,8,62,False
435,009.Brewer_Blackbird/Brewer_Blackbird_0102_2620.jpg,8,84,False
438,009.Brewer_Blackbird/Brewer_Blackbird_0101_2630.jpg,8,24,False
439,009.Brewer_Blackbird/Brewer_Blackbird_0054_2631.jpg,8,3,False
440,009.Brewer_Blackbird/Brewer_Blackbird_0096_2634.jpg,8,149,False
442,009.Brewer_Blackbird/Brewer_Blackbird_0041_2653.jpg,8,103,False
443,009.Brewer_Blackbird/Brewer_Blackbird_0090_2658.jpg,8,28,False
445,009.Brewer_Blackbird/Brewer_Blackbird_0017_2668.jpg,8,186,False
447,009.Brewer_Blackbird/Brewer_Blackbird_0137_2680.jpg,8,156,False
448,009.Brewer_Blackbird/Brewer_Blackbird_0028_2682.jpg,8,149,False
449,009.Brewer_Blackbird/Brewer_Blackbird_0046_2688.jpg,8,21,False
450,009.Brewer_Blackbird/Brewer_Blackbird_0012_2691.jpg,8,84,False
451,009.Brewer_Blackbird/Brewer_Blackbird_0066_2693.jpg,8,17,False
453,009.Brewer_Blackbird/Brewer_Blackbird_0016_2225.jpg,8,6,False
454,009.Brewer_Blackbird/Brewer_Blackbird_0104_2230.jpg,8,1,False
455,009.Brewer_Blackbird/Brewer_Blackbird_0025_2231.jpg,8,42,False
457,009.Brewer_Blackbird/Brewer_Blackbird_0080_2234.jpg,8,71,False
458,009.Brewer_Blackbird/Brewer_Blackbird_0127_2235.jpg,8,147,False
459,009.Brewer_Blackbird/Brewer_Blackbird_0049_2258.jpg,8,128,False
462,009.Brewer_Blackbird/Brewer_Blackbird_0010_2269.jpg,8,106,False
463,009.Brewer_Blackbird/Brewer_Blackbird_0061_2270.jpg,8,7,False
468,009.Brewer_Blackbird/Brewer_Blackbird_0015_2286.jpg,8,107,False
472,009.Brewer_Blackbird/Brewer_Blackbird_0038_2294.jpg,8,174,False
473,009.Brewer_Blackbird/Brewer_Blackbird_0042_2302.jpg,8,194,False
475,009.Brewer_Blackbird/Brewer_Blackbird_0065_2310.jpg,8,76,False
480,009.Brewer_Blackbird/Brewer_Blackbird_0027_2329.jpg,8,104,False
483,009.Brewer_Blackbird/Brewer_Blackbird_0004_2345.jpg,8,141,False
487,010.Red_winged_Blackbird/Red_Winged_Blackbird_0022_4483.jpg,9,9,True
488,010.Red_winged_Blackbird/Red_Winged_Blackbird_0017_4116.jpg,9,161,False
492,010.Red_winged_Blackbird/Red_Winged_Blackbird_0058_4141.jpg,9,33,False
493,010.Red_winged_Blackbird/Red_Winged_Blackbird_0074_4146.jpg,9,107,False
494,010.Red_winged_Blackbird/Red_Winged_Blackbird_0042_3635.jpg,9,163,False
498,010.Red_winged_Blackbird/Red_Winged_Blackbird_0064_4936.jpg,9,96,False
499,010.Red_winged_Blackbird/Red_Winged_Blackbird_0104_3918.jpg,9,27,False
501,010.Red_winged_Blackbird/Red_Winged_Blackbird_0024_4180.jpg,9,35,False
503,010.Red_winged_Blackbird/Red_Winged_Blackbird_0089_4188.jpg,9,167,False
506,010.Red_winged_Blackbird/Red_Winged_Blackbird_0109_4454.jpg,9,17,False
508,010.Red_winged_Blackbird/Red_Winged_Blackbird_0053_4072.jpg,9,84,False
509,010.Red_winged_Blackbird/Red_Winged_Blackbird_0006_6005.jpg,9,129,False
510,010.Red_winged_Blackbird/Red_Winged_Blackbird_0007_3706.jpg,9,26,False
512,010.Red_winged_Blackbird/Red_Winged_Blackbird_0013_5762.jpg,9,58,False
513,010.Red_winged_Blackbird/Red_Winged_Blackbird_0062_4233.jpg,9,86,False
514,010.Red_winged_Blackbird/Red_Winged_Blackbird_0099_3985.jpg,9,183,False
516,010.Red_winged_Blackbird/Red_Winged_Blackbird_0071_3988.jpg,9,181,False
517,010.Red_winged_Blackbird/Red_Winged_Blackbird_0027_4123.jpg,9,117,False
519,010.Red_winged_Blackbird/Red_Winged_Blackbird_0088_4007.jpg,9,10,False
521,010.Red_winged_Blackbird/Red_Winged_Blackbird_0010_6386.jpg,9,192,False
522,010.Red_winged_Blackbird/Red_Winged_Blackbird_0045_4526.jpg,9,43,False
525,010.Red_winged_Blackbird/Red_Winged_Blackbird_0065_4026.jpg,9,10,False
526,010.Red_winged_Blackbird/Red_Winged_Blackbird_0039_4285.jpg,9,143,False
528,010.Red_winged_Blackbird/Red_Winged_Blackbird_0029_4804.jpg,9,97,False
532,010.Red_winged_Blackbird/Red_Winged_Blackbird_0009_5841.jpg,9,9,True
534,010.Red_winged_Blackbird/Red_Winged_Blackbird_0011_5845.jpg,9,78,False
536,010.Red_winged_Blackbird/Red_Winged_Blackbird_0047_3802.jpg,9,73,False
538,010.Red_winged_Blackbird/Red_Winged_Blackbird_0094_5856.jpg,9,50,False
540,010.Red_winged_Blackbird/Red_Winged_Blackbird_0072_4338.jpg,9,37,False
543,010.Red_winged_Blackbird/Red_Winged_Blackbird_0078_5372.jpg,9,137,False
546,011.Rusty_Blackbird/Rusty_Blackbird_0055_6923.jpg,10,133,False
548,011.Rusty_Blackbird/Rusty_Blackbird_0020_6679.jpg,10,31,False
550,011.Rusty_Blackbird/Rusty_Blackbird_0104_6685.jpg,10,115,False
551,011.Rusty_Blackbird/Rusty_Blackbird_0043_2597.jpg,10,147,False
553,011.Rusty_Blackbird/Rusty_Blackbird_0109_6698.jpg,10,77,False
556,011.Rusty_Blackbird/Rusty_Blackbird_0081_6967.jpg,10,157,False
558,011.Rusty_Blackbird/Rusty_Blackbird_0051_6715.jpg,10,54,False
560,011.Rusty_Blackbird/Rusty_Blackbird_0075_6717.jpg,10,197,False
563,011.Rusty_Blackbird/Rusty_Blackbird_0112_3415.jpg,10,197,False
565,011.Rusty_Blackbird/Rusty_Blackbird_0003_6749.jpg,10,119,False
567,011.Rusty_Blackbird/Rusty_Blackbird_0047_7009.jpg,10,80,False
569,011.Rusty_Blackbird/Rusty_Blackbird_0060_6756.jpg,10,8,False
571,011.Rusty_Blackbird/Rusty_Blackbird_0120_6762.jpg,10,10,True
572,011.Rusty_Blackbird/Rusty_Blackbird_0026_6768.jpg,10,41,False
573,011.Rusty_Blackbird/Rusty_Blackbird_0005_6771.jpg,10,130,False
578,011.Rusty_Blackbird/Rusty_Blackbird_0052_7035.jpg,10,169,False
579,011.Rusty_Blackbird/Rusty_Blackbird_0057_6935.jpg,10,73,False
580,011.Rusty_Blackbird/Rusty_Blackbird_0111_3220.jpg,10,3,False
582,011.Rusty_Blackbird/Rusty_Blackbird_0105_6937.jpg,10,91,False
583,011.Rusty_Blackbird/Rusty_Blackbird_0022_6808.jpg,10,31,False
584,011.Rusty_Blackbird/Rusty_Blackbird_0100_6597.jpg,10,141,False
585,011.Rusty_Blackbird/Rusty_Blackbird_0092_2727.jpg,10,35,False
586,011.Rusty_Blackbird/Rusty_Blackbird_0094_6582.jpg,10,122,False
589,011.Rusty_Blackbird/Rusty_Blackbird_0096_6846.jpg,10,109,False
590,011.Rusty_Blackbird/Rusty_Blackbird_0027_6593.jpg,10,85,False
592,011.Rusty_Blackbird/Rusty_Blackbird_0056_6856.jpg,10,180,False
594,011.Rusty_Blackbird/Rusty_Blackbird_0080_6877.jpg,10,166,False
597,011.Rusty_Blackbird/Rusty_Blackbird_0015_6885.jpg,10,131,False
602,011.Rusty_Blackbird/Rusty_Blackbird_0013_6902.jpg,10,3,False
603,011.Rusty_Blackbird/Rusty_Blackbird_0082_6906.jpg,10,99,False
604,012.Yellow_headed_Blackbird/Yellow_Headed_Blackbird_0108_7937.jpg,11,3,False
608,012.Yellow_headed_Blackbird/Yellow_Headed_Blackbird_0015_8207.jpg,11,27,False
609,012.Yellow_headed_Blackbird/Yellow_Headed_Blackbird_0061_8208.jpg,11,77,False
610,012.Yellow_headed_Blackbird/Yellow_Headed_Blackbird_0065_8481.jpg,11,196,False
615,012.Yellow_headed_Blackbird/Yellow_Headed_Blackbird_0009_8248.jpg,11,199,False
616,012.Yellow_headed_Blackbird/Yellow_Headed_Blackbird_0043_8250.jpg,11,84,False
618,012.Yellow_headed_Blackbird/Yellow_Headed_Blackbird_0088_8257.jpg,11,43,False
622,012.Yellow_headed_Blackbird/Yellow_Headed_Blackbird_0109_8271.jpg,11,151,False
623,012.Yellow_headed_Blackbird/Yellow_Headed_Blackbird_0034_7736.jpg,11,9,False
624,012.Yellow_headed_Blackbird/Yellow_Headed_Blackbird_0079_8535.jpg,11,139,False
627,012.Yellow_headed_Blackbird/Yellow_Headed_Blackbird_0049_8548.jpg,11,74,False
632,012.Yellow_headed_Blackbird/Yellow_Headed_Blackbird_0042_8574.jpg,11,131,False
634,012.Yellow_headed_Blackbird/Yellow_Headed_Blackbird_0024_8586.jpg,11,40,False
637,012.Yellow_headed_Blackbird/Yellow_Headed_Blackbird_0080_8601.jpg,11,189,False
638,012.Yellow_headed_Blackbird/Yellow_Headed_Blackbird_0023_7325.jpg,11,191,False
640,012.Yellow_headed_Blackbird/Yellow_Headed_Blackbird_0055_8357.jpg,11,176,False
643,012.Yellow_headed_Blackbird/Yellow_Headed_Blackbird_0013_8362.jpg,11,133,False
644,012.Yellow_headed_Blackbird/Yellow_Headed_Blackbird_0085_8363.jpg,11,126,False
646,012.Yellow_headed_Blackbird/Yellow_Headed_Blackbird_0098_8367.jpg,11,109,False
649,012.Yellow_headed_Blackbird/Yellow_Headed_Blackbird_0059_8079.jpg,11,34,False
650,012.Yellow_headed_Blackbird/Yellow_Headed_Blackbird_0100_8407.jpg,11,174,False
651,012.Yellow_headed_Blackbird/Yellow_Headed_Blackbird_0053_8410.jpg,11,25,False
654,012.Yellow_headed_Blackbird/Yellow_Headed_Blackbird_0102_8441.jpg,11,179,False
656,012.Yellow_headed_Blackbird/Yellow_Headed_Blackbird_0047_7929.jpg,11,111,False
658,012.Yellow_headed_Blackbird/Yellow_Headed_Blackbird_0012_8443.jpg,11,48,False
659,012.Yellow_headed_Blackbird/Yellow_Headed_Blackbird_0035_8447.jpg,11,36,False
661,013.Bobolink/Bobolink_0007_9246.jpg,12,48,False
664,013.Bobolink/Bobolink_0115_9265.jpg,12,47,False
665,013.Bobolink/Bobolink_0039_9779.jpg,12,21,False
673,013.Bobolink/Bobolink_0074_9311.jpg,12,12,True
674,013.Bobolink/Bobolink_0120_10859.jpg,12,137,False
675,013.Bobolink/Bobolink_0097_10861.jpg,12,119,False
676,013.Bobolink/Bobolink_0109_9869.jpg,12,111,False
679,013.Bobolink/Bobolink_0018_9402.jpg,12,91,False
681,013.Bobolink/Bobolink_0126_11458.jpg,12,64,False
683,013.Bobolink/Bobolink_0081_9439.jpg,12,187,False
684,013.Bobolink/Bobolink_0048_9988.jpg,12,92,False
686,013.Bobolink/Bobolink_0067_11533.jpg,12,26,False
687,013.Bobolink/Bobolink_0110_9496.jpg,12,51,False
688,013.Bobolink/Bobolink_0071_9503.jpg,12,96,False
689,013.Bobolink/Bobolink_0128_9947.jpg,12,12,True
692,013.Bobolink/Bobolink_0026_11057.jpg,12,104,False
695,013.Bobolink/Bobolink_0112_11073.jpg,12,4,False
696,013.Bobolink/Bobolink_0057_10051.jpg,12,186,False
697,013.Bobolink/Bobolink_0049_9540.jpg,12,141,False
698,013.Bobolink/Bobolink_0027_10569.jpg,12,41,False
700,013.Bobolink/Bobolink_0076_11093.jpg,12,136,False
703,013.Bobolink/Bobolink_0035_11117.jpg,12,99,False
704,013.Bobolink/Bobolink_0043_10607.jpg,12,8,False
705,013.Bobolink/Bobolink_0056_9080.jpg,12,174,False
707,013.Bobolink/Bobolink_0021_10623.jpg,12,133,False
708,013.Bobolink/Bobolink_0070_10624.jpg,12,133,False
709,013.Bobolink/Bobolink_0114_10627.jpg,12,84,False
711,013.Bobolink/Bobolink_0106_9126.jpg,12,112,False
714,013.Bobolink/Bobolink_0040_9681.jpg,12,55,False
718,013.Bobolink/Bobolink_0079_10736.jpg,12,10,False
721,014.Indigo_Bunting/Indigo_Bunting_0014_14167.jpg,13,24,False
723,014.Indigo_Bunting/Indigo_Bunting_0068_13081.jpg,13,20,False
724,014.Indigo_Bunting/Indigo_Bunting_0040_11805.jpg,13,72,False
726,014.Indigo_Bunting/Indigo_Bunting_0063_11820.jpg,13,193,False
728,014.Indigo_Bunting/Indigo_Bunting_0037_14128.jpg,13,122,False
731,014.Indigo_Bunting/Indigo_Bunting_0027_11579.jpg,13,67,False
737,014.Indigo_Bunting/Indigo_Bunting_0053_13391.jpg,13,172,False
738,014.Indigo_Bunting/Indigo_Bunting_0015_12632.jpg,13,7,False
739,014.Indigo_Bunting/Indigo_Bunting_0016_13661.jpg,13,182,False
742,014.Indigo_Bunting/Indigo_Bunting_0073_13933.jpg,13,103,False
743,014.Indigo_Bunting/Indigo_Bunting_0072_14197.jpg,13,188,False
745,014.Indigo_Bunting/Indigo_Bunting_0071_11639.jpg,13,133,False
749,014.Indigo_Bunting/Indigo_Bunting_0036_13716.jpg,13,169,False
750,014.Indigo_Bunting/Indigo_Bunting_0013_12949.jpg,13,138,False
752,014.Indigo_Bunting/Indigo_Bunting_0021_13979.jpg,13,138,False
753,014.Indigo_Bunting/Indigo_Bunting_0060_14495.jpg,13,190,False
757,014.Indigo_Bunting/Indigo_Bunting_0058_12207.jpg,13,179,False
759,014.Indigo_Bunting/Indigo_Bunting_0054_12213.jpg,13,28,False
761,014.Indigo_Bunting/Indigo_Bunting_0025_12532.jpg,13,28,False
763,014.Indigo_Bunting/Indigo_Bunting_0052_11893.jpg,13,128,False
764,014.Indigo_Bunting/Indigo_Bunting_0029_13761.jpg,13,67,False
765,014.Indigo_Bunting/Indigo_Bunting_0010_13000.jpg,13,109,False
766,014.Indigo_Bunting/Indigo_Bunting_0078_11852.jpg,13,57,False
767,014.Indigo_Bunting/Indigo_Bunting_0061_13259.jpg,13,15,False
771,014.Indigo_Bunting/Indigo_Bunting_0065_14558.jpg,13,31,False
772,014.Indigo_Bunting/Indigo_Bunting_0051_12837.jpg,13,154,False
773,014.Indigo_Bunting/Indigo_Bunting_0033_12777.jpg,13,130,False
774,014.Indigo_Bunting/Indigo_Bunting_0077_14060.jpg,13,37,False
777,014.Indigo_Bunting/Indigo_Bunting_0031_13300.jpg,13,18,False
779,014.Indigo_Bunting/Indigo_Bunting_0074_12829.jpg,13,78,False
783,015.Lazuli_Bunting/Lazuli_Bunting_0047_14863.jpg,14,6,False
785,015.Lazuli_Bunting/Lazuli_Bunting_0101_14873.jpg,14,5,False
786,015.Lazuli_Bunting/Lazuli_Bunting_0052_14618.jpg,14,148,False
787,015.Lazuli_Bunting/Lazuli_Bunting_0085_14627.jpg,14,198,False
795,015.Lazuli_Bunting/Lazuli_Bunting_0078_15164.jpg,14,147,False
796,015.Lazuli_Bunting/Lazuli_Bunting_0092_14656.jpg,14,105,False
797,015.Lazuli_Bunting/Lazuli_Bunting_0066_14914.jpg,14,23,False
799,015.Lazuli_Bunting/Lazuli_Bunting_0001_14916.jpg,14,164,False
800,015.Lazuli_Bunting/Lazuli_Bunting_0076_14662.jpg,14,75,False
802,015.Lazuli_Bunting/Lazuli_Bunting_0035_14920.jpg,14,3,False
803,015.Lazuli_Bunting/Lazuli_Bunting_0070_14665.jpg,14,107,False
804,015.Lazuli_Bunting/Lazuli_Bunting_0040_14923.jpg,14,182,False
805,015.Lazuli_Bunting/Lazuli_Bunting_0026_14669.jpg,14,168,False
808,015.Lazuli_Bunting/Lazuli_Bunting_0032_14778.jpg,14,61,False
809,015.Lazuli_Bunting/Lazuli_Bunting_0021_14686.jpg,14,21,False
811,015.Lazuli_Bunting/Lazuli_Bunting_0028_14950.jpg,14,87,False
815,015.Lazuli_Bunting/Lazuli_Bunting_0094_11894.jpg,14,121,False
817,015.Lazuli_Bunting/Lazuli_Bunting_0030_14986.jpg,14,122,False
820,015.Lazuli_Bunting/Lazuli_Bunting_0097_14617.jpg,14,167,False
821,015.Lazuli_Bunting/Lazuli_Bunting_0059_14749.jpg,14,40,False
824,015.Lazuli_Bunting/Lazuli_Bunting_0037_15021.jpg,14,149,False
825,015.Lazuli_Bunting/Lazuli_Bunting_0093_15030.jpg,14,37,False
826,015.Lazuli_Bunting/Lazuli_Bunting_0057_14775.jpg,14,64,False
827,015.Lazuli_Bunting/Lazuli_Bunting_0056_15032.jpg,14,96,False
830,015.Lazuli_Bunting/Lazuli_Bunting_0084_14815.jpg,14,150,False
831,015.Lazuli_Bunting/Lazuli_Bunting_0042_14820.jpg,14,117,False
832,015.Lazuli_Bunting/Lazuli_Bunting_0025_15079.jpg,14,168,False
837,015.Lazuli_Bunting/Lazuli_Bunting_0048_14844.jpg,14,124,False
838,016.Painted_Bunting/Painted_Bunting_0102_16642.jpg,15,103,False
839,016.Painted_Bunting/Painted_Bunting_0004_16641.jpg,15,113,False
840,016.Painted_Bunting/Painted_Bunting_0077_16819.jpg,15,169,False
842,016.Painted_Bunting/Painted_Bunting_0053_16404.jpg,15,94,False
844,016.Painted_Bunting/Painted_Bunting_0008_16416.jpg,15,25,False
846,016.Painted_Bunting/Painted_Bunting_0011_16690.jpg,15,109,False
847,016.Painted_Bunting/Painted_Bunting_0040_16691.jpg,15,122,False
848,016.Painted_Bunting/Painted_Bunting_0010_16948.jpg,15,181,False
849,016.Painted_Bunting/Painted_Bunting_0072_16697.jpg,15,160,False
850,016.Painted_Bunting/Painted_Bunting_0054_16711.jpg,15,77,False
851,016.Painted_Bunting/Painted_Bunting_0069_16462.jpg,15,197,False
852,016.Painted_Bunting/Painted_Bunting_0058_16719.jpg,15,162,False
854,016.Painted_Bunting/Painted_Bunting_0094_16467.jpg,15,72,False
858,016.Painted_Bunting/Painted_Bunting_0016_15200.jpg,15,147,False
866,016.Painted_Bunting/Painted_Bunting_0098_15226.jpg,15,4,False
868,016.Painted_Bunting/Painted_Bunting_0081_15230.jpg,15,186,False
869,016.Painted_Bunting/Painted_Bunting_0019_15231.jpg,15,17,False
876,016.Painted_Bunting/Painted_Bunting_0029_16530.jpg,15,18,False
878,016.Painted_Bunting/Painted_Bunting_0080_16534.jpg,15,109,False
880,016.Painted_Bunting/Painted_Bunting_0027_16536.jpg,15,3,False
882,016.Painted_Bunting/Painted_Bunting_0044_16557.jpg,15,132,False
883,016.Painted_Bunting/Painted_Bunting_0085_15282.jpg,15,122,False
885,016.Painted_Bunting/Painted_Bunting_0078_16565.jpg,15,197,False
886,016.Painted_Bunting/Painted_Bunting_0013_15294.jpg,15,156,False
887,016.Painted_Bunting/Painted_Bunting_0021_15295.jpg,15,40,False
890,016.Painted_Bunting/Painted_Bunting_0009_16674.jpg,15,193,False
892,016.Painted_Bunting/Painted_Bunting_0032_16605.jpg,15,11,False
893,016.Painted_Bunting/Painted_Bunting_0049_16869.jpg,15,79,False
896,017.Cardinal/Cardinal_0038_19203.jpg,16,51,False
897,017.Cardinal/Cardinal_0072_17159.jpg,16,31,False
899,017.Cardinal/Cardinal_0047_17673.jpg,16,175,False
901,017.Cardinal/Cardinal_0035_17678.jpg,16,56,False
903,017.Cardinal/Cardinal_0103_17425.jpg,16,26,False
904,017.Cardinal/Cardinal_0102_17808.jpg,16,43,False
905,017.Cardinal/Cardinal_0006_17684.jpg,16,87,False
908,017.Cardinal/Cardinal_0078_17181.jpg,16,161,False
909,017.Cardinal/Cardinal_0041_17189.jpg,16,122,False
911,017.Cardinal/Cardinal_0040_17477.jpg,16,175,False
913,017.Cardinal/Cardinal_0093_17676.jpg,16,104,False
914,017.Cardinal/Cardinal_0022_17233.jpg,16,90,False
915,017.Cardinal/Cardinal_0023_19026.jpg,16,123,False
919,017.Cardinal/Cardinal_0033_19215.jpg,16,76,False
921,017.Cardinal/Cardinal_0105_19045.jpg,16,88,False
924,017.Cardinal/Cardinal_0050_18035.jpg,16,55,False
930,017.Cardinal/Cardinal_0014_17389.jpg,16,43,False
932,017.Cardinal/Cardinal_0001_17057.jpg,16,169,False
933,017.Cardinal/Cardinal_0074_18339.jpg,16,180,False
936,017.Cardinal/Cardinal_0018_17071.jpg,16,33,False
938,017.Cardinal/Cardinal_0062_17334.jpg,16,10,False
940,017.Cardinal/Cardinal_0095_18108.jpg,16,42,False
942,017.Cardinal/Cardinal_0016_17862.jpg,16,134,False
944,017.Cardinal/Cardinal_0055_18898.jpg,16,78,False
945,017.Cardinal/Cardinal_0010_18894.jpg,16,109,False
948,017.Cardinal/Cardinal_0049_18258.jpg,16,40,False
949,017.Cardinal/Cardinal_0082_17875.jpg,16,114,False
953,018.Spotted_Catbird/Spotted_Catbird_0018_796800.jpg,17,138,False
958,018.Spotted_Catbird/Spotted_Catbird_0033_796805.jpg,17,178,False
961,018.Spotted_Catbird/Spotted_Catbird_0015_796808.jpg,17,26,False
962,018.Spotted_Catbird/Spotted_Catbird_0044_796809.jpg,17,33,False
968,018.Spotted_Catbird/Spotted_Catbird_0048_796817.jpg,17,5,False
969,018.Spotted_Catbird/Spotted_Catbird_0026_796818.jpg,17,33,False
971,018.Spotted_Catbird/Spotted_Catbird_0040_796820.jpg,17,7,False
973,018.Spotted_Catbird/Spotted_Catbird_0003_796822.jpg,17,75,False
976,018.Spotted_Catbird/Spotted_Catbird_0002_796827.jpg,17,90,False
977,018.Spotted_Catbird/Spotted_Catbird_0032_796828.jpg,17,34,False
978,018.Spotted_Catbird/Spotted_Catbird_0046_19399.jpg,17,116,False
983,018.Spotted_Catbird/Spotted_Catbird_0014_19425.jpg,17,72,False
993,018.Spotted_Catbird/Spotted_Catbird_0009_796795.jpg,17,195,False
996,018.Spotted_Catbird/Spotted_Catbird_0021_796798.jpg,17,35,False
997,018.Spotted_Catbird/Spotted_Catbird_0035_796799.jpg,17,82,False
998,019.Gray_Catbird/Gray_Catbird_0043_21008.jpg,18,43,False
999,019.Gray_Catbird/Gray_Catbird_0032_21551.jpg,18,147,False
1001,019.Gray_Catbird/Gray_Catbird_0039_21040.jpg,18,92,False
1003,019.Gray_Catbird/Gray_Catbird_0069_21065.jpg,18,18,True
1005,019.Gray_Catbird/Gray_Catbird_0013_20562.jpg,18,172,False
1006,019.Gray_Catbird/Gray_Catbird_0019_20567.jpg,18,69,False
1009,019.Gray_Catbird/Gray_Catbird_0130_20328.jpg,18,42,False
1011,019.Gray_Catbird/Gray_Catbird_0028_20598.jpg,18,55,False
1012,019.Gray_Catbird/Gray_Catbird_0022_19585.jpg,18,190,False
1013,019.Gray_Catbird/Gray_Catbird_0031_21635.jpg,18,109,False
1014,019.Gray_Catbird/Gray_Catbird_0075_21125.jpg,18,115,False
1016,019.Gray_Catbird/Gray_Catbird_0102_20644.jpg,18,26,False
1018,019.Gray_Catbird/Gray_Catbird_0060_20656.jpg,18,169,False
1021,019.Gray_Catbird/Gray_Catbird_0101_21178.jpg,18,131,False
1025,019.Gray_Catbird/Gray_Catbird_0053_20694.jpg,18,61,False
1028,019.Gray_Catbird/Gray_Catbird_0104_20716.jpg,18,113,False
1030,019.Gray_Catbird/Gray_Catbird_0092_20735.jpg,18,186,False
1031,019.Gray_Catbird/Gray_Catbird_0024_20739.jpg,18,103,False
1033,019.Gray_Catbird/Gray_Catbird_0113_21270.jpg,18,147,False
1035,019.Gray_Catbird/Gray_Catbird_0007_20186.jpg,18,73,False
1036,019.Gray_Catbird/Gray_Catbird_0139_21281.jpg,18,171,False
1038,019.Gray_Catbird/Gray_Catbird_0049_21311.jpg,18,120,False
1041,019.Gray_Catbird/Gray_Catbird_0105_20864.jpg,18,179,False
1043,019.Gray_Catbird/Gray_Catbird_0002_21395.jpg,18,109,False
1044,019.Gray_Catbird/Gray_Catbird_0057_20979.jpg,18,124,False
1046,019.Gray_Catbird/Gray_Catbird_0008_20430.jpg,18,176,False
1047,019.Gray_Catbird/Gray_Catbird_0138_20945.jpg,18,175,False
1050,019.Gray_Catbird/Gray_Catbird_0044_20955.jpg,18,92,False
1054,019.Gray_Catbird/Gray_Catbird_0071_20974.jpg,18,55,False
1057,020.Yellow_breasted_Chat/Yellow_Breasted_Chat_0029_22017.jpg,19,104,False
1061,020.Yellow_breasted_Chat/Yellow_Breasted_Chat_0010_21777.jpg,19,4,False
1062,020.Yellow_breasted_Chat/Yellow_Breasted_Chat_0063_21783.jpg,19,10,False
1063,020.Yellow_breasted_Chat/Yellow_Breasted_Chat_0109_21796.jpg,19,98,False
1064,020.Yellow_breasted_Chat/Yellow_Breasted_Chat_0048_21797.jpg,19,132,False
1066,020.Yellow_breasted_Chat/Yellow_Breasted_Chat_0011_21820.jpg,19,178,False
1068,020.Yellow_breasted_Chat/Yellow_Breasted_Chat_0084_22082.jpg,19,58,False
1070,020.Yellow_breasted_Chat/Yellow_Breasted_Chat_0072_21830.jpg,19,58,False
1071,020.Yellow_breasted_Chat/Yellow_Breasted_Chat_0095_21832.jpg,19,47,False
1072,020.Yellow_breasted_Chat/Yellow_Breasted_Chat_0066_21839.jpg,19,148,False
1075,020.Yellow_breasted_Chat/Yellow_Breasted_Chat_0091_22111.jpg,19,149,False
1076,020.Yellow_breasted_Chat/Yellow_Breasted_Chat_0008_21856.jpg,19,193,False
1077,020.Yellow_breasted_Chat/Yellow_Breasted_Chat_0002_21819.jpg,19,159,False
1081,020.Yellow_breasted_Chat/Yellow_Breasted_Chat_0035_21870.jpg,19,15,False
1082,020.Yellow_breasted_Chat/Yellow_Breasted_Chat_0110_21871.jpg,19,65,False
1084,020.Yellow_breasted_Chat/Yellow_Breasted_Chat_0086_21877.jpg,19,27,False
1086,020.Yellow_breasted_Chat/Yellow_Breasted_Chat_0085_21899.jpg,19,155,False
1089,020.Yellow_breasted_Chat/Yellow_Breasted_Chat_0081_21829.jpg,19,73,False
1090,020.Yellow_breasted_Chat/Yellow_Breasted_Chat_0023_21664.jpg,19,113,False
1092,020.Yellow_breasted_Chat/Yellow_Breasted_Chat_0001_21928.jpg,19,151,False
1095,020.Yellow_breasted_Chat/Yellow_Breasted_Chat_0041_21683.jpg,19,3,False
1096,020.Yellow_breasted_Chat/Yellow_Breasted_Chat_0088_21686.jpg,19,182,False
1097,020.Yellow_breasted_Chat/Yellow_Breasted_Chat_0022_21944.jpg,19,157,False
1099,020.Yellow_breasted_Chat/Yellow_Breasted_Chat_0087_21695.jpg,19,46,False
1102,020.Yellow_breasted_Chat/Yellow_Breasted_Chat_0034_21955.jpg,19,152,False
1104,020.Yellow_breasted_Chat/Yellow_Breasted_Chat_0030_21964.jpg,19,160,False
1105,020.Yellow_breasted_Chat/Yellow_Breasted_Chat_0061_21967.jpg,19,154,False
1108,020.Yellow_breasted_Chat/Yellow_Breasted_Chat_0017_21719.jpg,19,78,False
1109,020.Yellow_breasted_Chat/Yellow_Breasted_Chat_0079_21978.jpg,19,106,False
1116,021.Eastern_Towhee/Eastern_Towhee_0122_22538.jpg,20,44,False
1117,021.Eastern_Towhee/Eastern_Towhee_0018_22546.jpg,20,19,False
1118,021.Eastern_Towhee/Eastern_Towhee_0110_22549.jpg,20,195,False
1119,021.Eastern_Towhee/Eastern_Towhee_0048_22557.jpg,20,95,False
1127,021.Eastern_Towhee/Eastern_Towhee_0095_22594.jpg,20,30,False
1128,021.Eastern_Towhee/Eastern_Towhee_0086_22611.jpg,20,96,False
1131,021.Eastern_Towhee/Eastern_Towhee_0053_22623.jpg,20,143,False
1132,021.Eastern_Towhee/Eastern_Towhee_0134_22624.jpg,20,157,False
1133,021.Eastern_Towhee/Eastern_Towhee_0091_22629.jpg,20,175,False
1136,021.Eastern_Towhee/Eastern_Towhee_0017_22138.jpg,20,81,False
1137,021.Eastern_Towhee/Eastern_Towhee_0020_22141.jpg,20,61,False
1138,021.Eastern_Towhee/Eastern_Towhee_0067_22142.jpg,20,72,False
1142,021.Eastern_Towhee/Eastern_Towhee_0085_22674.jpg,20,103,False
1143,021.Eastern_Towhee/Eastern_Towhee_0105_22675.jpg,20,35,False
1144,021.Eastern_Towhee/Eastern_Towhee_0098_22676.jpg,20,132,False
1148,021.Eastern_Towhee/Eastern_Towhee_0108_22182.jpg,20,110,False
1150,021.Eastern_Towhee/Eastern_Towhee_0125_22220.jpg,20,105,False
1153,021.Eastern_Towhee/Eastern_Towhee_0112_22231.jpg,20,64,False
1154,021.Eastern_Towhee/Eastern_Towhee_0031_22233.jpg,20,1,False
1158,021.Eastern_Towhee/Eastern_Towhee_0015_22275.jpg,20,158,False
1159,021.Eastern_Towhee/Eastern_Towhee_0022_22279.jpg,20,31,False
1160,021.Eastern_Towhee/Eastern_Towhee_0080_22303.jpg,20,126,False
1161,021.Eastern_Towhee/Eastern_Towhee_0115_22304.jpg,20,112,False
1162,021.Eastern_Towhee/Eastern_Towhee_0001_22314.jpg,20,4,False
1164,021.Eastern_Towhee/Eastern_Towhee_0121_22319.jpg,20,5,False
1168,021.Eastern_Towhee/Eastern_Towhee_0049_22357.jpg,20,109,False
1169,021.Eastern_Towhee/Eastern_Towhee_0129_22358.jpg,20,188,False
1170,021.Eastern_Towhee/Eastern_Towhee_0014_22367.jpg,20,145,False
1172,021.Eastern_Towhee/Eastern_Towhee_0024_22382.jpg,20,176,False
1174,021.Eastern_Towhee/Eastern_Towhee_0062_22418.jpg,20,132,False
1176,022.Chuck_will_Widow/Chuck_Will_Widow_0033_22792.jpg,21,179,False
1177,022.Chuck_will_Widow/Chuck_Will_Widow_0045_22798.jpg,21,132,False
1178,022.Chuck_will_Widow/Chuck_Will_Widow_0032_22802.jpg,21,130,False
1179,022.Chuck_will_Widow/Chuck_Will_Widow_0019_22806.jpg,21,35,False
1180,022.Chuck_will_Widow/Chuck_Will_Widow_0021_796952.jpg,21,96,False
1182,022.Chuck_will_Widow/Chuck_Will_Widow_0011_796954.jpg,21,15,False
1183,022.Chuck_will_Widow/Chuck_Will_Widow_0009_796955.jpg,21,26,False
1190,022.Chuck_will_Widow/Chuck_Will_Widow_0015_796962.jpg,21,108,False
1192,022.Chuck_will_Widow/Chuck_Will_Widow_0010_796964.jpg,21,35,False
1193,022.Chuck_will_Widow/Chuck_Will_Widow_0020_796965.jpg,21,79,False
1195,022.Chuck_will_Widow/Chuck_Will_Widow_0022_796967.jpg,21,150,False
1199,022.Chuck_will_Widow/Chuck_Will_Widow_0047_796971.jpg,21,173,False
1200,022.Chuck_will_Widow/Chuck_Will_Widow_0025_796972.jpg,21,3,False
1206,022.Chuck_will_Widow/Chuck_Will_Widow_0027_796978.jpg,21,175,False
1209,022.Chuck_will_Widow/Chuck_Will_Widow_0031_796981.jpg,21,18,False
1211,022.Chuck_will_Widow/Chuck_Will_Widow_0042_796983.jpg,21,74,False
1212,022.Chuck_will_Widow/Chuck_Will_Widow_0052_796984.jpg,21,89,False
1215,022.Chuck_will_Widow/Chuck_Will_Widow_0014_796987.jpg,21,113,False
1216,022.Chuck_will_Widow/Chuck_Will_Widow_0028_796988.jpg,21,104,False
1217,022.Chuck_will_Widow/Chuck_Will_Widow_0038_796989.jpg,21,43,False
1218,022.Chuck_will_Widow/Chuck_Will_Widow_0051_796991.jpg,21,21,True
1220,022.Chuck_will_Widow/Chuck_Will_Widow_0030_796994.jpg,21,161,False
1223,022.Chuck_will_Widow/Chuck_Will_Widow_0041_796997.jpg,21,109,False
1225,022.Chuck_will_Widow/Chuck_Will_Widow_0058_796999.jpg,21,168,False
1226,022.Chuck_will_Widow/Chuck_Will_Widow_0039_797000.jpg,21,104,False
1230,022.Chuck_will_Widow/Chuck_Will_Widow_0029_22751.jpg,21,47,False
1234,023.Brandt_Cormorant/Brandt_Cormorant_0019_23058.jpg,22,21,False
1235,023.Brandt_Cormorant/Brandt_Cormorant_0092_23061.jpg,22,4,False
1237,023.Brandt_Cormorant/Brandt_Cormorant_0002_23072.jpg,22,52,False
1240,023.Brandt_Cormorant/Brandt_Cormorant_0018_23090.jpg,22,184,False
1243,023.Brandt_Cormorant/Brandt_Cormorant_0052_23356.jpg,22,45,False
1244,023.Brandt_Cormorant/Brandt_Cormorant_0064_22849.jpg,22,85,False
1247,023.Brandt_Cormorant/Brandt_Cormorant_0065_23118.jpg,22,118,False
1249,023.Brandt_Cormorant/Brandt_Cormorant_0079_22874.jpg,22,21,False
1254,023.Brandt_Cormorant/Brandt_Cormorant_0001_23398.jpg,22,146,False
1255,023.Brandt_Cormorant/Brandt_Cormorant_0040_23144.jpg,22,31,False
1257,023.Brandt_Cormorant/Brandt_Cormorant_0028_22892.jpg,22,63,False
1258,023.Brandt_Cormorant/Brandt_Cormorant_0042_23151.jpg,22,7,False
1261,023.Brandt_Cormorant/Brandt_Cormorant_0061_22902.jpg,22,147,False
1262,023.Brandt_Cormorant/Brandt_Cormorant_0026_22913.jpg,22,85,False
1264,023.Brandt_Cormorant/Brandt_Cormorant_0003_22922.jpg,22,43,False
1265,023.Brandt_Cormorant/Brandt_Cormorant_0049_22924.jpg,22,184,False
1266,023.Brandt_Cormorant/Brandt_Cormorant_0030_22926.jpg,22,35,False
1267,023.Brandt_Cormorant/Brandt_Cormorant_0007_22934.jpg,22,4,False
1268,023.Brandt_Cormorant/Brandt_Cormorant_0036_22937.jpg,22,49,False
1269,023.Brandt_Cormorant/Brandt_Cormorant_0091_22825.jpg,22,112,False
1271,023.Brandt_Cormorant/Brandt_Cormorant_0039_22945.jpg,22,123,False
1272,023.Brandt_Cormorant/Brandt_Cormorant_0078_23203.jpg,22,89,False
1273,023.Brandt_Cormorant/Brandt_Cormorant_0053_22957.jpg,22,125,False
1275,023.Brandt_Cormorant/Brandt_Cormorant_0033_22975.jpg,22,93,False
1281,023.Brandt_Cormorant/Brandt_Cormorant_0088_22948.jpg,22,164,False
1283,023.Brandt_Cormorant/Brandt_Cormorant_0073_23259.jpg,22,108,False
1284,023.Brandt_Cormorant/Brandt_Cormorant_0071_23007.jpg,22,161,False
1285,023.Brandt_Cormorant/Brandt_Cormorant_0084_23265.jpg,22,92,False
1289,023.Brandt_Cormorant/Brandt_Cormorant_0047_23337.jpg,22,26,False
1292,024.Red_faced_Cormorant/Red_Faced_Cormorant_0026_796289.jpg,23,107,False
1293,024.Red_faced_Cormorant/Red_Faced_Cormorant_0021_796265.jpg,23,194,False
1295,024.Red_faced_Cormorant/Red_Faced_Cormorant_0003_796270.jpg,23,107,False
1297,024.Red_faced_Cormorant/Red_Faced_Cormorant_0069_796274.jpg,23,198,False
1301,024.Red_faced_Cormorant/Red_Faced_Cormorant_0013_796278.jpg,23,154,False
1304,024.Red_faced_Cormorant/Red_Faced_Cormorant_0063_796284.jpg,23,6,False
1305,024.Red_faced_Cormorant/Red_Faced_Cormorant_0024_796285.jpg,23,123,False
1306,024.Red_faced_Cormorant/Red_Faced_Cormorant_0057_796286.jpg,23,4,False
1313,024.Red_faced_Cormorant/Red_Faced_Cormorant_0054_796301.jpg,23,109,False
1315,024.Red_faced_Cormorant/Red_Faced_Cormorant_0025_796306.jpg,23,106,False
1316,024.Red_faced_Cormorant/Red_Faced_Cormorant_0015_796307.jpg,23,58,False
1317,024.Red_faced_Cormorant/Red_Faced_Cormorant_0039_796308.jpg,23,90,False
1319,024.Red_faced_Cormorant/Red_Faced_Cormorant_0038_796313.jpg,23,150,False
1321,024.Red_faced_Cormorant/Red_Faced_Cormorant_0058_796315.jpg,23,63,False
1323,024.Red_faced_Cormorant/Red_Faced_Cormorant_0020_796318.jpg,23,106,False
1325,024.Red_faced_Cormorant/Red_Faced_Cormorant_0068_796321.jpg,23,105,False
1330,024.Red_faced_Cormorant/Red_Faced_Cormorant_0001_796327.jpg,23,58,False
1333,024.Red_faced_Cormorant/Red_Faced_Cormorant_0047_796330.jpg,23,12,False
1335,024.Red_faced_Cormorant/Red_Faced_Cormorant_0066_796333.jpg,23,125,False
1339,024.Red_faced_Cormorant/Red_Faced_Cormorant_0027_23482.jpg,23,78,False
1341,024.Red_faced_Cormorant/Red_Faced_Cormorant_0010_23421.jpg,23,131,False
1342,024.Red_faced_Cormorant/Red_Faced_Cormorant_0023_796328.jpg,23,8,False
1345,025.Pelagic_Cormorant/Pelagic_Cormorant_0009_23561.jpg,24,73,False
1347,025.Pelagic_Cormorant/Pelagic_Cormorant_0032_23570.jpg,24,85,False
1348,025.Pelagic_Cormorant/Pelagic_Cormorant_0070_23513.jpg,24,58,False
1350,025.Pelagic_Cormorant/Pelagic_Cormorant_0063_23515.jpg,24,113,False
1351,025.Pelagic_Cormorant/Pelagic_Cormorant_0046_23588.jpg,24,31,False
1352,025.Pelagic_Cormorant/Pelagic_Cormorant_0036_23503.jpg,24,98,False
1356,025.Pelagic_Cormorant/Pelagic_Cormorant_0071_23964.jpg,24,179,False
1359,025.Pelagic_Cormorant/Pelagic_Cormorant_0042_23522.jpg,24,89,False
1364,025.Pelagic_Cormorant/Pelagic_Cormorant_0092_23639.jpg,24,60,False
1367,025.Pelagic_Cormorant/Pelagic_Cormorant_0075_23645.jpg,24,0,False
1371,025.Pelagic_Cormorant/Pelagic_Cormorant_0002_23680.jpg,24,82,False
1372,025.Pelagic_Cormorant/Pelagic_Cormorant_0003_23695.jpg,24,136,False
1373,025.Pelagic_Cormorant/Pelagic_Cormorant_0010_23711.jpg,24,60,False
1376,025.Pelagic_Cormorant/Pelagic_Cormorant_0049_23714.jpg,24,23,False
1379,025.Pelagic_Cormorant/Pelagic_Cormorant_0005_23720.jpg,24,59,False
1382,025.Pelagic_Cormorant/Pelagic_Cormorant_0030_23732.jpg,24,52,False
1385,025.Pelagic_Cormorant/Pelagic_Cormorant_0041_23763.jpg,24,22,False
1386,025.Pelagic_Cormorant/Pelagic_Cormorant_0016_23509.jpg,24,61,False
1387,025.Pelagic_Cormorant/Pelagic_Cormorant_0074_23511.jpg,24,87,False
1388,025.Pelagic_Cormorant/Pelagic_Cormorant_0082_23844.jpg,24,63,False
1390,025.Pelagic_Cormorant/Pelagic_Cormorant_0096_23775.jpg,24,6,False
1391,025.Pelagic_Cormorant/Pelagic_Cormorant_0025_23776.jpg,24,1,False
1392,025.Pelagic_Cormorant/Pelagic_Cormorant_0102_23778.jpg,24,24,True
1393,025.Pelagic_Cormorant/Pelagic_Cormorant_0076_23523.jpg,24,107,False
1394,025.Pelagic_Cormorant/Pelagic_Cormorant_0098_23783.jpg,24,103,False
1395,025.Pelagic_Cormorant/Pelagic_Cormorant_0099_23784.jpg,24,89,False
1396,025.Pelagic_Cormorant/Pelagic_Cormorant_0073_23785.jpg,24,49,False
1397,025.Pelagic_Cormorant/Pelagic_Cormorant_0033_23530.jpg,24,147,False
1399,025.Pelagic_Cormorant/Pelagic_Cormorant_0001_23538.jpg,24,7,False
1400,025.Pelagic_Cormorant/Pelagic_Cormorant_0014_23801.jpg,24,45,False
1409,026.Bronzed_Cowbird/Bronzed_Cowbird_0051_24083.jpg,25,177,False
1410,026.Bronzed_Cowbird/Bronzed_Cowbird_0030_24103.jpg,25,8,False
1411,026.Bronzed_Cowbird/Bronzed_Cowbird_0034_796209.jpg,25,103,False
1412,026.Bronzed_Cowbird/Bronzed_Cowbird_0091_796212.jpg,25,130,False
1413,026.Bronzed_Cowbird/Bronzed_Cowbird_0025_796213.jpg,25,25,True
1416,026.Bronzed_Cowbird/Bronzed_Cowbird_0046_796218.jpg,25,47,False
1419,026.Bronzed_Cowbird/Bronzed_Cowbird_0022_796221.jpg,25,123,False
1421,026.Bronzed_Cowbird/Bronzed_Cowbird_0087_796223.jpg,25,106,False
1422,026.Bronzed_Cowbird/Bronzed_Cowbird_0043_796224.jpg,25,28,False
1423,026.Bronzed_Cowbird/Bronzed_Cowbird_0073_796226.jpg,25,155,False
1424,026.Bronzed_Cowbird/Bronzed_Cowbird_0013_24131.jpg,25,19,False
1425,026.Bronzed_Cowbird/Bronzed_Cowbird_0026_796229.jpg,25,148,False
1427,026.Bronzed_Cowbird/Bronzed_Cowbird_0061_796232.jpg,25,106,False
1430,026.Bronzed_Cowbird/Bronzed_Cowbird_0076_796235.jpg,25,167,False
1431,026.Bronzed_Cowbird/Bronzed_Cowbird_0020_796237.jpg,25,103,False
1432,026.Bronzed_Cowbird/Bronzed_Cowbird_0062_796238.jpg,25,57,False
1433,026.Bronzed_Cowbird/Bronzed_Cowbird_0058_796239.jpg,25,163,False
1434,026.Bronzed_Cowbird/Bronzed_Cowbird_0010_24146.jpg,25,112,False
1435,026.Bronzed_Cowbird/Bronzed_Cowbird_0049_24147.jpg,25,171,False
1437,026.Bronzed_Cowbird/Bronzed_Cowbird_0003_796246.jpg,25,75,False
1442,026.Bronzed_Cowbird/Bronzed_Cowbird_0078_796262.jpg,25,113,False
1443,026.Bronzed_Cowbird/Bronzed_Cowbird_0024_24167.jpg,25,182,False
1446,026.Bronzed_Cowbird/Bronzed_Cowbird_0082_24175.jpg,25,31,False
1448,026.Bronzed_Cowbird/Bronzed_Cowbird_0021_24189.jpg,25,107,False
1449,026.Bronzed_Cowbird/Bronzed_Cowbird_0081_24198.jpg,25,100,False
1450,026.Bronzed_Cowbird/Bronzed_Cowbird_0064_24199.jpg,25,139,False
1451,026.Bronzed_Cowbird/Bronzed_Cowbird_0031_24139.jpg,25,30,False
1454,026.Bronzed_Cowbird/Bronzed_Cowbird_0019_796242.jpg,25,146,False
1457,026.Bronzed_Cowbird/Bronzed_Cowbird_0037_24032.jpg,25,55,False
1462,026.Bronzed_Cowbird/Bronzed_Cowbird_0016_796245.jpg,25,150,False
1463,027.Shiny_Cowbird/Shiny_Cowbird_0056_24321.jpg,26,58,False
1467,027.Shiny_Cowbird/Shiny_Cowbird_0057_24345.jpg,26,53,False
1471,027.Shiny_Cowbird/Shiny_Cowbird_0039_24359.jpg,26,113,False
1473,027.Shiny_Cowbird/Shiny_Cowbird_0029_24372.jpg,26,18,False
1477,027.Shiny_Cowbird/Shiny_Cowbird_0067_24392.jpg,26,87,False
1478,027.Shiny_Cowbird/Shiny_Cowbird_0079_24399.jpg,26,187,False
1479,027.Shiny_Cowbird/Shiny_Cowbird_0012_24249.jpg,26,28,False
1480,027.Shiny_Cowbird/Shiny_Cowbird_0068_24413.jpg,26,40,False
1481,027.Shiny_Cowbird/Shiny_Cowbird_0059_24421.jpg,26,21,False
1482,027.Shiny_Cowbird/Shiny_Cowbird_0007_24434.jpg,26,30,False
1483,027.Shiny_Cowbird/Shiny_Cowbird_0051_24438.jpg,26,107,False
1485,027.Shiny_Cowbird/Shiny_Cowbird_0037_24440.jpg,26,155,False
1487,027.Shiny_Cowbird/Shiny_Cowbird_0030_24206.jpg,26,45,False
1490,027.Shiny_Cowbird/Shiny_Cowbird_0018_796830.jpg,26,34,False
1492,027.Shiny_Cowbird/Shiny_Cowbird_0081_796833.jpg,26,131,False
1494,027.Shiny_Cowbird/Shiny_Cowbird_0009_796835.jpg,26,109,False
1495,027.Shiny_Cowbird/Shiny_Cowbird_0035_796837.jpg,26,33,False
1496,027.Shiny_Cowbird/Shiny_Cowbird_0085_796839.jpg,26,22,False
1497,027.Shiny_Cowbird/Shiny_Cowbird_0004_796841.jpg,26,94,False
1498,027.Shiny_Cowbird/Shiny_Cowbird_0078_796846.jpg,26,9,False
1502,027.Shiny_Cowbird/Shiny_Cowbird_0027_796850.jpg,26,191,False
1503,027.Shiny_Cowbird/Shiny_Cowbird_0031_796851.jpg,26,193,False
1506,027.Shiny_Cowbird/Shiny_Cowbird_0043_796857.jpg,26,144,False
1507,027.Shiny_Cowbird/Shiny_Cowbird_0015_796858.jpg,26,188,False
1513,027.Shiny_Cowbird/Shiny_Cowbird_0080_796875.jpg,26,133,False
1517,027.Shiny_Cowbird/Shiny_Cowbird_0020_24276.jpg,26,43,False
1518,027.Shiny_Cowbird/Shiny_Cowbird_0082_24279.jpg,26,184,False
1520,027.Shiny_Cowbird/Shiny_Cowbird_0005_796873.jpg,26,23,False
1521,027.Shiny_Cowbird/Shiny_Cowbird_0032_24284.jpg,26,110,False
1522,027.Shiny_Cowbird/Shiny_Cowbird_0074_24297.jpg,26,78,False
1524,028.Brown_Creeper/Brown_Creeper_0093_24581.jpg,27,39,False
1525,028.Brown_Creeper/Brown_Creeper_0123_24589.jpg,27,25,False
1526,028.Brown_Creeper/Brown_Creeper_0111_24590.jpg,27,58,False
1529,028.Brown_Creeper/Brown_Creeper_0069_24618.jpg,27,32,False
1531,028.Brown_Creeper/Brown_Creeper_0079_24647.jpg,27,45,False
1534,028.Brown_Creeper/Brown_Creeper_0005_24659.jpg,27,182,False
1536,028.Brown_Creeper/Brown_Creeper_0104_24698.jpg,27,155,False
1538,028.Brown_Creeper/Brown_Creeper_0027_24729.jpg,27,19,False
1539,028.Brown_Creeper/Brown_Creeper_0088_24731.jpg,27,104,False
1542,028.Brown_Creeper/Brown_Creeper_0107_24827.jpg,27,109,False
1545,028.Brown_Creeper/Brown_Creeper_0089_24841.jpg,27,18,False
1546,028.Brown_Creeper/Brown_Creeper_0004_24851.jpg,27,121,False
1550,028.Brown_Creeper/Brown_Creeper_0029_24912.jpg,27,21,False
1551,028.Brown_Creeper/Brown_Creeper_0065_24464.jpg,27,18,False
1553,028.Brown_Creeper/Brown_Creeper_0085_24938.jpg,27,192,False
1555,028.Brown_Creeper/Brown_Creeper_0035_24941.jpg,27,186,False
1556,028.Brown_Creeper/Brown_Creeper_0075_24947.jpg,27,187,False
1558,028.Brown_Creeper/Brown_Creeper_0012_24956.jpg,27,22,False
1559,028.Brown_Creeper/Brown_Creeper_0001_24449.jpg,27,79,False
1560,028.Brown_Creeper/Brown_Creeper_0124_24963.jpg,27,198,False
1561,028.Brown_Creeper/Brown_Creeper_0056_24452.jpg,27,121,False
1563,028.Brown_Creeper/Brown_Creeper_0046_24463.jpg,27,41,False
1566,028.Brown_Creeper/Brown_Creeper_0051_24468.jpg,27,7,False
1568,028.Brown_Creeper/Brown_Creeper_0101_24987.jpg,27,90,False
1570,028.Brown_Creeper/Brown_Creeper_0031_24999.jpg,27,154,False
1575,028.Brown_Creeper/Brown_Creeper_0006_25034.jpg,27,27,True
1576,028.Brown_Creeper/Brown_Creeper_0057_24529.jpg,27,19,False
1577,028.Brown_Creeper/Brown_Creeper_0073_24546.jpg,27,46,False
1580,028.Brown_Creeper/Brown_Creeper_0102_25000.jpg,27,135,False
1583,029.American_Crow/American_Crow_0030_25092.jpg,28,74,False
1593,029.American_Crow/American_Crow_0021_25137.jpg,28,22,False
1594,029.American_Crow/American_Crow_0027_25146.jpg,28,109,False
1596,029.American_Crow/American_Crow_0011_25151.jpg,28,150,False
1597,029.American_Crow/American_Crow_0043_25666.jpg,28,56,False
1600,029.American_Crow/American_Crow_0139_25186.jpg,28,96,False
1602,029.American_Crow/American_Crow_0131_25706.jpg,28,178,False
1605,029.American_Crow/American_Crow_0122_25200.jpg,28,10,False
1606,029.American_Crow/American_Crow_0053_25203.jpg,28,57,False
1607,029.American_Crow/American_Crow_0099_25717.jpg,28,99,False
1609,029.American_Crow/American_Crow_0121_25720.jpg,28,103,False
1610,029.American_Crow/American_Crow_0080_25220.jpg,28,39,False
1611,029.American_Crow/American_Crow_0137_25221.jpg,28,108,False
1612,029.American_Crow/American_Crow_0050_25255.jpg,28,28,True
1613,029.American_Crow/American_Crow_0085_25260.jpg,28,103,False
1614,029.American_Crow/American_Crow_0105_25283.jpg,28,133,False
1615,029.American_Crow/American_Crow_0014_25287.jpg,28,110,False
1616,029.American_Crow/American_Crow_0088_25303.jpg,28,25,False
1618,029.American_Crow/American_Crow_0004_25819.jpg,28,84,False
1625,029.American_Crow/American_Crow_0127_25412.jpg,28,21,False
1626,029.American_Crow/American_Crow_0066_25827.jpg,28,60,False
1627,029.American_Crow/American_Crow_0031_25433.jpg,28,124,False
1628,029.American_Crow/American_Crow_0067_25443.jpg,28,138,False
1629,029.American_Crow/American_Crow_0079_25463.jpg,28,138,False
1630,029.American_Crow/American_Crow_0051_25505.jpg,28,143,False
1631,029.American_Crow/American_Crow_0069_25506.jpg,28,196,False
1633,029.American_Crow/American_Crow_0110_25541.jpg,28,44,False
1634,029.American_Crow/American_Crow_0001_25053.jpg,28,64,False
1636,029.American_Crow/American_Crow_0048_25062.jpg,28,135,False
1640,029.American_Crow/American_Crow_0104_25086.jpg,28,166,False
1643,030.Fish_Crow/Fish_Crow_0080_25861.jpg,29,115,False
1644,030.Fish_Crow/Fish_Crow_0059_25864.jpg,29,133,False
1646,030.Fish_Crow/Fish_Crow_0067_26124.jpg,29,85,False
1648,030.Fish_Crow/Fish_Crow_0018_25879.jpg,29,5,False
1649,030.Fish_Crow/Fish_Crow_0041_25887.jpg,29,50,False
1651,030.Fish_Crow/Fish_Crow_0034_25891.jpg,29,59,False
1652,030.Fish_Crow/Fish_Crow_0042_26148.jpg,29,58,False
1655,030.Fish_Crow/Fish_Crow_0031_25909.jpg,29,159,False
1656,030.Fish_Crow/Fish_Crow_0036_25911.jpg,29,126,False
1659,030.Fish_Crow/Fish_Crow_0085_25919.jpg,29,8,False
1660,030.Fish_Crow/Fish_Crow_0071_25155.jpg,29,17,False
1661,030.Fish_Crow/Fish_Crow_0040_25158.jpg,29,134,False
1662,030.Fish_Crow/Fish_Crow_0051_25934.jpg,29,22,False
1664,030.Fish_Crow/Fish_Crow_0013_25939.jpg,29,188,False
1665,030.Fish_Crow/Fish_Crow_0065_25942.jpg,29,1,False
1666,030.Fish_Crow/Fish_Crow_0072_25945.jpg,29,133,False
1667,030.Fish_Crow/Fish_Crow_0012_25946.jpg,29,37,False
1673,030.Fish_Crow/Fish_Crow_0073_25977.jpg,29,58,False
1678,030.Fish_Crow/Fish_Crow_0082_26012.jpg,29,155,False
1679,030.Fish_Crow/Fish_Crow_0032_26014.jpg,29,59,False
1682,030.Fish_Crow/Fish_Crow_0061_25884.jpg,29,193,False
1683,030.Fish_Crow/Fish_Crow_0020_26027.jpg,29,26,False
1692,030.Fish_Crow/Fish_Crow_0053_26067.jpg,29,151,False
1693,030.Fish_Crow/Fish_Crow_0047_26070.jpg,29,102,False
1694,030.Fish_Crow/Fish_Crow_0037_26071.jpg,29,26,False
1695,030.Fish_Crow/Fish_Crow_0002_26072.jpg,29,177,False
1696,030.Fish_Crow/Fish_Crow_0055_26077.jpg,29,110,False
1697,030.Fish_Crow/Fish_Crow_0035_26081.jpg,29,120,False
1698,030.Fish_Crow/Fish_Crow_0063_26094.jpg,29,49,False
1700,030.Fish_Crow/Fish_Crow_0056_25851.jpg,29,77,False
1702,031.Black_billed_Cuckoo/Black_Billed_Cuckoo_0071_26288.jpg,30,7,False
1705,031.Black_billed_Cuckoo/Black_Billed_Cuckoo_0032_26292.jpg,30,121,False
1708,031.Black_billed_Cuckoo/Black_Billed_Cuckoo_0076_26177.jpg,30,33,False
1710,031.Black_billed_Cuckoo/Black_Billed_Cuckoo_0051_795318.jpg,30,48,False
1712,031.Black_billed_Cuckoo/Black_Billed_Cuckoo_0045_26194.jpg,30,32,False
1713,031.Black_billed_Cuckoo/Black_Billed_Cuckoo_0065_26203.jpg,30,40,False
1715,031.Black_billed_Cuckoo/Black_Billed_Cuckoo_0015_26208.jpg,30,73,False
1718,031.Black_billed_Cuckoo/Black_Billed_Cuckoo_0018_26218.jpg,30,16,False
1719,031.Black_billed_Cuckoo/Black_Billed_Cuckoo_0017_26221.jpg,30,29,False
1722,031.Black_billed_Cuckoo/Black_Billed_Cuckoo_0052_26232.jpg,30,11,False
1723,031.Black_billed_Cuckoo/Black_Billed_Cuckoo_0006_26233.jpg,30,181,False
1725,031.Black_billed_Cuckoo/Black_Billed_Cuckoo_0030_26240.jpg,30,62,False
1728,031.Black_billed_Cuckoo/Black_Billed_Cuckoo_0044_26243.jpg,30,151,False
1729,031.Black_billed_Cuckoo/Black_Billed_Cuckoo_0091_26246.jpg,30,56,False
1730,031.Black_billed_Cuckoo/Black_Billed_Cuckoo_0023_26258.jpg,30,75,False
1733,031.Black_billed_Cuckoo/Black_Billed_Cuckoo_0085_795294.jpg,30,38,False
1736,031.Black_billed_Cuckoo/Black_Billed_Cuckoo_0073_795304.jpg,30,154,False
1737,031.Black_billed_Cuckoo/Black_Billed_Cuckoo_0008_795305.jpg,30,105,False
1738,031.Black_billed_Cuckoo/Black_Billed_Cuckoo_0095_795307.jpg,30,10,False
1739,031.Black_billed_Cuckoo/Black_Billed_Cuckoo_0042_795308.jpg,30,3,False
1743,031.Black_billed_Cuckoo/Black_Billed_Cuckoo_0083_795315.jpg,30,10,False
1745,031.Black_billed_Cuckoo/Black_Billed_Cuckoo_0022_795319.jpg,30,146,False
1746,031.Black_billed_Cuckoo/Black_Billed_Cuckoo_0034_795320.jpg,30,119,False
1748,031.Black_billed_Cuckoo/Black_Billed_Cuckoo_0089_795322.jpg,30,129,False
1750,031.Black_billed_Cuckoo/Black_Billed_Cuckoo_0043_795324.jpg,30,117,False
1753,031.Black_billed_Cuckoo/Black_Billed_Cuckoo_0046_795328.jpg,30,183,False
1755,031.Black_billed_Cuckoo/Black_Billed_Cuckoo_0037_795330.jpg,30,25,False
1756,031.Black_billed_Cuckoo/Black_Billed_Cuckoo_0024_795331.jpg,30,198,False
1760,031.Black_billed_Cuckoo/Black_Billed_Cuckoo_0027_26319.jpg,30,166,False
1761,031.Black_billed_Cuckoo/Black_Billed_Cuckoo_0007_26320.jpg,30,120,False
1768,032.Mangrove_Cuckoo/Mangrove_Cuckoo_0024_794630.jpg,31,132,False
1771,032.Mangrove_Cuckoo/Mangrove_Cuckoo_0040_26378.jpg,31,84,False
1776,032.Mangrove_Cuckoo/Mangrove_Cuckoo_0037_26389.jpg,31,11,False
1777,032.Mangrove_Cuckoo/Mangrove_Cuckoo_0053_26390.jpg,31,187,False
1780,032.Mangrove_Cuckoo/Mangrove_Cuckoo_0010_26399.jpg,31,108,False
1782,032.Mangrove_Cuckoo/Mangrove_Cuckoo_0011_26406.jpg,31,86,False
1783,032.Mangrove_Cuckoo/Mangrove_Cuckoo_0023_26409.jpg,31,84,False
1784,032.Mangrove_Cuckoo/Mangrove_Cuckoo_0002_26410.jpg,31,183,False
1785,032.Mangrove_Cuckoo/Mangrove_Cuckoo_0049_794631.jpg,31,15,False
1786,032.Mangrove_Cuckoo/Mangrove_Cuckoo_0009_26354.jpg,31,31,True
1788,032.Mangrove_Cuckoo/Mangrove_Cuckoo_0030_26350.jpg,31,67,False
1791,032.Mangrove_Cuckoo/Mangrove_Cuckoo_0018_794593.jpg,31,174,False
1793,032.Mangrove_Cuckoo/Mangrove_Cuckoo_0035_794595.jpg,31,73,False
1796,032.Mangrove_Cuckoo/Mangrove_Cuckoo_0001_794601.jpg,31,7,False
1797,032.Mangrove_Cuckoo/Mangrove_Cuckoo_0021_794602.jpg,31,19,False
1798,032.Mangrove_Cuckoo/Mangrove_Cuckoo_0032_794603.jpg,31,37,False
1799,032.Mangrove_Cuckoo/Mangrove_Cuckoo_0047_794604.jpg,31,145,False
1800,032.Mangrove_Cuckoo/Mangrove_Cuckoo_0043_794605.jpg,31,99,False
1804,032.Mangrove_Cuckoo/Mangrove_Cuckoo_0026_794609.jpg,31,198,False
1805,032.Mangrove_Cuckoo/Mangrove_Cuckoo_0007_794610.jpg,31,148,False
1807,032.Mangrove_Cuckoo/Mangrove_Cuckoo_0008_26357.jpg,31,73,False
1811,032.Mangrove_Cuckoo/Mangrove_Cuckoo_0003_794619.jpg,31,48,False
1814,032.Mangrove_Cuckoo/Mangrove_Cuckoo_0017_794623.jpg,31,90,False
1816,033.Yellow_billed_Cuckoo/Yellow_Billed_Cuckoo_0023_26637.jpg,32,154,False
1819,033.Yellow_billed_Cuckoo/Yellow_Billed_Cuckoo_0117_26651.jpg,32,31,False
1822,033.Yellow_billed_Cuckoo/Yellow_Billed_Cuckoo_0078_26888.jpg,32,128,False
1826,033.Yellow_billed_Cuckoo/Yellow_Billed_Cuckoo_0005_26684.jpg,32,100,False
1828,033.Yellow_billed_Cuckoo/Yellow_Billed_Cuckoo_0060_26686.jpg,32,143,False
1829,033.Yellow_billed_Cuckoo/Yellow_Billed_Cuckoo_0007_26687.jpg,32,64,False
1832,033.Yellow_billed_Cuckoo/Yellow_Billed_Cuckoo_0061_26692.jpg,32,186,False
1836,033.Yellow_billed_Cuckoo/Yellow_Billed_Cuckoo_0012_26712.jpg,32,176,False
1838,033.Yellow_billed_Cuckoo/Yellow_Billed_Cuckoo_0090_26714.jpg,32,125,False
1840,033.Yellow_billed_Cuckoo/Yellow_Billed_Cuckoo_0074_26466.jpg,32,18,False
1843,033.Yellow_billed_Cuckoo/Yellow_Billed_Cuckoo_0053_26738.jpg,32,132,False
1844,033.Yellow_billed_Cuckoo/Yellow_Billed_Cuckoo_0073_26744.jpg,32,121,False
1845,033.Yellow_billed_Cuckoo/Yellow_Billed_Cuckoo_0077_26431.jpg,32,157,False
1846,033.Yellow_billed_Cuckoo/Yellow_Billed_Cuckoo_0043_26492.jpg,32,54,False
1847,033.Yellow_billed_Cuckoo/Yellow_Billed_Cuckoo_0014_26754.jpg,32,146,False
1848,033.Yellow_billed_Cuckoo/Yellow_Billed_Cuckoo_0098_26501.jpg,32,128,False
1851,033.Yellow_billed_Cuckoo/Yellow_Billed_Cuckoo_0033_26521.jpg,32,74,False
1853,033.Yellow_billed_Cuckoo/Yellow_Billed_Cuckoo_0018_26535.jpg,32,65,False
1856,033.Yellow_billed_Cuckoo/Yellow_Billed_Cuckoo_0003_26797.jpg,32,118,False
1857,033.Yellow_billed_Cuckoo/Yellow_Billed_Cuckoo_0116_26544.jpg,32,70,False
1859,033.Yellow_billed_Cuckoo/Yellow_Billed_Cuckoo_0119_26550.jpg,32,93,False
1861,033.Yellow_billed_Cuckoo/Yellow_Billed_Cuckoo_0088_26812.jpg,32,121,False
1862,033.Yellow_billed_Cuckoo/Yellow_Billed_Cuckoo_0104_26814.jpg,32,187,False
1865,033.Yellow_billed_Cuckoo/Yellow_Billed_Cuckoo_0024_26832.jpg,32,141,False
1866,033.Yellow_billed_Cuckoo/Yellow_Billed_Cuckoo_0006_26578.jpg,32,73,False
1867,033.Yellow_billed_Cuckoo/Yellow_Billed_Cuckoo_0107_26838.jpg,32,74,False
1869,033.Yellow_billed_Cuckoo/Yellow_Billed_Cuckoo_0066_26600.jpg,32,162,False
1871,033.Yellow_billed_Cuckoo/Yellow_Billed_Cuckoo_0029_26865.jpg,32,32,True
1873,033.Yellow_billed_Cuckoo/Yellow_Billed_Cuckoo_0067_26878.jpg,32,74,False
1874,034.Gray_crowned_Rosy_Finch/Gray_Crowned_Rosy_Finch_0078_27136.jpg,33,184,False
1876,034.Gray_crowned_Rosy_Finch/Gray_Crowned_Rosy_Finch_0027_27153.jpg,33,48,False
1882,034.Gray_crowned_Rosy_Finch/Gray_Crowned_Rosy_Finch_0019_27192.jpg,33,173,False
1884,034.Gray_crowned_Rosy_Finch/Gray_Crowned_Rosy_Finch_0076_27200.jpg,33,84,False
1885,034.Gray_crowned_Rosy_Finch/Gray_Crowned_Rosy_Finch_0009_26977.jpg,33,156,False
1887,034.Gray_crowned_Rosy_Finch/Gray_Crowned_Rosy_Finch_0018_26978.jpg,33,84,False
1888,034.Gray_crowned_Rosy_Finch/Gray_Crowned_Rosy_Finch_0067_797289.jpg,33,181,False
1890,034.Gray_crowned_Rosy_Finch/Gray_Crowned_Rosy_Finch_0004_797272.jpg,33,38,False
1891,034.Gray_crowned_Rosy_Finch/Gray_Crowned_Rosy_Finch_0048_27236.jpg,33,152,False
1893,034.Gray_crowned_Rosy_Finch/Gray_Crowned_Rosy_Finch_0053_797276.jpg,33,91,False
1894,034.Gray_crowned_Rosy_Finch/Gray_Crowned_Rosy_Finch_0007_797278.jpg,33,82,False
1896,034.Gray_crowned_Rosy_Finch/Gray_Crowned_Rosy_Finch_0083_797281.jpg,33,158,False
1900,034.Gray_crowned_Rosy_Finch/Gray_Crowned_Rosy_Finch_0036_797287.jpg,33,2,False
1901,034.Gray_crowned_Rosy_Finch/Gray_Crowned_Rosy_Finch_0023_797288.jpg,33,34,False
1902,034.Gray_crowned_Rosy_Finch/Gray_Crowned_Rosy_Finch_0040_26985.jpg,33,128,False
1906,034.Gray_crowned_Rosy_Finch/Gray_Crowned_Rosy_Finch_0079_797294.jpg,33,140,False
1908,034.Gray_crowned_Rosy_Finch/Gray_Crowned_Rosy_Finch_0066_797298.jpg,33,21,False
1909,034.Gray_crowned_Rosy_Finch/Gray_Crowned_Rosy_Finch_0031_797299.jpg,33,198,False
1910,034.Gray_crowned_Rosy_Finch/Gray_Crowned_Rosy_Finch_0029_797300.jpg,33,97,False
1913,034.Gray_crowned_Rosy_Finch/Gray_Crowned_Rosy_Finch_0034_797305.jpg,33,102,False
1915,034.Gray_crowned_Rosy_Finch/Gray_Crowned_Rosy_Finch_0064_27007.jpg,33,151,False
1916,034.Gray_crowned_Rosy_Finch/Gray_Crowned_Rosy_Finch_0072_26993.jpg,33,30,False
1917,034.Gray_crowned_Rosy_Finch/Gray_Crowned_Rosy_Finch_0022_27028.jpg,33,66,False
1919,034.Gray_crowned_Rosy_Finch/Gray_Crowned_Rosy_Finch_0084_27034.jpg,33,158,False
1924,034.Gray_crowned_Rosy_Finch/Gray_Crowned_Rosy_Finch_0037_27088.jpg,33,165,False
1925,034.Gray_crowned_Rosy_Finch/Gray_Crowned_Rosy_Finch_0073_27104.jpg,33,120,False
1926,034.Gray_crowned_Rosy_Finch/Gray_Crowned_Rosy_Finch_0041_27105.jpg,33,177,False
1927,034.Gray_crowned_Rosy_Finch/Gray_Crowned_Rosy_Finch_0057_27107.jpg,33,184,False
1931,034.Gray_crowned_Rosy_Finch/Gray_Crowned_Rosy_Finch_0028_27114.jpg,33,109,False
1935,035.Purple_Finch/Purple_Finch_0115_28190.jpg,34,59,False
1937,035.Purple_Finch/Purple_Finch_0001_27571.jpg,34,196,False
1939,035.Purple_Finch/Purple_Finch_0021_28235.jpg,34,141,False
1940,035.Purple_Finch/Purple_Finch_0031_28175.jpg,34,125,False
1942,035.Purple_Finch/Purple_Finch_0030_27255.jpg,34,94,False
1943,035.Purple_Finch/Purple_Finch_0079_27258.jpg,34,176,False
1944,035.Purple_Finch/Purple_Finch_0119_27260.jpg,34,129,False
1946,035.Purple_Finch/Purple_Finch_0002_27266.jpg,34,40,False
1947,035.Purple_Finch/Purple_Finch_0098_27280.jpg,34,84,False
1948,035.Purple_Finch/Purple_Finch_0097_27288.jpg,34,129,False
1950,035.Purple_Finch/Purple_Finch_0046_27295.jpg,34,134,False
1956,035.Purple_Finch/Purple_Finch_0117_27427.jpg,34,56,False
1958,035.Purple_Finch/Purple_Finch_0033_27926.jpg,34,77,False
1959,035.Purple_Finch/Purple_Finch_0133_27928.jpg,34,190,False
1960,035.Purple_Finch/Purple_Finch_0091_27425.jpg,34,117,False
1962,035.Purple_Finch/Purple_Finch_0076_27441.jpg,34,52,False
1964,035.Purple_Finch/Purple_Finch_0020_27961.jpg,34,155,False
1965,035.Purple_Finch/Purple_Finch_0059_27966.jpg,34,68,False
1966,035.Purple_Finch/Purple_Finch_0008_27455.jpg,34,109,False
1967,035.Purple_Finch/Purple_Finch_0035_27972.jpg,34,78,False
1968,035.Purple_Finch/Purple_Finch_0103_27461.jpg,34,165,False
1969,035.Purple_Finch/Purple_Finch_0065_27473.jpg,34,155,False
1976,035.Purple_Finch/Purple_Finch_0130_27555.jpg,34,120,False
1980,035.Purple_Finch/Purple_Finch_0124_27567.jpg,34,64,False
1983,035.Purple_Finch/Purple_Finch_0120_27597.jpg,34,184,False
1984,035.Purple_Finch/Purple_Finch_0118_27604.jpg,34,3,False
1985,035.Purple_Finch/Purple_Finch_0043_28117.jpg,34,101,False
1986,035.Purple_Finch/Purple_Finch_0106_27607.jpg,34,135,False
1987,035.Purple_Finch/Purple_Finch_0023_27986.jpg,34,130,False
1989,035.Purple_Finch/Purple_Finch_0067_27431.jpg,34,159,False
1993,036.Northern_Flicker/Northern_Flicker_0072_28678.jpg,35,123,False
1995,036.Northern_Flicker/Northern_Flicker_0041_28697.jpg,35,87,False
1996,036.Northern_Flicker/Northern_Flicker_0093_28700.jpg,35,109,False
1997,036.Northern_Flicker/Northern_Flicker_0094_28726.jpg,35,159,False
1999,036.Northern_Flicker/Northern_Flicker_0034_28740.jpg,35,87,False
2000,036.Northern_Flicker/Northern_Flicker_0021_28741.jpg,35,187,False
2004,036.Northern_Flicker/Northern_Flicker_0006_28290.jpg,35,161,False
2005,036.Northern_Flicker/Northern_Flicker_0135_28291.jpg,35,34,False
2006,036.Northern_Flicker/Northern_Flicker_0099_28312.jpg,35,145,False
2008,036.Northern_Flicker/Northern_Flicker_0084_28318.jpg,35,107,False
2010,036.Northern_Flicker/Northern_Flicker_0068_28330.jpg,35,84,False
2014,036.Northern_Flicker/Northern_Flicker_0055_28344.jpg,35,42,False
2015,036.Northern_Flicker/Northern_Flicker_0086_28360.jpg,35,24,False
2016,036.Northern_Flicker/Northern_Flicker_0104_28371.jpg,35,48,False
2020,036.Northern_Flicker/Northern_Flicker_0100_28898.jpg,35,91,False
2021,036.Northern_Flicker/Northern_Flicker_0046_28391.jpg,35,29,False
2024,036.Northern_Flicker/Northern_Flicker_0136_28918.jpg,35,3,False
2027,036.Northern_Flicker/Northern_Flicker_0022_28952.jpg,35,35,True
2029,036.Northern_Flicker/Northern_Flicker_0053_28445.jpg,35,11,False
2030,036.Northern_Flicker/Northern_Flicker_0045_28805.jpg,35,145,False
2031,036.Northern_Flicker/Northern_Flicker_0131_28962.jpg,35,166,False
2032,036.Northern_Flicker/Northern_Flicker_0124_28966.jpg,35,180,False
2035,036.Northern_Flicker/Northern_Flicker_0125_28485.jpg,35,186,False
2037,036.Northern_Flicker/Northern_Flicker_0090_28491.jpg,35,192,False
2039,036.Northern_Flicker/Northern_Flicker_0108_28502.jpg,35,120,False
2040,036.Northern_Flicker/Northern_Flicker_0129_29022.jpg,35,193,False
2043,036.Northern_Flicker/Northern_Flicker_0044_28592.jpg,35,13,False
2048,036.Northern_Flicker/Northern_Flicker_0079_28630.jpg,35,167,False
2049,036.Northern_Flicker/Northern_Flicker_0127_28411.jpg,35,3,False
2051,036.Northern_Flicker/Northern_Flicker_0051_28650.jpg,35,164,False
2057,037.Acadian_Flycatcher/Acadian_Flycatcher_0022_29145.jpg,36,118,False
2059,037.Acadian_Flycatcher/Acadian_Flycatcher_0013_29232.jpg,36,80,False
2060,037.Acadian_Flycatcher/Acadian_Flycatcher_0070_29150.jpg,36,198,False
2062,037.Acadian_Flycatcher/Acadian_Flycatcher_0036_795577.jpg,36,182,False
2063,037.Acadian_Flycatcher/Acadian_Flycatcher_0069_795579.jpg,36,148,False
2064,037.Acadian_Flycatcher/Acadian_Flycatcher_0030_795591.jpg,36,30,False
2067,037.Acadian_Flycatcher/Acadian_Flycatcher_0051_29077.jpg,36,82,False
2070,037.Acadian_Flycatcher/Acadian_Flycatcher_0059_29102.jpg,36,121,False
2072,037.Acadian_Flycatcher/Acadian_Flycatcher_0015_795578.jpg,36,36,True
2073,037.Acadian_Flycatcher/Acadian_Flycatcher_0043_29115.jpg,36,79,False
2074,037.Acadian_Flycatcher/Acadian_Flycatcher_0049_795580.jpg,36,149,False
2075,037.Acadian_Flycatcher/Acadian_Flycatcher_0031_795582.jpg,36,124,False
2076,037.Acadian_Flycatcher/Acadian_Flycatcher_0034_795583.jpg,36,154,False
2077,037.Acadian_Flycatcher/Acadian_Flycatcher_0064_795584.jpg,36,131,False
2081,037.Acadian_Flycatcher/Acadian_Flycatcher_0042_29127.jpg,36,58,False
2084,037.Acadian_Flycatcher/Acadian_Flycatcher_0021_795594.jpg,36,155,False
2086,037.Acadian_Flycatcher/Acadian_Flycatcher_0046_795596.jpg,36,96,False
2091,037.Acadian_Flycatcher/Acadian_Flycatcher_0072_795603.jpg,36,55,False
2092,037.Acadian_Flycatcher/Acadian_Flycatcher_0060_795604.jpg,36,81,False
2093,037.Acadian_Flycatcher/Acadian_Flycatcher_0041_795605.jpg,36,194,False
2096,037.Acadian_Flycatcher/Acadian_Flycatcher_0050_795608.jpg,36,158,False
2098,037.Acadian_Flycatcher/Acadian_Flycatcher_0052_795610.jpg,36,0,False
2100,037.Acadian_Flycatcher/Acadian_Flycatcher_0012_795612.jpg,36,124,False
2101,037.Acadian_Flycatcher/Acadian_Flycatcher_0038_795616.jpg,36,104,False
2104,037.Acadian_Flycatcher/Acadian_Flycatcher_0005_29157.jpg,36,182,False
2107,037.Acadian_Flycatcher/Acadian_Flycatcher_0044_795624.jpg,36,165,False
2108,037.Acadian_Flycatcher/Acadian_Flycatcher_0071_795627.jpg,36,99,False
2109,037.Acadian_Flycatcher/Acadian_Flycatcher_0073_795628.jpg,36,158,False
2111,037.Acadian_Flycatcher/Acadian_Flycatcher_0024_29173.jpg,36,17,False
2112,038.Great_Crested_Flycatcher/Great_Crested_Flycatcher_0028_29696.jpg,37,69,False
2119,038.Great_Crested_Flycatcher/Great_Crested_Flycatcher_0012_29264.jpg,37,118,False
2120,038.Great_Crested_Flycatcher/Great_Crested_Flycatcher_0119_29778.jpg,37,92,False
2123,038.Great_Crested_Flycatcher/Great_Crested_Flycatcher_0007_29280.jpg,37,121,False
2126,038.Great_Crested_Flycatcher/Great_Crested_Flycatcher_0124_29294.jpg,37,192,False
2127,038.Great_Crested_Flycatcher/Great_Crested_Flycatcher_0061_29807.jpg,37,25,False
2128,038.Great_Crested_Flycatcher/Great_Crested_Flycatcher_0132_29300.jpg,37,169,False
2129,038.Great_Crested_Flycatcher/Great_Crested_Flycatcher_0139_29302.jpg,37,148,False
2131,038.Great_Crested_Flycatcher/Great_Crested_Flycatcher_0031_29825.jpg,37,165,False
2132,038.Great_Crested_Flycatcher/Great_Crested_Flycatcher_0133_29314.jpg,37,198,False
2134,038.Great_Crested_Flycatcher/Great_Crested_Flycatcher_0131_29329.jpg,37,120,False
2135,038.Great_Crested_Flycatcher/Great_Crested_Flycatcher_0073_29330.jpg,37,36,False
2139,038.Great_Crested_Flycatcher/Great_Crested_Flycatcher_0120_29472.jpg,37,81,False
2141,038.Great_Crested_Flycatcher/Great_Crested_Flycatcher_0010_29396.jpg,37,8,False
2142,038.Great_Crested_Flycatcher/Great_Crested_Flycatcher_0097_29398.jpg,37,104,False
2143,038.Great_Crested_Flycatcher/Great_Crested_Flycatcher_0016_29406.jpg,37,21,False
2145,038.Great_Crested_Flycatcher/Great_Crested_Flycatcher_0021_29929.jpg,37,35,False
2146,038.Great_Crested_Flycatcher/Great_Crested_Flycatcher_0042_29438.jpg,37,47,False
2148,038.Great_Crested_Flycatcher/Great_Crested_Flycatcher_0033_29959.jpg,37,193,False
2150,038.Great_Crested_Flycatcher/Great_Crested_Flycatcher_0044_29995.jpg,37,186,False
2153,038.Great_Crested_Flycatcher/Great_Crested_Flycatcher_0013_29496.jpg,37,137,False
2156,038.Great_Crested_Flycatcher/Great_Crested_Flycatcher_0024_29516.jpg,37,108,False
2158,038.Great_Crested_Flycatcher/Great_Crested_Flycatcher_0041_29521.jpg,37,66,False
2160,038.Great_Crested_Flycatcher/Great_Crested_Flycatcher_0051_29530.jpg,37,161,False
2162,038.Great_Crested_Flycatcher/Great_Crested_Flycatcher_0111_29543.jpg,37,194,False
2163,038.Great_Crested_Flycatcher/Great_Crested_Flycatcher_0064_29546.jpg,37,18,False
2164,038.Great_Crested_Flycatcher/Great_Crested_Flycatcher_0074_29553.jpg,37,186,False
2168,038.Great_Crested_Flycatcher/Great_Crested_Flycatcher_0125_29593.jpg,37,181,False
2170,038.Great_Crested_Flycatcher/Great_Crested_Flycatcher_0030_29645.jpg,37,150,False
2171,038.Great_Crested_Flycatcher/Great_Crested_Flycatcher_0036_29693.jpg,37,25,False
2179,039.Least_Flycatcher/Least_Flycatcher_0079_30256.jpg,38,158,False
2180,039.Least_Flycatcher/Least_Flycatcher_0006_30262.jpg,38,48,False
2183,039.Least_Flycatcher/Least_Flycatcher_0015_30280.jpg,38,55,False
2184,039.Least_Flycatcher/Least_Flycatcher_0057_30282.jpg,38,57,False
2186,039.Least_Flycatcher/Least_Flycatcher_0009_30303.jpg,38,16,False
2188,039.Least_Flycatcher/Least_Flycatcher_0046_30316.jpg,38,121,False
2189,039.Least_Flycatcher/Least_Flycatcher_0085_30318.jpg,38,77,False
2190,039.Least_Flycatcher/Least_Flycatcher_0052_30321.jpg,38,166,False
2193,039.Least_Flycatcher/Least_Flycatcher_0007_30339.jpg,38,131,False
2194,039.Least_Flycatcher/Least_Flycatcher_0044_30349.jpg,38,142,False
2195,039.Least_Flycatcher/Least_Flycatcher_0023_30352.jpg,38,21,False
2200,039.Least_Flycatcher/Least_Flycatcher_0029_30362.jpg,38,101,False
2201,039.Least_Flycatcher/Least_Flycatcher_0040_30366.jpg,38,198,False
2203,039.Least_Flycatcher/Least_Flycatcher_0097_30122.jpg,38,101,False
2204,039.Least_Flycatcher/Least_Flycatcher_0087_30123.jpg,38,17,False
2206,039.Least_Flycatcher/Least_Flycatcher_0038_30127.jpg,38,86,False
2207,039.Least_Flycatcher/Least_Flycatcher_0062_30131.jpg,38,102,False
2209,039.Least_Flycatcher/Least_Flycatcher_0004_30140.jpg,38,46,False
2211,039.Least_Flycatcher/Least_Flycatcher_0005_30142.jpg,38,163,False
2212,039.Least_Flycatcher/Least_Flycatcher_0058_30143.jpg,38,109,False
2213,039.Least_Flycatcher/Least_Flycatcher_0032_30146.jpg,38,86,False
2216,039.Least_Flycatcher/Least_Flycatcher_0059_30152.jpg,38,75,False
2218,039.Least_Flycatcher/Least_Flycatcher_0061_30429.jpg,38,104,False
2219,039.Least_Flycatcher/Least_Flycatcher_0045_30174.jpg,38,15,False
2222,039.Least_Flycatcher/Least_Flycatcher_0075_30441.jpg,38,198,False
2223,039.Least_Flycatcher/Least_Flycatcher_0050_30189.jpg,38,148,False
2226,039.Least_Flycatcher/Least_Flycatcher_0054_30450.jpg,38,170,False
2229,039.Least_Flycatcher/Least_Flycatcher_0017_30460.jpg,38,127,False
2230,039.Least_Flycatcher/Least_Flycatcher_0018_30462.jpg,38,33,False
2231,040.Olive_sided_Flycatcher/Olive_Sided_Flycatcher_0041_30470.jpg,39,182,False
2234,040.Olive_sided_Flycatcher/Olive_Sided_Flycatcher_0025_30486.jpg,39,55,False
2236,040.Olive_sided_Flycatcher/Olive_Sided_Flycatcher_0077_30492.jpg,39,106,False
2239,040.Olive_sided_Flycatcher/Olive_Sided_Flycatcher_0031_30502.jpg,39,94,False
2242,040.Olive_sided_Flycatcher/Olive_Sided_Flycatcher_0026_30525.jpg,39,64,False
2244,040.Olive_sided_Flycatcher/Olive_Sided_Flycatcher_0046_30529.jpg,39,92,False
2249,040.Olive_sided_Flycatcher/Olive_Sided_Flycatcher_0069_30544.jpg,39,70,False
2250,040.Olive_sided_Flycatcher/Olive_Sided_Flycatcher_0072_796877.jpg,39,75,False
2252,040.Olive_sided_Flycatcher/Olive_Sided_Flycatcher_0013_30550.jpg,39,29,False
2256,040.Olive_sided_Flycatcher/Olive_Sided_Flycatcher_0074_30816.jpg,39,37,False
2257,040.Olive_sided_Flycatcher/Olive_Sided_Flycatcher_0006_30824.jpg,39,155,False
2258,040.Olive_sided_Flycatcher/Olive_Sided_Flycatcher_0056_30570.jpg,39,33,False
2260,040.Olive_sided_Flycatcher/Olive_Sided_Flycatcher_0043_30632.jpg,39,198,False
2264,040.Olive_sided_Flycatcher/Olive_Sided_Flycatcher_0048_30656.jpg,39,135,False
2265,040.Olive_sided_Flycatcher/Olive_Sided_Flycatcher_0079_30662.jpg,39,1,False
2268,040.Olive_sided_Flycatcher/Olive_Sided_Flycatcher_0050_796878.jpg,39,11,False
2269,040.Olive_sided_Flycatcher/Olive_Sided_Flycatcher_0055_796879.jpg,39,6,False
2273,040.Olive_sided_Flycatcher/Olive_Sided_Flycatcher_0058_796883.jpg,39,51,False
2274,040.Olive_sided_Flycatcher/Olive_Sided_Flycatcher_0038_796884.jpg,39,39,True
2276,040.Olive_sided_Flycatcher/Olive_Sided_Flycatcher_0042_796886.jpg,39,69,False
2278,040.Olive_sided_Flycatcher/Olive_Sided_Flycatcher_0045_796888.jpg,39,56,False
2280,040.Olive_sided_Flycatcher/Olive_Sided_Flycatcher_0082_796893.jpg,39,137,False
2281,040.Olive_sided_Flycatcher/Olive_Sided_Flycatcher_0008_30686.jpg,39,151,False
2282,040.Olive_sided_Flycatcher/Olive_Sided_Flycatcher_0081_796895.jpg,39,132,False
2283,040.Olive_sided_Flycatcher/Olive_Sided_Flycatcher_0030_796896.jpg,39,63,False
2284,040.Olive_sided_Flycatcher/Olive_Sided_Flycatcher_0021_796880.jpg,39,77,False
2285,040.Olive_sided_Flycatcher/Olive_Sided_Flycatcher_0057_796898.jpg,39,79,False
2287,040.Olive_sided_Flycatcher/Olive_Sided_Flycatcher_0075_30712.jpg,39,39,True
2288,040.Olive_sided_Flycatcher/Olive_Sided_Flycatcher_0032_30713.jpg,39,64,False
2290,040.Olive_sided_Flycatcher/Olive_Sided_Flycatcher_0027_30549.jpg,39,6,False
2292,041.Scissor_tailed_Flycatcher/Scissor_Tailed_Flycatcher_0096_41733.jpg,40,70,False
2293,041.Scissor_tailed_Flycatcher/Scissor_Tailed_Flycatcher_0042_41990.jpg,40,48,False
2294,041.Scissor_tailed_Flycatcher/Scissor_Tailed_Flycatcher_0059_41998.jpg,40,73,False
2295,041.Scissor_tailed_Flycatcher/Scissor_Tailed_Flycatcher_0044_42002.jpg,40,148,False
2297,041.Scissor_tailed_Flycatcher/Scissor_Tailed_Flycatcher_0108_42013.jpg,40,109,False
2298,041.Scissor_tailed_Flycatcher/Scissor_Tailed_Flycatcher_0094_42018.jpg,40,135,False
2300,041.Scissor_tailed_Flycatcher/Scissor_Tailed_Flycatcher_0013_42024.jpg,40,45,False
2302,041.Scissor_tailed_Flycatcher/Scissor_Tailed_Flycatcher_0117_42026.jpg,40,108,False
2303,041.Scissor_tailed_Flycatcher/Scissor_Tailed_Flycatcher_0125_41906.jpg,40,74,False
2305,041.Scissor_tailed_Flycatcher/Scissor_Tailed_Flycatcher_0025_42032.jpg,40,69,False
2306,041.Scissor_tailed_Flycatcher/Scissor_Tailed_Flycatcher_0033_41782.jpg,40,8,False
2307,041.Scissor_tailed_Flycatcher/Scissor_Tailed_Flycatcher_0055_42051.jpg,40,114,False
2308,041.Scissor_tailed_Flycatcher/Scissor_Tailed_Flycatcher_0100_41796.jpg,40,134,False
2310,041.Scissor_tailed_Flycatcher/Scissor_Tailed_Flycatcher_0118_42067.jpg,40,4,False
2312,041.Scissor_tailed_Flycatcher/Scissor_Tailed_Flycatcher_0072_42085.jpg,40,121,False
2315,041.Scissor_tailed_Flycatcher/Scissor_Tailed_Flycatcher_0031_41836.jpg,40,64,False
2316,041.Scissor_tailed_Flycatcher/Scissor_Tailed_Flycatcher_0121_41843.jpg,40,112,False
2318,041.Scissor_tailed_Flycatcher/Scissor_Tailed_Flycatcher_0082_41852.jpg,40,74,False
2319,041.Scissor_tailed_Flycatcher/Scissor_Tailed_Flycatcher_0076_41597.jpg,40,112,False
2321,041.Scissor_tailed_Flycatcher/Scissor_Tailed_Flycatcher_0006_41601.jpg,40,133,False
2322,041.Scissor_tailed_Flycatcher/Scissor_Tailed_Flycatcher_0019_41936.jpg,40,140,False
2327,041.Scissor_tailed_Flycatcher/Scissor_Tailed_Flycatcher_0123_41638.jpg,40,113,False
2328,041.Scissor_tailed_Flycatcher/Scissor_Tailed_Flycatcher_0004_41643.jpg,40,35,False
2329,041.Scissor_tailed_Flycatcher/Scissor_Tailed_Flycatcher_0048_41646.jpg,40,174,False
2330,041.Scissor_tailed_Flycatcher/Scissor_Tailed_Flycatcher_0060_41655.jpg,40,96,False
2331,041.Scissor_tailed_Flycatcher/Scissor_Tailed_Flycatcher_0007_41917.jpg,40,108,False
2336,041.Scissor_tailed_Flycatcher/Scissor_Tailed_Flycatcher_0122_41679.jpg,40,70,False
2338,041.Scissor_tailed_Flycatcher/Scissor_Tailed_Flycatcher_0103_41938.jpg,40,142,False
2341,041.Scissor_tailed_Flycatcher/Scissor_Tailed_Flycatcher_0058_41948.jpg,40,70,False
2348,041.Scissor_tailed_Flycatcher/Scissor_Tailed_Flycatcher_0012_41853.jpg,40,96,False
2351,042.Vermilion_Flycatcher/Vermilion_Flycatcher_0019_42241.jpg,41,111,False
2355,042.Vermilion_Flycatcher/Vermilion_Flycatcher_0070_42250.jpg,41,42,False
2357,042.Vermilion_Flycatcher/Vermilion_Flycatcher_0059_42261.jpg,41,186,False
2358,042.Vermilion_Flycatcher/Vermilion_Flycatcher_0038_42262.jpg,41,124,False
2360,042.Vermilion_Flycatcher/Vermilion_Flycatcher_0030_42523.jpg,41,40,False
2361,042.Vermilion_Flycatcher/Vermilion_Flycatcher_0014_42533.jpg,41,74,False
2362,042.Vermilion_Flycatcher/Vermilion_Flycatcher_0068_42535.jpg,41,40,False
2363,042.Vermilion_Flycatcher/Vermilion_Flycatcher_0035_42282.jpg,41,110,False
2365,042.Vermilion_Flycatcher/Vermilion_Flycatcher_0052_42551.jpg,41,150,False
2366,042.Vermilion_Flycatcher/Vermilion_Flycatcher_0062_42552.jpg,41,168,False
2367,042.Vermilion_Flycatcher/Vermilion_Flycatcher_0048_42298.jpg,41,21,False
2368,042.Vermilion_Flycatcher/Vermilion_Flycatcher_0024_42506.jpg,41,177,False
2370,042.Vermilion_Flycatcher/Vermilion_Flycatcher_0044_42305.jpg,41,13,False
2371,042.Vermilion_Flycatcher/Vermilion_Flycatcher_0057_42562.jpg,41,74,False
2374,042.Vermilion_Flycatcher/Vermilion_Flycatcher_0058_42311.jpg,41,70,False
2376,042.Vermilion_Flycatcher/Vermilion_Flycatcher_0073_42573.jpg,41,16,False
2377,042.Vermilion_Flycatcher/Vermilion_Flycatcher_0011_42554.jpg,41,3,False
2379,042.Vermilion_Flycatcher/Vermilion_Flycatcher_0018_42474.jpg,41,125,False
2380,042.Vermilion_Flycatcher/Vermilion_Flycatcher_0026_42375.jpg,41,12,False
2381,042.Vermilion_Flycatcher/Vermilion_Flycatcher_0021_42378.jpg,41,107,False
2382,042.Vermilion_Flycatcher/Vermilion_Flycatcher_0049_42380.jpg,41,98,False
2389,042.Vermilion_Flycatcher/Vermilion_Flycatcher_0017_42407.jpg,41,64,False
2390,042.Vermilion_Flycatcher/Vermilion_Flycatcher_0039_42423.jpg,41,112,False
2393,042.Vermilion_Flycatcher/Vermilion_Flycatcher_0063_42179.jpg,41,157,False
2394,042.Vermilion_Flycatcher/Vermilion_Flycatcher_0043_42182.jpg,41,94,False
2399,042.Vermilion_Flycatcher/Vermilion_Flycatcher_0028_42197.jpg,41,136,False
2400,042.Vermilion_Flycatcher/Vermilion_Flycatcher_0031_42201.jpg,41,91,False
2404,042.Vermilion_Flycatcher/Vermilion_Flycatcher_0032_42216.jpg,41,133,False
2409,042.Vermilion_Flycatcher/Vermilion_Flycatcher_0047_42488.jpg,41,56,False
2410,042.Vermilion_Flycatcher/Vermilion_Flycatcher_0009_42234.jpg,41,198,False
2411,043.Yellow_bellied_Flycatcher/Yellow_Bellied_Flycatcher_0013_42769.jpg,42,106,False
2412,043.Yellow_bellied_Flycatcher/Yellow_Bellied_Flycatcher_0050_42598.jpg,42,42,True
2413,043.Yellow_bellied_Flycatcher/Yellow_Bellied_Flycatcher_0036_42591.jpg,42,95,False
2415,043.Yellow_bellied_Flycatcher/Yellow_Bellied_Flycatcher_0040_795465.jpg,42,167,False
2418,043.Yellow_bellied_Flycatcher/Yellow_Bellied_Flycatcher_0012_795469.jpg,42,196,False
2421,043.Yellow_bellied_Flycatcher/Yellow_Bellied_Flycatcher_0021_795472.jpg,42,102,False
2423,043.Yellow_bellied_Flycatcher/Yellow_Bellied_Flycatcher_0032_42578.jpg,42,23,False
2427,043.Yellow_bellied_Flycatcher/Yellow_Bellied_Flycatcher_0061_795479.jpg,42,84,False
2430,043.Yellow_bellied_Flycatcher/Yellow_Bellied_Flycatcher_0029_795483.jpg,42,116,False
2431,043.Yellow_bellied_Flycatcher/Yellow_Bellied_Flycatcher_0025_795484.jpg,42,13,False
2434,043.Yellow_bellied_Flycatcher/Yellow_Bellied_Flycatcher_0001_795488.jpg,42,26,False
2435,043.Yellow_bellied_Flycatcher/Yellow_Bellied_Flycatcher_0026_795489.jpg,42,160,False
2436,043.Yellow_bellied_Flycatcher/Yellow_Bellied_Flycatcher_0017_795490.jpg,42,80,False
2437,043.Yellow_bellied_Flycatcher/Yellow_Bellied_Flycatcher_0007_795491.jpg,42,85,False
2438,043.Yellow_bellied_Flycatcher/Yellow_Bellied_Flycatcher_0053_795493.jpg,42,29,False
2442,043.Yellow_bellied_Flycatcher/Yellow_Bellied_Flycatcher_0015_795504.jpg,42,157,False
2444,043.Yellow_bellied_Flycatcher/Yellow_Bellied_Flycatcher_0055_795507.jpg,42,76,False
2445,043.Yellow_bellied_Flycatcher/Yellow_Bellied_Flycatcher_0046_795508.jpg,42,94,False
2450,043.Yellow_bellied_Flycatcher/Yellow_Bellied_Flycatcher_0066_795514.jpg,42,108,False
2452,043.Yellow_bellied_Flycatcher/Yellow_Bellied_Flycatcher_0005_42627.jpg,42,114,False
2453,043.Yellow_bellied_Flycatcher/Yellow_Bellied_Flycatcher_0065_42635.jpg,42,190,False
2454,043.Yellow_bellied_Flycatcher/Yellow_Bellied_Flycatcher_0028_42639.jpg,42,44,False
2456,043.Yellow_bellied_Flycatcher/Yellow_Bellied_Flycatcher_0027_42649.jpg,42,31,False
2457,043.Yellow_bellied_Flycatcher/Yellow_Bellied_Flycatcher_0014_42608.jpg,42,17,False
2459,043.Yellow_bellied_Flycatcher/Yellow_Bellied_Flycatcher_0033_42695.jpg,42,175,False
2463,043.Yellow_bellied_Flycatcher/Yellow_Bellied_Flycatcher_0024_42616.jpg,42,118,False
2464,043.Yellow_bellied_Flycatcher/Yellow_Bellied_Flycatcher_0060_42595.jpg,42,55,False
2466,043.Yellow_bellied_Flycatcher/Yellow_Bellied_Flycatcher_0039_795471.jpg,42,31,False
2468,043.Yellow_bellied_Flycatcher/Yellow_Bellied_Flycatcher_0011_42734.jpg,42,112,False
2470,044.Frigatebird/Frigatebird_0089_43013.jpg,43,44,False
2472,044.Frigatebird/Frigatebird_0054_43019.jpg,43,118,False
2473,044.Frigatebird/Frigatebird_0069_43541.jpg,43,7,False
2474,044.Frigatebird/Frigatebird_0074_43035.jpg,43,130,False
2475,044.Frigatebird/Frigatebird_0122_43549.jpg,43,57,False
2476,044.Frigatebird/Frigatebird_0073_43038.jpg,43,92,False
2481,044.Frigatebird/Frigatebird_0034_43053.jpg,43,145,False
2482,044.Frigatebird/Frigatebird_0060_43054.jpg,43,104,False
2483,044.Frigatebird/Frigatebird_0097_43567.jpg,43,83,False
2485,044.Frigatebird/Frigatebird_0096_43571.jpg,43,137,False
2488,044.Frigatebird/Frigatebird_0091_43066.jpg,43,43,True
2489,044.Frigatebird/Frigatebird_0050_43084.jpg,43,137,False
2491,044.Frigatebird/Frigatebird_0023_43110.jpg,43,25,False
2492,044.Frigatebird/Frigatebird_0015_43132.jpg,43,141,False
2493,044.Frigatebird/Frigatebird_0016_43159.jpg,43,74,False
2494,044.Frigatebird/Frigatebird_0129_43183.jpg,43,121,False
2495,044.Frigatebird/Frigatebird_0118_43189.jpg,43,68,False
2496,044.Frigatebird/Frigatebird_0062_43193.jpg,43,106,False
2497,044.Frigatebird/Frigatebird_0088_43201.jpg,43,106,False
2498,044.Frigatebird/Frigatebird_0092_43206.jpg,43,1,False
2499,044.Frigatebird/Frigatebird_0098_43207.jpg,43,139,False
2500,044.Frigatebird/Frigatebird_0011_43213.jpg,43,2,False
2503,044.Frigatebird/Frigatebird_0058_43251.jpg,43,109,False
2505,044.Frigatebird/Frigatebird_0081_42779.jpg,43,127,False
2507,044.Frigatebird/Frigatebird_0120_43300.jpg,43,158,False
2508,044.Frigatebird/Frigatebird_0121_42791.jpg,43,43,True
2511,044.Frigatebird/Frigatebird_0063_42812.jpg,43,116,False
2514,044.Frigatebird/Frigatebird_0019_43348.jpg,43,119,False
2520,044.Frigatebird/Frigatebird_0052_43411.jpg,43,39,False
2525,044.Frigatebird/Frigatebird_0031_42979.jpg,43,90,False
2531,045.Northern_Fulmar/Northern_Fulmar_0033_43794.jpg,44,198,False
2532,045.Northern_Fulmar/Northern_Fulmar_0103_44062.jpg,44,5,False
2538,045.Northern_Fulmar/Northern_Fulmar_0045_43581.jpg,44,119,False
2540,045.Northern_Fulmar/Northern_Fulmar_0053_43843.jpg,44,181,False
2541,045.Northern_Fulmar/Northern_Fulmar_0038_43846.jpg,44,103,False
2547,045.Northern_Fulmar/Northern_Fulmar_0091_44120.jpg,44,86,False
2548,045.Northern_Fulmar/Northern_Fulmar_0097_43865.jpg,44,54,False
2549,045.Northern_Fulmar/Northern_Fulmar_0090_43867.jpg,44,148,False
2551,045.Northern_Fulmar/Northern_Fulmar_0012_44131.jpg,44,189,False
2552,045.Northern_Fulmar/Northern_Fulmar_0056_43880.jpg,44,103,False
2553,045.Northern_Fulmar/Northern_Fulmar_0063_43631.jpg,44,34,False
2556,045.Northern_Fulmar/Northern_Fulmar_0008_43647.jpg,44,4,False
2557,045.Northern_Fulmar/Northern_Fulmar_0049_43906.jpg,44,109,False
2559,045.Northern_Fulmar/Northern_Fulmar_0096_43654.jpg,44,109,False
2561,045.Northern_Fulmar/Northern_Fulmar_0015_43658.jpg,44,136,False
2569,045.Northern_Fulmar/Northern_Fulmar_0016_43958.jpg,44,156,False
2570,045.Northern_Fulmar/Northern_Fulmar_0027_43705.jpg,44,185,False
2571,045.Northern_Fulmar/Northern_Fulmar_0064_43710.jpg,44,49,False
2572,045.Northern_Fulmar/Northern_Fulmar_0037_43712.jpg,44,133,False
2574,045.Northern_Fulmar/Northern_Fulmar_0036_43718.jpg,44,74,False
2575,045.Northern_Fulmar/Northern_Fulmar_0077_43730.jpg,44,182,False
2577,045.Northern_Fulmar/Northern_Fulmar_0042_43739.jpg,44,141,False
2578,045.Northern_Fulmar/Northern_Fulmar_0021_43743.jpg,44,146,False
2579,045.Northern_Fulmar/Northern_Fulmar_0078_43985.jpg,44,49,False
2580,045.Northern_Fulmar/Northern_Fulmar_0001_43749.jpg,44,143,False
2581,045.Northern_Fulmar/Northern_Fulmar_0031_43750.jpg,44,188,False
2582,045.Northern_Fulmar/Northern_Fulmar_0052_43857.jpg,44,81,False
2583,045.Northern_Fulmar/Northern_Fulmar_0028_43752.jpg,44,189,False
2588,045.Northern_Fulmar/Northern_Fulmar_0011_43769.jpg,44,74,False
2589,045.Northern_Fulmar/Northern_Fulmar_0018_43771.jpg,44,2,False
2590,046.Gadwall/Gadwall_0022_31616.jpg,45,98,False
2592,046.Gadwall/Gadwall_0019_30984.jpg,45,88,False
2594,046.Gadwall/Gadwall_0058_31660.jpg,45,70,False
2596,046.Gadwall/Gadwall_0080_31747.jpg,45,190,False
2599,046.Gadwall/Gadwall_0040_31788.jpg,45,103,False
2600,046.Gadwall/Gadwall_0007_31537.jpg,45,88,False
2603,046.Gadwall/Gadwall_0004_31669.jpg,45,7,False
2604,046.Gadwall/Gadwall_0082_31301.jpg,45,45,True
2606,046.Gadwall/Gadwall_0079_31052.jpg,45,45,True
2607,046.Gadwall/Gadwall_0087_31821.jpg,45,100,False
2609,046.Gadwall/Gadwall_0014_31570.jpg,45,85,False
2610,046.Gadwall/Gadwall_0041_31064.jpg,45,86,False
2611,046.Gadwall/Gadwall_0092_31162.jpg,45,103,False
2613,046.Gadwall/Gadwall_0009_31847.jpg,45,147,False
2614,046.Gadwall/Gadwall_0088_31854.jpg,45,44,False
2617,046.Gadwall/Gadwall_0047_31360.jpg,45,88,False
2618,046.Gadwall/Gadwall_0028_31623.jpg,45,89,False
2619,046.Gadwall/Gadwall_0085_31171.jpg,45,44,False
2622,046.Gadwall/Gadwall_0059_31646.jpg,45,120,False
2624,046.Gadwall/Gadwall_0068_30886.jpg,45,93,False
2627,046.Gadwall/Gadwall_0093_30898.jpg,45,71,False
2628,046.Gadwall/Gadwall_0010_31158.jpg,45,85,False
2630,046.Gadwall/Gadwall_0095_30911.jpg,45,89,False
2631,046.Gadwall/Gadwall_0055_30912.jpg,45,51,False
2632,046.Gadwall/Gadwall_0065_31659.jpg,45,88,False
2633,046.Gadwall/Gadwall_0052_30915.jpg,45,88,False
2636,046.Gadwall/Gadwall_0050_31223.jpg,45,116,False
2640,046.Gadwall/Gadwall_0025_30933.jpg,45,145,False
2648,046.Gadwall/Gadwall_0027_30966.jpg,45,49,False
2649,046.Gadwall/Gadwall_0013_31020.jpg,45,86,False
2650,047.American_Goldfinch/American_Goldfinch_0074_32265.jpg,46,89,False
2652,047.American_Goldfinch/American_Goldfinch_0136_32277.jpg,46,30,False
2653,047.American_Goldfinch/American_Goldfinch_0061_32281.jpg,46,32,False
2655,047.American_Goldfinch/American_Goldfinch_0084_32295.jpg,46,198,False
2657,047.American_Goldfinch/American_Goldfinch_0040_32323.jpg,46,69,False
2658,047.American_Goldfinch/American_Goldfinch_0018_32324.jpg,46,8,False
2660,047.American_Goldfinch/American_Goldfinch_0012_32338.jpg,46,61,False
2662,047.American_Goldfinch/American_Goldfinch_0115_32362.jpg,46,165,False
2669,047.American_Goldfinch/American_Goldfinch_0049_31889.jpg,46,9,False
2670,047.American_Goldfinch/American_Goldfinch_0082_31890.jpg,46,87,False
2671,047.American_Goldfinch/American_Goldfinch_0090_31893.jpg,46,54,False
2673,047.American_Goldfinch/American_Goldfinch_0004_31903.jpg,46,118,False
2674,047.American_Goldfinch/American_Goldfinch_0036_31910.jpg,46,21,False
2675,047.American_Goldfinch/American_Goldfinch_0050_31913.jpg,46,9,False
2676,047.American_Goldfinch/American_Goldfinch_0062_31921.jpg,46,15,False
2677,047.American_Goldfinch/American_Goldfinch_0032_31922.jpg,46,108,False
2678,047.American_Goldfinch/American_Goldfinch_0034_32371.jpg,46,101,False
2680,047.American_Goldfinch/American_Goldfinch_0116_31943.jpg,46,93,False
2681,047.American_Goldfinch/American_Goldfinch_0108_32974.jpg,46,125,False
2685,047.American_Goldfinch/American_Goldfinch_0042_31979.jpg,46,104,False
2689,047.American_Goldfinch/American_Goldfinch_0123_32505.jpg,46,97,False
2691,047.American_Goldfinch/American_Goldfinch_0131_32911.jpg,46,31,False
2693,047.American_Goldfinch/American_Goldfinch_0107_32618.jpg,46,91,False
2694,047.American_Goldfinch/American_Goldfinch_0022_32111.jpg,46,47,False
2695,047.American_Goldfinch/American_Goldfinch_0129_32625.jpg,46,196,False
2696,047.American_Goldfinch/American_Goldfinch_0064_32142.jpg,46,187,False
2703,047.American_Goldfinch/American_Goldfinch_0118_32210.jpg,46,125,False
2705,047.American_Goldfinch/American_Goldfinch_0029_32218.jpg,46,137,False
2707,047.American_Goldfinch/American_Goldfinch_0103_32225.jpg,46,76,False
2709,047.American_Goldfinch/American_Goldfinch_0105_32238.jpg,46,142,False
2710,048.European_Goldfinch/European_Goldfinch_0073_794633.jpg,47,101,False
2711,048.European_Goldfinch/European_Goldfinch_0104_794634.jpg,47,134,False
2712,048.European_Goldfinch/European_Goldfinch_0067_794637.jpg,47,4,False
2713,048.European_Goldfinch/European_Goldfinch_0017_794638.jpg,47,119,False
2715,048.European_Goldfinch/European_Goldfinch_0036_794642.jpg,47,189,False
2716,048.European_Goldfinch/European_Goldfinch_0040_794643.jpg,47,29,False
2717,048.European_Goldfinch/European_Goldfinch_0020_794644.jpg,47,51,False
2725,048.European_Goldfinch/European_Goldfinch_0048_794656.jpg,47,28,False
2727,048.European_Goldfinch/European_Goldfinch_0075_794660.jpg,47,66,False
2730,048.European_Goldfinch/European_Goldfinch_0058_794665.jpg,47,20,False
2731,048.European_Goldfinch/European_Goldfinch_0080_33322.jpg,47,175,False
2733,048.European_Goldfinch/European_Goldfinch_0092_794671.jpg,47,174,False
2735,048.European_Goldfinch/European_Goldfinch_0094_794673.jpg,47,73,False
2736,048.European_Goldfinch/European_Goldfinch_0022_794674.jpg,47,51,False
2737,048.European_Goldfinch/European_Goldfinch_0038_794675.jpg,47,15,False
2738,048.European_Goldfinch/European_Goldfinch_0047_33332.jpg,47,124,False
2740,048.European_Goldfinch/European_Goldfinch_0085_794682.jpg,47,123,False
2744,048.European_Goldfinch/European_Goldfinch_0077_33346.jpg,47,178,False
2746,048.European_Goldfinch/European_Goldfinch_0087_794693.jpg,47,63,False
2751,048.European_Goldfinch/European_Goldfinch_0070_33084.jpg,47,162,False
2752,048.European_Goldfinch/European_Goldfinch_0106_33298.jpg,47,77,False
2753,048.European_Goldfinch/European_Goldfinch_0037_33149.jpg,47,148,False
2760,048.European_Goldfinch/European_Goldfinch_0108_33176.jpg,47,105,False
2761,048.European_Goldfinch/European_Goldfinch_0081_33259.jpg,47,34,False
2763,048.European_Goldfinch/European_Goldfinch_0011_794676.jpg,47,78,False
2764,048.European_Goldfinch/European_Goldfinch_0062_794657.jpg,47,182,False
2765,048.European_Goldfinch/European_Goldfinch_0084_33147.jpg,47,189,False
2766,048.European_Goldfinch/European_Goldfinch_0034_33256.jpg,47,173,False
2767,048.European_Goldfinch/European_Goldfinch_0005_33263.jpg,47,113,False
2769,048.European_Goldfinch/European_Goldfinch_0089_33279.jpg,47,46,False
2770,049.Boat_tailed_Grackle/Boat_Tailed_Grackle_0096_33801.jpg,48,1,False
2773,049.Boat_tailed_Grackle/Boat_Tailed_Grackle_0116_33808.jpg,48,181,False
2774,049.Boat_tailed_Grackle/Boat_Tailed_Grackle_0066_33368.jpg,48,147,False
2776,049.Boat_tailed_Grackle/Boat_Tailed_Grackle_0095_33568.jpg,48,41,False
2778,049.Boat_tailed_Grackle/Boat_Tailed_Grackle_0075_33839.jpg,48,11,False
2780,049.Boat_tailed_Grackle/Boat_Tailed_Grackle_0060_33589.jpg,48,187,False
2782,049.Boat_tailed_Grackle/Boat_Tailed_Grackle_0051_33600.jpg,48,92,False
2783,049.Boat_tailed_Grackle/Boat_Tailed_Grackle_0004_33858.jpg,48,77,False
2784,049.Boat_tailed_Grackle/Boat_Tailed_Grackle_0083_33590.jpg,48,160,False
2785,049.Boat_tailed_Grackle/Boat_Tailed_Grackle_0125_33867.jpg,48,94,False
2789,049.Boat_tailed_Grackle/Boat_Tailed_Grackle_0087_33369.jpg,48,193,False
2790,049.Boat_tailed_Grackle/Boat_Tailed_Grackle_0009_33373.jpg,48,95,False
2792,049.Boat_tailed_Grackle/Boat_Tailed_Grackle_0054_33633.jpg,48,8,False
2796,049.Boat_tailed_Grackle/Boat_Tailed_Grackle_0024_33393.jpg,48,122,False
2799,049.Boat_tailed_Grackle/Boat_Tailed_Grackle_0108_33398.jpg,48,68,False
2801,049.Boat_tailed_Grackle/Boat_Tailed_Grackle_0052_33676.jpg,48,9,False
2802,049.Boat_tailed_Grackle/Boat_Tailed_Grackle_0049_33422.jpg,48,1,False
2803,049.Boat_tailed_Grackle/Boat_Tailed_Grackle_0065_33423.jpg,48,60,False
2804,049.Boat_tailed_Grackle/Boat_Tailed_Grackle_0069_33685.jpg,48,176,False
2805,049.Boat_tailed_Grackle/Boat_Tailed_Grackle_0019_33687.jpg,48,182,False
2806,049.Boat_tailed_Grackle/Boat_Tailed_Grackle_0088_33448.jpg,48,107,False
2807,049.Boat_tailed_Grackle/Boat_Tailed_Grackle_0099_33455.jpg,48,146,False
2810,049.Boat_tailed_Grackle/Boat_Tailed_Grackle_0101_33611.jpg,48,133,False
2812,049.Boat_tailed_Grackle/Boat_Tailed_Grackle_0014_33485.jpg,48,47,False
2813,049.Boat_tailed_Grackle/Boat_Tailed_Grackle_0012_33998.jpg,48,9,False
2818,049.Boat_tailed_Grackle/Boat_Tailed_Grackle_0035_33750.jpg,48,156,False
2822,049.Boat_tailed_Grackle/Boat_Tailed_Grackle_0091_33504.jpg,48,17,False
2824,049.Boat_tailed_Grackle/Boat_Tailed_Grackle_0122_34023.jpg,48,160,False
2826,049.Boat_tailed_Grackle/Boat_Tailed_Grackle_0055_33774.jpg,48,173,False
2829,049.Boat_tailed_Grackle/Boat_Tailed_Grackle_0105_33663.jpg,48,133,False
2830,050.Eared_Grebe/Eared_Grebe_0036_34048.jpg,49,49,True
2831,050.Eared_Grebe/Eared_Grebe_0065_34049.jpg,49,2,False
2834,050.Eared_Grebe/Eared_Grebe_0063_34054.jpg,49,140,False
2835,050.Eared_Grebe/Eared_Grebe_0071_34311.jpg,49,44,False
2836,050.Eared_Grebe/Eared_Grebe_0085_34063.jpg,49,89,False
2837,050.Eared_Grebe/Eared_Grebe_0086_34064.jpg,49,7,False
2839,050.Eared_Grebe/Eared_Grebe_0032_34078.jpg,49,89,False
2845,050.Eared_Grebe/Eared_Grebe_0049_34100.jpg,49,0,False
2846,050.Eared_Grebe/Eared_Grebe_0018_34357.jpg,49,50,False
2847,050.Eared_Grebe/Eared_Grebe_0084_34364.jpg,49,45,False
2848,050.Eared_Grebe/Eared_Grebe_0075_34115.jpg,49,146,False
2851,050.Eared_Grebe/Eared_Grebe_0042_34132.jpg,49,0,False
2852,050.Eared_Grebe/Eared_Grebe_0060_34133.jpg,49,51,False
2853,050.Eared_Grebe/Eared_Grebe_0035_34137.jpg,49,52,False
2858,050.Eared_Grebe/Eared_Grebe_0081_34153.jpg,49,57,False
2862,050.Eared_Grebe/Eared_Grebe_0037_34169.jpg,49,139,False
2863,050.Eared_Grebe/Eared_Grebe_0043_34427.jpg,49,49,True
2866,050.Eared_Grebe/Eared_Grebe_0048_34175.jpg,49,1,False
2867,050.Eared_Grebe/Eared_Grebe_0001_34433.jpg,49,7,False
2868,050.Eared_Grebe/Eared_Grebe_0069_34199.jpg,49,49,True
2869,050.Eared_Grebe/Eared_Grebe_0047_34204.jpg,49,22,False
2873,050.Eared_Grebe/Eared_Grebe_0054_34289.jpg,49,49,True
2874,050.Eared_Grebe/Eared_Grebe_0080_34223.jpg,49,52,False
2875,050.Eared_Grebe/Eared_Grebe_0082_34227.jpg,49,64,False
2878,050.Eared_Grebe/Eared_Grebe_0007_34236.jpg,49,51,False
2879,050.Eared_Grebe/Eared_Grebe_0074_34238.jpg,49,86,False
2880,050.Eared_Grebe/Eared_Grebe_0009_34244.jpg,49,151,False
2883,050.Eared_Grebe/Eared_Grebe_0039_34257.jpg,49,89,False
2885,050.Eared_Grebe/Eared_Grebe_0031_34262.jpg,49,50,False
2887,050.Eared_Grebe/Eared_Grebe_0057_34274.jpg,49,7,False
2892,051.Horned_Grebe/Horned_Grebe_0050_34561.jpg,50,45,False
2893,051.Horned_Grebe/Horned_Grebe_0058_34568.jpg,50,57,False
2897,051.Horned_Grebe/Horned_Grebe_0077_34587.jpg,50,86,False
2898,051.Horned_Grebe/Horned_Grebe_0057_34590.jpg,50,63,False
2900,051.Horned_Grebe/Horned_Grebe_0071_35078.jpg,50,61,False
2901,051.Horned_Grebe/Horned_Grebe_0106_35112.jpg,50,50,True
2902,051.Horned_Grebe/Horned_Grebe_0045_34859.jpg,50,51,False
2904,051.Horned_Grebe/Horned_Grebe_0061_34613.jpg,50,89,False
2906,051.Horned_Grebe/Horned_Grebe_0051_35143.jpg,50,71,False
2908,051.Horned_Grebe/Horned_Grebe_0067_34654.jpg,50,50,True
2909,051.Horned_Grebe/Horned_Grebe_0005_34657.jpg,50,52,False
2913,051.Horned_Grebe/Horned_Grebe_0084_34936.jpg,50,88,False
2915,051.Horned_Grebe/Horned_Grebe_0009_34952.jpg,50,146,False
2917,051.Horned_Grebe/Horned_Grebe_0096_34452.jpg,50,16,False
2918,051.Horned_Grebe/Horned_Grebe_0063_34966.jpg,50,50,True
2919,051.Horned_Grebe/Horned_Grebe_0014_34968.jpg,50,18,False
2920,051.Horned_Grebe/Horned_Grebe_0085_34713.jpg,50,50,True
2921,051.Horned_Grebe/Horned_Grebe_0100_34462.jpg,50,63,False
2923,051.Horned_Grebe/Horned_Grebe_0001_34723.jpg,50,85,False
2924,051.Horned_Grebe/Horned_Grebe_0082_34725.jpg,50,51,False
2926,051.Horned_Grebe/Horned_Grebe_0010_34716.jpg,50,49,False
2929,051.Horned_Grebe/Horned_Grebe_0069_34990.jpg,50,113,False
2934,051.Horned_Grebe/Horned_Grebe_0095_34491.jpg,50,104,False
2935,051.Horned_Grebe/Horned_Grebe_0110_35012.jpg,50,88,False
2936,051.Horned_Grebe/Horned_Grebe_0064_35015.jpg,50,89,False
2938,051.Horned_Grebe/Horned_Grebe_0053_34512.jpg,50,50,True
2940,051.Horned_Grebe/Horned_Grebe_0008_34515.jpg,50,174,False
2941,051.Horned_Grebe/Horned_Grebe_0114_34517.jpg,50,58,False
2942,051.Horned_Grebe/Horned_Grebe_0062_34523.jpg,50,0,False
2949,051.Horned_Grebe/Horned_Grebe_0029_34557.jpg,50,64,False
2951,052.Pied_billed_Grebe/Pied_Billed_Grebe_0038_35798.jpg,51,45,False
2952,052.Pied_billed_Grebe/Pied_Billed_Grebe_0037_35598.jpg,51,49,False
2957,052.Pied_billed_Grebe/Pied_Billed_Grebe_0013_35882.jpg,51,115,False
2959,052.Pied_billed_Grebe/Pied_Billed_Grebe_0071_35386.jpg,51,91,False
2960,052.Pied_billed_Grebe/Pied_Billed_Grebe_0007_35399.jpg,51,51,True
2961,052.Pied_billed_Grebe/Pied_Billed_Grebe_0040_35981.jpg,51,85,False
2963,052.Pied_billed_Grebe/Pied_Billed_Grebe_0078_35410.jpg,51,52,False
2965,052.Pied_billed_Grebe/Pied_Billed_Grebe_0106_35418.jpg,51,146,False
2967,052.Pied_billed_Grebe/Pied_Billed_Grebe_0004_35808.jpg,51,150,False
2968,052.Pied_billed_Grebe/Pied_Billed_Grebe_0014_35424.jpg,51,142,False
2971,052.Pied_billed_Grebe/Pied_Billed_Grebe_0023_35687.jpg,51,51,True
2974,052.Pied_billed_Grebe/Pied_Billed_Grebe_0053_35262.jpg,51,130,False
2975,052.Pied_billed_Grebe/Pied_Billed_Grebe_0020_35958.jpg,51,49,False
2977,052.Pied_billed_Grebe/Pied_Billed_Grebe_0045_35962.jpg,51,88,False
2979,052.Pied_billed_Grebe/Pied_Billed_Grebe_0065_35713.jpg,51,7,False
2981,052.Pied_billed_Grebe/Pied_Billed_Grebe_0101_35464.jpg,51,50,False
2982,052.Pied_billed_Grebe/Pied_Billed_Grebe_0067_35465.jpg,51,19,False
2983,052.Pied_billed_Grebe/Pied_Billed_Grebe_0084_35863.jpg,51,49,False
2984,052.Pied_billed_Grebe/Pied_Billed_Grebe_0049_35980.jpg,51,85,False
2988,052.Pied_billed_Grebe/Pied_Billed_Grebe_0041_35224.jpg,51,131,False
2991,052.Pied_billed_Grebe/Pied_Billed_Grebe_0095_35496.jpg,51,7,False
2992,052.Pied_billed_Grebe/Pied_Billed_Grebe_0030_35498.jpg,51,49,False
2993,052.Pied_billed_Grebe/Pied_Billed_Grebe_0055_35502.jpg,51,142,False
2995,052.Pied_billed_Grebe/Pied_Billed_Grebe_0059_35507.jpg,51,145,False
2997,052.Pied_billed_Grebe/Pied_Billed_Grebe_0035_35518.jpg,51,41,False
3001,052.Pied_billed_Grebe/Pied_Billed_Grebe_0091_35276.jpg,51,51,True
3004,052.Pied_billed_Grebe/Pied_Billed_Grebe_0029_35551.jpg,51,50,False
3005,052.Pied_billed_Grebe/Pied_Billed_Grebe_0073_35553.jpg,51,10,False
3006,052.Pied_billed_Grebe/Pied_Billed_Grebe_0062_35955.jpg,51,8,False
3007,052.Pied_billed_Grebe/Pied_Billed_Grebe_0056_35623.jpg,51,188,False
3011,053.Western_Grebe/Western_Grebe_0077_36355.jpg,52,51,False
3012,053.Western_Grebe/Western_Grebe_0064_36613.jpg,52,50,False
3013,053.Western_Grebe/Western_Grebe_0038_36363.jpg,52,51,False
3015,053.Western_Grebe/Western_Grebe_0102_36116.jpg,52,85,False
3018,053.Western_Grebe/Western_Grebe_0029_36379.jpg,52,146,False
3019,053.Western_Grebe/Western_Grebe_0013_36383.jpg,52,58,False
3021,053.Western_Grebe/Western_Grebe_0033_36395.jpg,52,85,False
3022,053.Western_Grebe/Western_Grebe_0048_36399.jpg,52,49,False
3025,053.Western_Grebe/Western_Grebe_0089_36154.jpg,52,158,False
3029,053.Western_Grebe/Western_Grebe_0104_36164.jpg,52,58,False
3032,053.Western_Grebe/Western_Grebe_0081_36578.jpg,52,7,False
3034,053.Western_Grebe/Western_Grebe_0090_36182.jpg,52,97,False
3037,053.Western_Grebe/Western_Grebe_0044_36188.jpg,52,45,False
3039,053.Western_Grebe/Western_Grebe_0091_36194.jpg,52,133,False
3045,053.Western_Grebe/Western_Grebe_0009_36477.jpg,52,50,False
3050,053.Western_Grebe/Western_Grebe_0083_36033.jpg,52,24,False
3051,053.Western_Grebe/Western_Grebe_0020_36241.jpg,52,83,False
3053,053.Western_Grebe/Western_Grebe_0051_36249.jpg,52,52,True
3055,053.Western_Grebe/Western_Grebe_0106_36509.jpg,52,88,False
3056,053.Western_Grebe/Western_Grebe_0043_36183.jpg,52,88,False
3057,053.Western_Grebe/Western_Grebe_0103_36515.jpg,52,192,False
3058,053.Western_Grebe/Western_Grebe_0002_36518.jpg,52,153,False
3059,053.Western_Grebe/Western_Grebe_0036_36521.jpg,52,160,False
3060,053.Western_Grebe/Western_Grebe_0011_36522.jpg,52,52,True
3061,053.Western_Grebe/Western_Grebe_0071_36536.jpg,52,186,False
3062,053.Western_Grebe/Western_Grebe_0021_36282.jpg,52,45,False
3063,053.Western_Grebe/Western_Grebe_0105_36542.jpg,52,178,False
3064,053.Western_Grebe/Western_Grebe_0042_36035.jpg,52,52,True
3066,053.Western_Grebe/Western_Grebe_0087_36570.jpg,52,50,False
3067,053.Western_Grebe/Western_Grebe_0049_36219.jpg,52,89,False
3071,054.Blue_Grosbeak/Blue_Grosbeak_0061_36633.jpg,53,130,False
3072,054.Blue_Grosbeak/Blue_Grosbeak_0078_36655.jpg,53,150,False
3074,054.Blue_Grosbeak/Blue_Grosbeak_0074_37155.jpg,53,10,False
3075,054.Blue_Grosbeak/Blue_Grosbeak_0042_36742.jpg,53,144,False
3076,054.Blue_Grosbeak/Blue_Grosbeak_0025_36646.jpg,53,186,False
3078,054.Blue_Grosbeak/Blue_Grosbeak_0109_36914.jpg,53,198,False
3080,054.Blue_Grosbeak/Blue_Grosbeak_0041_37174.jpg,53,147,False
3081,054.Blue_Grosbeak/Blue_Grosbeak_0049_37180.jpg,53,68,False
3083,054.Blue_Grosbeak/Blue_Grosbeak_0112_36679.jpg,53,130,False
3084,054.Blue_Grosbeak/Blue_Grosbeak_0024_36680.jpg,53,116,False
3087,054.Blue_Grosbeak/Blue_Grosbeak_0071_36948.jpg,53,8,False
3090,054.Blue_Grosbeak/Blue_Grosbeak_0075_36963.jpg,53,92,False
3091,054.Blue_Grosbeak/Blue_Grosbeak_0014_36708.jpg,53,87,False
3097,054.Blue_Grosbeak/Blue_Grosbeak_0104_36984.jpg,53,21,False
3098,054.Blue_Grosbeak/Blue_Grosbeak_0015_36985.jpg,53,40,False
3099,054.Blue_Grosbeak/Blue_Grosbeak_0106_36986.jpg,53,32,False
3100,054.Blue_Grosbeak/Blue_Grosbeak_0085_36990.jpg,53,58,False
3101,054.Blue_Grosbeak/Blue_Grosbeak_0082_36991.jpg,53,121,False
3105,054.Blue_Grosbeak/Blue_Grosbeak_0019_37205.jpg,53,103,False
3107,054.Blue_Grosbeak/Blue_Grosbeak_0095_37007.jpg,53,148,False
3108,054.Blue_Grosbeak/Blue_Grosbeak_0027_36703.jpg,53,12,False
3110,054.Blue_Grosbeak/Blue_Grosbeak_0081_37034.jpg,53,117,False
3111,054.Blue_Grosbeak/Blue_Grosbeak_0087_36780.jpg,53,166,False
3112,054.Blue_Grosbeak/Blue_Grosbeak_0048_36809.jpg,53,75,False
3116,054.Blue_Grosbeak/Blue_Grosbeak_0097_37067.jpg,53,59,False
3118,054.Blue_Grosbeak/Blue_Grosbeak_0022_37082.jpg,53,196,False
3124,054.Blue_Grosbeak/Blue_Grosbeak_0002_36648.jpg,53,137,False
3127,054.Blue_Grosbeak/Blue_Grosbeak_0057_37116.jpg,53,30,False
3128,054.Blue_Grosbeak/Blue_Grosbeak_0016_36862.jpg,53,199,False
3129,054.Blue_Grosbeak/Blue_Grosbeak_0046_37119.jpg,53,3,False
3130,055.Evening_Grosbeak/Evening_Grosbeak_0120_37378.jpg,54,58,False
3131,055.Evening_Grosbeak/Evening_Grosbeak_0017_37379.jpg,54,148,False
3133,055.Evening_Grosbeak/Evening_Grosbeak_0141_37398.jpg,54,61,False
3135,055.Evening_Grosbeak/Evening_Grosbeak_0024_37404.jpg,54,163,False
3136,055.Evening_Grosbeak/Evening_Grosbeak_0063_37409.jpg,54,85,False
3137,055.Evening_Grosbeak/Evening_Grosbeak_0028_37410.jpg,54,157,False
3138,055.Evening_Grosbeak/Evening_Grosbeak_0114_37416.jpg,54,104,False
3140,055.Evening_Grosbeak/Evening_Grosbeak_0040_37429.jpg,54,3,False
3144,055.Evening_Grosbeak/Evening_Grosbeak_0004_37960.jpg,54,17,False
3146,055.Evening_Grosbeak/Evening_Grosbeak_0036_37978.jpg,54,83,False
3148,055.Evening_Grosbeak/Evening_Grosbeak_0085_37487.jpg,54,17,False
3150,055.Evening_Grosbeak/Evening_Grosbeak_0053_38005.jpg,54,117,False
3151,055.Evening_Grosbeak/Evening_Grosbeak_0007_37312.jpg,54,140,False
3153,055.Evening_Grosbeak/Evening_Grosbeak_0061_38026.jpg,54,150,False
3154,055.Evening_Grosbeak/Evening_Grosbeak_0098_37532.jpg,54,86,False
3155,055.Evening_Grosbeak/Evening_Grosbeak_0086_38048.jpg,54,185,False
3156,055.Evening_Grosbeak/Evening_Grosbeak_0078_38051.jpg,54,54,True
3162,055.Evening_Grosbeak/Evening_Grosbeak_0077_38160.jpg,54,129,False
3166,055.Evening_Grosbeak/Evening_Grosbeak_0003_37698.jpg,54,13,False
3168,055.Evening_Grosbeak/Evening_Grosbeak_0090_37225.jpg,54,35,False
3169,055.Evening_Grosbeak/Evening_Grosbeak_0038_37228.jpg,54,3,False
3170,055.Evening_Grosbeak/Evening_Grosbeak_0025_37230.jpg,54,15,False
3171,055.Evening_Grosbeak/Evening_Grosbeak_0015_37238.jpg,54,62,False
3172,055.Evening_Grosbeak/Evening_Grosbeak_0031_37239.jpg,54,92,False
3176,055.Evening_Grosbeak/Evening_Grosbeak_0021_37789.jpg,54,28,False
3179,055.Evening_Grosbeak/Evening_Grosbeak_0118_37299.jpg,54,106,False
3182,055.Evening_Grosbeak/Evening_Grosbeak_0076_37818.jpg,54,173,False
3184,055.Evening_Grosbeak/Evening_Grosbeak_0129_37831.jpg,54,105,False
3185,055.Evening_Grosbeak/Evening_Grosbeak_0005_37331.jpg,54,106,False
3186,055.Evening_Grosbeak/Evening_Grosbeak_0050_37336.jpg,54,159,False
3190,056.Pine_Grosbeak/Pine_Grosbeak_0039_38400.jpg,55,98,False
3191,056.Pine_Grosbeak/Pine_Grosbeak_0094_38912.jpg,55,148,False
3192,056.Pine_Grosbeak/Pine_Grosbeak_0024_38403.jpg,55,20,False
3193,056.Pine_Grosbeak/Pine_Grosbeak_0077_38929.jpg,55,112,False
3195,056.Pine_Grosbeak/Pine_Grosbeak_0056_38940.jpg,55,35,False
3198,056.Pine_Grosbeak/Pine_Grosbeak_0042_38432.jpg,55,130,False
3201,056.Pine_Grosbeak/Pine_Grosbeak_0096_38441.jpg,55,121,False
3204,056.Pine_Grosbeak/Pine_Grosbeak_0109_38451.jpg,55,117,False
3206,056.Pine_Grosbeak/Pine_Grosbeak_0071_38207.jpg,55,40,False
3211,056.Pine_Grosbeak/Pine_Grosbeak_0032_38473.jpg,55,4,False
3216,056.Pine_Grosbeak/Pine_Grosbeak_0029_38995.jpg,55,89,False
3218,056.Pine_Grosbeak/Pine_Grosbeak_0008_38486.jpg,55,192,False
3219,056.Pine_Grosbeak/Pine_Grosbeak_0016_38743.jpg,55,46,False
3220,056.Pine_Grosbeak/Pine_Grosbeak_0106_38218.jpg,55,153,False
3222,056.Pine_Grosbeak/Pine_Grosbeak_0083_38508.jpg,55,183,False
3223,056.Pine_Grosbeak/Pine_Grosbeak_0044_38766.jpg,55,122,False
3225,056.Pine_Grosbeak/Pine_Grosbeak_0067_38524.jpg,55,86,False
3226,056.Pine_Grosbeak/Pine_Grosbeak_0055_38730.jpg,55,147,False
3227,056.Pine_Grosbeak/Pine_Grosbeak_0046_38275.jpg,55,133,False
3228,056.Pine_Grosbeak/Pine_Grosbeak_0108_38281.jpg,55,3,False
3230,056.Pine_Grosbeak/Pine_Grosbeak_0052_38804.jpg,55,73,False
3231,056.Pine_Grosbeak/Pine_Grosbeak_0053_38805.jpg,55,174,False
3233,056.Pine_Grosbeak/Pine_Grosbeak_0091_38811.jpg,55,199,False
3239,056.Pine_Grosbeak/Pine_Grosbeak_0034_38987.jpg,55,189,False
3242,056.Pine_Grosbeak/Pine_Grosbeak_0009_38609.jpg,55,46,False
3243,056.Pine_Grosbeak/Pine_Grosbeak_0075_38619.jpg,55,77,False
3244,056.Pine_Grosbeak/Pine_Grosbeak_0018_38374.jpg,55,44,False
3246,056.Pine_Grosbeak/Pine_Grosbeak_0021_38382.jpg,55,38,False
3247,056.Pine_Grosbeak/Pine_Grosbeak_0014_38398.jpg,55,61,False
3249,056.Pine_Grosbeak/Pine_Grosbeak_0004_38396.jpg,55,57,False
3251,057.Rose_breasted_Grosbeak/Rose_Breasted_Grosbeak_0008_39481.jpg,56,130,False
3252,057.Rose_breasted_Grosbeak/Rose_Breasted_Grosbeak_0045_39489.jpg,56,98,False
3253,057.Rose_breasted_Grosbeak/Rose_Breasted_Grosbeak_0101_39495.jpg,56,159,False
3254,057.Rose_breasted_Grosbeak/Rose_Breasted_Grosbeak_0108_39000.jpg,56,104,False
3257,057.Rose_breasted_Grosbeak/Rose_Breasted_Grosbeak_0014_39037.jpg,56,186,False
3258,057.Rose_breasted_Grosbeak/Rose_Breasted_Grosbeak_0052_39044.jpg,56,99,False
3259,057.Rose_breasted_Grosbeak/Rose_Breasted_Grosbeak_0059_39045.jpg,56,93,False
3261,057.Rose_breasted_Grosbeak/Rose_Breasted_Grosbeak_0103_39580.jpg,56,162,False
3264,057.Rose_breasted_Grosbeak/Rose_Breasted_Grosbeak_0117_39601.jpg,56,56,True
3267,057.Rose_breasted_Grosbeak/Rose_Breasted_Grosbeak_0033_39290.jpg,56,108,False
3269,057.Rose_breasted_Grosbeak/Rose_Breasted_Grosbeak_0004_39143.jpg,56,152,False
3273,057.Rose_breasted_Grosbeak/Rose_Breasted_Grosbeak_0055_39154.jpg,56,56,True
3276,057.Rose_breasted_Grosbeak/Rose_Breasted_Grosbeak_0040_39689.jpg,56,108,False
3280,057.Rose_breasted_Grosbeak/Rose_Breasted_Grosbeak_0026_39191.jpg,56,35,False
3282,057.Rose_breasted_Grosbeak/Rose_Breasted_Grosbeak_0128_39204.jpg,56,173,False
3284,057.Rose_breasted_Grosbeak/Rose_Breasted_Grosbeak_0089_39211.jpg,56,38,False
3285,057.Rose_breasted_Grosbeak/Rose_Breasted_Grosbeak_0018_39731.jpg,56,116,False
3287,057.Rose_breasted_Grosbeak/Rose_Breasted_Grosbeak_0003_39223.jpg,56,96,False
3290,057.Rose_breasted_Grosbeak/Rose_Breasted_Grosbeak_0010_39238.jpg,56,194,False
3291,057.Rose_breasted_Grosbeak/Rose_Breasted_Grosbeak_0025_39252.jpg,56,147,False
3292,057.Rose_breasted_Grosbeak/Rose_Breasted_Grosbeak_0069_39254.jpg,56,147,False
3294,057.Rose_breasted_Grosbeak/Rose_Breasted_Grosbeak_0032_39772.jpg,56,18,False
3295,057.Rose_breasted_Grosbeak/Rose_Breasted_Grosbeak_0016_39265.jpg,56,97,False
3296,057.Rose_breasted_Grosbeak/Rose_Breasted_Grosbeak_0028_39271.jpg,56,198,False
3298,057.Rose_breasted_Grosbeak/Rose_Breasted_Grosbeak_0060_39279.jpg,56,3,False
3299,057.Rose_breasted_Grosbeak/Rose_Breasted_Grosbeak_0087_39280.jpg,56,168,False
3301,057.Rose_breasted_Grosbeak/Rose_Breasted_Grosbeak_0122_39284.jpg,56,109,False
3302,057.Rose_breasted_Grosbeak/Rose_Breasted_Grosbeak_0051_39798.jpg,56,55,False
3305,057.Rose_breasted_Grosbeak/Rose_Breasted_Grosbeak_0126_39361.jpg,56,11,False
3307,057.Rose_breasted_Grosbeak/Rose_Breasted_Grosbeak_0110_39373.jpg,56,8,False
3312,058.Pigeon_Guillemot/Pigeon_Guillemot_0012_40236.jpg,57,193,False
3313,058.Pigeon_Guillemot/Pigeon_Guillemot_0062_39853.jpg,57,89,False
3315,058.Pigeon_Guillemot/Pigeon_Guillemot_0071_40216.jpg,57,195,False
3317,058.Pigeon_Guillemot/Pigeon_Guillemot_0009_40218.jpg,57,129,False
3318,058.Pigeon_Guillemot/Pigeon_Guillemot_0015_40232.jpg,57,45,False
3319,058.Pigeon_Guillemot/Pigeon_Guillemot_0108_40235.jpg,57,49,False
3321,058.Pigeon_Guillemot/Pigeon_Guillemot_0003_39986.jpg,57,88,False
3322,058.Pigeon_Guillemot/Pigeon_Guillemot_0096_39995.jpg,57,138,False
3323,058.Pigeon_Guillemot/Pigeon_Guillemot_0013_40253.jpg,57,143,False
3326,058.Pigeon_Guillemot/Pigeon_Guillemot_0089_40008.jpg,57,99,False
3327,058.Pigeon_Guillemot/Pigeon_Guillemot_0040_40270.jpg,57,98,False
3328,058.Pigeon_Guillemot/Pigeon_Guillemot_0023_39829.jpg,57,115,False
3329,058.Pigeon_Guillemot/Pigeon_Guillemot_0042_40281.jpg,57,188,False
3330,058.Pigeon_Guillemot/Pigeon_Guillemot_0082_40290.jpg,57,101,False
3331,058.Pigeon_Guillemot/Pigeon_Guillemot_0038_40035.jpg,57,193,False
3342,058.Pigeon_Guillemot/Pigeon_Guillemot_0030_40089.jpg,57,103,False
3344,058.Pigeon_Guillemot/Pigeon_Guillemot_0043_39861.jpg,57,103,False
3350,058.Pigeon_Guillemot/Pigeon_Guillemot_0109_39872.jpg,57,64,False
3351,058.Pigeon_Guillemot/Pigeon_Guillemot_0057_40130.jpg,57,131,False
3353,058.Pigeon_Guillemot/Pigeon_Guillemot_0079_40389.jpg,57,46,False
3354,058.Pigeon_Guillemot/Pigeon_Guillemot_0052_40137.jpg,57,175,False
3356,058.Pigeon_Guillemot/Pigeon_Guillemot_0029_39889.jpg,57,26,False
3357,058.Pigeon_Guillemot/Pigeon_Guillemot_0037_40149.jpg,57,24,False
3358,058.Pigeon_Guillemot/Pigeon_Guillemot_0007_40313.jpg,57,52,False
3359,058.Pigeon_Guillemot/Pigeon_Guillemot_0087_39897.jpg,57,103,False
3361,058.Pigeon_Guillemot/Pigeon_Guillemot_0075_40159.jpg,57,147,False
3364,058.Pigeon_Guillemot/Pigeon_Guillemot_0100_40179.jpg,57,85,False
3367,058.Pigeon_Guillemot/Pigeon_Guillemot_0011_39935.jpg,57,89,False
3368,059.California_Gull/California_Gull_0131_40963.jpg,58,65,False
3370,059.California_Gull/California_Gull_0067_40973.jpg,58,93,False
3372,059.California_Gull/California_Gull_0102_40986.jpg,58,103,False
3376,059.California_Gull/California_Gull_0039_41034.jpg,58,28,False
3377,059.California_Gull/California_Gull_0034_41548.jpg,58,100,False
3378,059.California_Gull/California_Gull_0078_41550.jpg,58,70,False
3379,059.California_Gull/California_Gull_0086_41040.jpg,58,79,False
3383,059.California_Gull/California_Gull_0110_41063.jpg,58,65,False
3384,059.California_Gull/California_Gull_0037_41066.jpg,58,26,False
3386,059.California_Gull/California_Gull_0027_41083.jpg,58,10,False
3390,059.California_Gull/California_Gull_0048_41121.jpg,58,57,False
3391,059.California_Gull/California_Gull_0101_41140.jpg,58,24,False
3393,059.California_Gull/California_Gull_0028_40666.jpg,58,52,False
3399,059.California_Gull/California_Gull_0089_40716.jpg,58,60,False
3400,059.California_Gull/California_Gull_0010_40735.jpg,58,137,False
3403,059.California_Gull/California_Gull_0117_41292.jpg,58,131,False
3404,059.California_Gull/California_Gull_0088_41296.jpg,58,148,False
3406,059.California_Gull/California_Gull_0001_40786.jpg,58,49,False
3408,059.California_Gull/California_Gull_0081_41318.jpg,58,108,False
3409,059.California_Gull/California_Gull_0091_41276.jpg,58,13,False
3410,059.California_Gull/California_Gull_0043_41326.jpg,58,197,False
3411,059.California_Gull/California_Gull_0123_41330.jpg,58,130,False
3413,059.California_Gull/California_Gull_0132_40836.jpg,58,40,False
3414,059.California_Gull/California_Gull_0030_41354.jpg,58,63,False
3416,059.California_Gull/California_Gull_0058_40858.jpg,58,81,False
3417,059.California_Gull/California_Gull_0038_40865.jpg,58,60,False
3418,059.California_Gull/California_Gull_0054_40871.jpg,58,131,False
3419,059.California_Gull/California_Gull_0026_41386.jpg,58,43,False
3420,059.California_Gull/California_Gull_0014_40880.jpg,58,57,False
3421,059.California_Gull/California_Gull_0087_40909.jpg,58,59,False
3428,060.Glaucous_winged_Gull/Glaucous_Winged_Gull_0136_45059.jpg,59,59,True
3432,060.Glaucous_winged_Gull/Glaucous_Winged_Gull_0007_44575.jpg,59,166,False
3433,060.Glaucous_winged_Gull/Glaucous_Winged_Gull_0035_44576.jpg,59,61,False
3434,060.Glaucous_winged_Gull/Glaucous_Winged_Gull_0118_2081.jpg,59,88,False
3436,060.Glaucous_winged_Gull/Glaucous_Winged_Gull_0102_44579.jpg,59,47,False
3442,060.Glaucous_winged_Gull/Glaucous_Winged_Gull_0112_44731.jpg,59,0,False
3444,060.Glaucous_winged_Gull/Glaucous_Winged_Gull_0056_44658.jpg,59,197,False
3445,060.Glaucous_winged_Gull/Glaucous_Winged_Gull_0124_44663.jpg,59,24,False
3446,060.Glaucous_winged_Gull/Glaucous_Winged_Gull_0066_44669.jpg,59,63,False
3448,060.Glaucous_winged_Gull/Glaucous_Winged_Gull_0094_44696.jpg,59,146,False
3449,060.Glaucous_winged_Gull/Glaucous_Winged_Gull_0130_45210.jpg,59,107,False
3450,060.Glaucous_winged_Gull/Glaucous_Winged_Gull_0015_44198.jpg,59,70,False
3452,060.Glaucous_winged_Gull/Glaucous_Winged_Gull_0017_45224.jpg,59,50,False
3453,060.Glaucous_winged_Gull/Glaucous_Winged_Gull_0101_44718.jpg,59,45,False
3454,060.Glaucous_winged_Gull/Glaucous_Winged_Gull_0038_44719.jpg,59,48,False
3455,060.Glaucous_winged_Gull/Glaucous_Winged_Gull_0116_45236.jpg,59,75,False
3457,060.Glaucous_winged_Gull/Glaucous_Winged_Gull_0022_44733.jpg,59,174,False
3461,060.Glaucous_winged_Gull/Glaucous_Winged_Gull_0076_44744.jpg,59,1,False
3465,060.Glaucous_winged_Gull/Glaucous_Winged_Gull_0084_44775.jpg,59,180,False
3469,060.Glaucous_winged_Gull/Glaucous_Winged_Gull_0117_44298.jpg,59,63,False
3470,060.Glaucous_winged_Gull/Glaucous_Winged_Gull_0011_44827.jpg,59,26,False
3472,060.Glaucous_winged_Gull/Glaucous_Winged_Gull_0090_44836.jpg,59,152,False
3474,060.Glaucous_winged_Gull/Glaucous_Winged_Gull_0061_44852.jpg,59,198,False
3475,060.Glaucous_winged_Gull/Glaucous_Winged_Gull_0111_44856.jpg,59,60,False
3477,060.Glaucous_winged_Gull/Glaucous_Winged_Gull_0004_44361.jpg,59,57,False
3478,060.Glaucous_winged_Gull/Glaucous_Winged_Gull_0053_44881.jpg,59,60,False
3480,060.Glaucous_winged_Gull/Glaucous_Winged_Gull_0013_44381.jpg,59,24,False
3483,060.Glaucous_winged_Gull/Glaucous_Winged_Gull_0075_44455.jpg,59,105,False
3485,060.Glaucous_winged_Gull/Glaucous_Winged_Gull_0082_44528.jpg,59,103,False
3487,061.Heermann_Gull/Heermann_Gull_0093_45576.jpg,60,131,False
3489,061.Heermann_Gull/Heermann_Gull_0018_45608.jpg,60,58,False
3490,061.Heermann_Gull/Heermann_Gull_0109_45619.jpg,60,141,False
3491,061.Heermann_Gull/Heermann_Gull_0051_45622.jpg,60,147,False
3492,061.Heermann_Gull/Heermann_Gull_0118_45626.jpg,60,71,False
3494,061.Heermann_Gull/Heermann_Gull_0059_45642.jpg,60,4,False
3495,061.Heermann_Gull/Heermann_Gull_0111_45652.jpg,60,22,False
3496,061.Heermann_Gull/Heermann_Gull_0087_45658.jpg,60,193,False
3499,061.Heermann_Gull/Heermann_Gull_0023_45686.jpg,60,93,False
3500,061.Heermann_Gull/Heermann_Gull_0034_45693.jpg,60,104,False
3505,061.Heermann_Gull/Heermann_Gull_0071_45735.jpg,60,7,False
3511,061.Heermann_Gull/Heermann_Gull_0013_45771.jpg,60,193,False
3513,061.Heermann_Gull/Heermann_Gull_0138_45269.jpg,60,143,False
3514,061.Heermann_Gull/Heermann_Gull_0097_45783.jpg,60,143,False
3515,061.Heermann_Gull/Heermann_Gull_0033_45792.jpg,60,117,False
3519,061.Heermann_Gull/Heermann_Gull_0075_45295.jpg,60,51,False
3521,061.Heermann_Gull/Heermann_Gull_0031_45822.jpg,60,8,False
3522,061.Heermann_Gull/Heermann_Gull_0090_45834.jpg,60,147,False
3525,061.Heermann_Gull/Heermann_Gull_0074_45351.jpg,60,28,False
3526,061.Heermann_Gull/Heermann_Gull_0027_45864.jpg,60,59,False
3527,061.Heermann_Gull/Heermann_Gull_0091_45363.jpg,60,99,False
3528,061.Heermann_Gull/Heermann_Gull_0083_45879.jpg,60,151,False
3529,061.Heermann_Gull/Heermann_Gull_0121_45375.jpg,60,26,False
3530,061.Heermann_Gull/Heermann_Gull_0046_45888.jpg,60,140,False
3531,061.Heermann_Gull/Heermann_Gull_0055_45901.jpg,60,194,False
3536,061.Heermann_Gull/Heermann_Gull_0133_45415.jpg,60,143,False
3537,061.Heermann_Gull/Heermann_Gull_0136_45416.jpg,60,64,False
3538,061.Heermann_Gull/Heermann_Gull_0004_45936.jpg,60,86,False
3541,061.Heermann_Gull/Heermann_Gull_0110_45968.jpg,60,26,False
3543,061.Heermann_Gull/Heermann_Gull_0001_45472.jpg,60,7,False
3547,062.Herring_Gull/Herring_Gull_0049_46508.jpg,61,106,False
3548,062.Herring_Gull/Herring_Gull_0037_48655.jpg,61,43,False
3549,062.Herring_Gull/Herring_Gull_0115_47123.jpg,61,58,False
3550,062.Herring_Gull/Herring_Gull_0070_46615.jpg,61,55,False
3552,062.Herring_Gull/Herring_Gull_0083_48674.jpg,61,142,False
3554,062.Herring_Gull/Herring_Gull_0012_46654.jpg,61,106,False
3556,062.Herring_Gull/Herring_Gull_0001_48205.jpg,61,84,False
3557,062.Herring_Gull/Herring_Gull_0078_48718.jpg,61,167,False
3562,062.Herring_Gull/Herring_Gull_0071_48751.jpg,61,99,False
3566,062.Herring_Gull/Herring_Gull_0145_46220.jpg,61,91,False
3568,062.Herring_Gull/Herring_Gull_0120_48822.jpg,61,55,False
3570,062.Herring_Gull/Herring_Gull_0056_46783.jpg,61,33,False
3573,062.Herring_Gull/Herring_Gull_0080_46806.jpg,61,105,False
3576,062.Herring_Gull/Herring_Gull_0087_47841.jpg,61,60,False
3577,062.Herring_Gull/Herring_Gull_0098_46971.jpg,61,133,False
3579,062.Herring_Gull/Herring_Gull_0045_46845.jpg,61,2,False
3580,062.Herring_Gull/Herring_Gull_0015_46353.jpg,61,119,False
3581,062.Herring_Gull/Herring_Gull_0058_47383.jpg,61,115,False
3582,062.Herring_Gull/Herring_Gull_0132_47395.jpg,61,21,False
3584,062.Herring_Gull/Herring_Gull_0027_46389.jpg,61,19,False
3585,062.Herring_Gull/Herring_Gull_0068_46392.jpg,61,63,False
3592,062.Herring_Gull/Herring_Gull_0055_47994.jpg,61,14,False
3593,062.Herring_Gull/Herring_Gull_0076_47497.jpg,61,106,False
3594,062.Herring_Gull/Herring_Gull_0138_48023.jpg,61,83,False
3596,062.Herring_Gull/Herring_Gull_0061_46501.jpg,61,57,False
3598,062.Herring_Gull/Herring_Gull_0103_45996.jpg,61,61,True
3600,062.Herring_Gull/Herring_Gull_0082_47540.jpg,61,140,False
3601,062.Herring_Gull/Herring_Gull_0016_48969.jpg,61,174,False
3603,062.Herring_Gull/Herring_Gull_0093_46029.jpg,61,193,False
3604,062.Herring_Gull/Herring_Gull_0102_48078.jpg,61,83,False
3607,063.Ivory_Gull/Ivory_Gull_0110_49408.jpg,62,29,False
3613,063.Ivory_Gull/Ivory_Gull_0010_49169.jpg,62,107,False
3615,063.Ivory_Gull/Ivory_Gull_0088_49177.jpg,62,4,False
3619,063.Ivory_Gull/Ivory_Gull_0085_49456.jpg,62,56,False
3622,063.Ivory_Gull/Ivory_Gull_0118_49191.jpg,62,14,False
3623,063.Ivory_Gull/Ivory_Gull_0024_49195.jpg,62,98,False
3624,063.Ivory_Gull/Ivory_Gull_0086_49532.jpg,62,0,False
3626,063.Ivory_Gull/Ivory_Gull_0087_49202.jpg,62,110,False
3627,063.Ivory_Gull/Ivory_Gull_0062_49722.jpg,62,140,False
3631,063.Ivory_Gull/Ivory_Gull_0092_49996.jpg,62,59,False
3632,063.Ivory_Gull/Ivory_Gull_0080_49748.jpg,62,147,False
3633,063.Ivory_Gull/Ivory_Gull_0014_48983.jpg,62,178,False
3636,063.Ivory_Gull/Ivory_Gull_0050_49245.jpg,62,93,False
3638,063.Ivory_Gull/Ivory_Gull_0004_49019.jpg,62,198,False
3639,063.Ivory_Gull/Ivory_Gull_0002_49788.jpg,62,63,False
3641,063.Ivory_Gull/Ivory_Gull_0101_49790.jpg,62,43,False
3642,063.Ivory_Gull/Ivory_Gull_0114_49535.jpg,62,100,False
3643,063.Ivory_Gull/Ivory_Gull_0073_49287.jpg,62,10,False
3644,063.Ivory_Gull/Ivory_Gull_0038_49298.jpg,62,28,False
3646,063.Ivory_Gull/Ivory_Gull_0018_49988.jpg,62,86,False
3648,063.Ivory_Gull/Ivory_Gull_0077_49051.jpg,62,192,False
3649,063.Ivory_Gull/Ivory_Gull_0093_49052.jpg,62,147,False
3651,063.Ivory_Gull/Ivory_Gull_0032_49322.jpg,62,146,False
3652,063.Ivory_Gull/Ivory_Gull_0094_49347.jpg,62,16,False
3654,063.Ivory_Gull/Ivory_Gull_0108_49356.jpg,62,141,False
3656,063.Ivory_Gull/Ivory_Gull_0007_49364.jpg,62,16,False
3659,063.Ivory_Gull/Ivory_Gull_0026_49466.jpg,62,28,False
3662,063.Ivory_Gull/Ivory_Gull_0023_49385.jpg,62,83,False
3664,063.Ivory_Gull/Ivory_Gull_0071_49402.jpg,62,63,False
3666,063.Ivory_Gull/Ivory_Gull_0064_49406.jpg,62,153,False
3667,064.Ring_billed_Gull/Ring_Billed_Gull_0013_50180.jpg,63,24,False
3668,064.Ring_billed_Gull/Ring_Billed_Gull_0079_51206.jpg,63,141,False
3669,064.Ring_billed_Gull/Ring_Billed_Gull_0039_50191.jpg,63,91,False
3673,064.Ring_billed_Gull/Ring_Billed_Gull_0045_50215.jpg,63,144,False
3677,064.Ring_billed_Gull/Ring_Billed_Gull_0044_50239.jpg,63,84,False
3679,064.Ring_billed_Gull/Ring_Billed_Gull_0034_51270.jpg,63,16,False
3680,064.Ring_billed_Gull/Ring_Billed_Gull_0038_51275.jpg,63,143,False
3682,064.Ring_billed_Gull/Ring_Billed_Gull_0085_51292.jpg,63,60,False
3683,064.Ring_billed_Gull/Ring_Billed_Gull_0021_51300.jpg,63,59,False
3684,064.Ring_billed_Gull/Ring_Billed_Gull_0009_51301.jpg,63,99,False
3685,064.Ring_billed_Gull/Ring_Billed_Gull_0093_51303.jpg,63,0,False
3686,064.Ring_billed_Gull/Ring_Billed_Gull_0107_51306.jpg,63,115,False
3688,064.Ring_billed_Gull/Ring_Billed_Gull_0057_51315.jpg,63,7,False
3691,064.Ring_billed_Gull/Ring_Billed_Gull_0089_51348.jpg,63,0,False
3696,064.Ring_billed_Gull/Ring_Billed_Gull_0115_51891.jpg,63,58,False
3698,064.Ring_billed_Gull/Ring_Billed_Gull_0128_51403.jpg,63,59,False
3699,064.Ring_billed_Gull/Ring_Billed_Gull_0083_51407.jpg,63,0,False
3704,064.Ring_billed_Gull/Ring_Billed_Gull_0007_51430.jpg,63,19,False
3705,064.Ring_billed_Gull/Ring_Billed_Gull_0051_51440.jpg,63,142,False
3707,064.Ring_billed_Gull/Ring_Billed_Gull_0036_51461.jpg,63,140,False
3708,064.Ring_billed_Gull/Ring_Billed_Gull_0016_50392.jpg,63,0,False
3711,064.Ring_billed_Gull/Ring_Billed_Gull_0078_51494.jpg,63,21,False
3713,064.Ring_billed_Gull/Ring_Billed_Gull_0105_51513.jpg,63,169,False
3714,064.Ring_billed_Gull/Ring_Billed_Gull_0071_52845.jpg,63,37,False
3716,064.Ring_billed_Gull/Ring_Billed_Gull_0056_51523.jpg,63,120,False
3717,064.Ring_billed_Gull/Ring_Billed_Gull_0113_51525.jpg,63,143,False
3719,064.Ring_billed_Gull/Ring_Billed_Gull_0132_51552.jpg,63,66,False
3722,064.Ring_billed_Gull/Ring_Billed_Gull_0029_52613.jpg,63,28,False
3723,064.Ring_billed_Gull/Ring_Billed_Gull_0104_52614.jpg,63,144,False
3726,064.Ring_billed_Gull/Ring_Billed_Gull_0106_52729.jpg,63,65,False
3727,065.Slaty_backed_Gull/Slaty_Backed_Gull_0017_796034.jpg,64,151,False
3729,065.Slaty_backed_Gull/Slaty_Backed_Gull_0061_53309.jpg,64,103,False
3732,065.Slaty_backed_Gull/Slaty_Backed_Gull_0007_53334.jpg,64,41,False
3733,065.Slaty_backed_Gull/Slaty_Backed_Gull_0027_53080.jpg,64,30,False
3735,065.Slaty_backed_Gull/Slaty_Backed_Gull_0015_796004.jpg,64,85,False
3742,065.Slaty_backed_Gull/Slaty_Backed_Gull_0066_796016.jpg,64,120,False
3744,065.Slaty_backed_Gull/Slaty_Backed_Gull_0079_796020.jpg,64,76,False
3745,065.Slaty_backed_Gull/Slaty_Backed_Gull_0022_796022.jpg,64,63,False
3749,065.Slaty_backed_Gull/Slaty_Backed_Gull_0035_796026.jpg,64,71,False
3750,065.Slaty_backed_Gull/Slaty_Backed_Gull_0075_796027.jpg,64,24,False
3751,065.Slaty_backed_Gull/Slaty_Backed_Gull_0024_796028.jpg,64,45,False
3753,065.Slaty_backed_Gull/Slaty_Backed_Gull_0023_796030.jpg,64,34,False
3755,065.Slaty_backed_Gull/Slaty_Backed_Gull_0003_796032.jpg,64,56,False
3758,065.Slaty_backed_Gull/Slaty_Backed_Gull_0078_796042.jpg,64,45,False
3760,065.Slaty_backed_Gull/Slaty_Backed_Gull_0050_796045.jpg,64,34,False
3763,065.Slaty_backed_Gull/Slaty_Backed_Gull_0063_796050.jpg,64,120,False
3766,065.Slaty_backed_Gull/Slaty_Backed_Gull_0036_796053.jpg,64,22,False
3767,065.Slaty_backed_Gull/Slaty_Backed_Gull_0008_53145.jpg,64,63,False
3768,065.Slaty_backed_Gull/Slaty_Backed_Gull_0085_53158.jpg,64,128,False
3771,065.Slaty_backed_Gull/Slaty_Backed_Gull_0083_786386.jpg,64,156,False
3777,066.Western_Gull/Western_Gull_0013_54794.jpg,65,135,False
3778,066.Western_Gull/Western_Gull_0048_53776.jpg,65,0,False
3779,066.Western_Gull/Western_Gull_0078_53595.jpg,65,82,False
3782,066.Western_Gull/Western_Gull_0104_53816.jpg,65,1,False
3788,066.Western_Gull/Western_Gull_0110_53861.jpg,65,60,False
3789,066.Western_Gull/Western_Gull_0012_53605.jpg,65,99,False
3791,066.Western_Gull/Western_Gull_0143_54909.jpg,65,55,False
3793,066.Western_Gull/Western_Gull_0050_54425.jpg,65,58,False
3796,066.Western_Gull/Western_Gull_0091_55465.jpg,65,59,False
3797,066.Western_Gull/Western_Gull_0007_53431.jpg,65,10,False
3798,066.Western_Gull/Western_Gull_0070_54978.jpg,65,65,True
3800,066.Western_Gull/Western_Gull_0027_53994.jpg,65,59,False
3804,066.Western_Gull/Western_Gull_0029_54143.jpg,65,63,False
3806,066.Western_Gull/Western_Gull_0116_54037.jpg,65,63,False
3808,066.Western_Gull/Western_Gull_0069_53553.jpg,65,147,False
3809,066.Western_Gull/Western_Gull_0041_53554.jpg,65,144,False
3813,066.Western_Gull/Western_Gull_0133_55639.jpg,65,88,False
3814,066.Western_Gull/Western_Gull_0066_54105.jpg,65,86,False
3820,066.Western_Gull/Western_Gull_0021_54649.jpg,65,4,False
3821,066.Western_Gull/Western_Gull_0024_53631.jpg,65,84,False
3823,066.Western_Gull/Western_Gull_0035_55703.jpg,65,76,False
3825,066.Western_Gull/Western_Gull_0099_53670.jpg,65,134,False
3826,066.Western_Gull/Western_Gull_0065_55728.jpg,65,45,False
3827,066.Western_Gull/Western_Gull_0087_54193.jpg,65,89,False
3828,066.Western_Gull/Western_Gull_0043_54706.jpg,65,198,False
3829,066.Western_Gull/Western_Gull_0071_54207.jpg,65,109,False
3830,066.Western_Gull/Western_Gull_0045_54735.jpg,65,82,False
3831,066.Western_Gull/Western_Gull_0011_53713.jpg,65,65,True
3834,066.Western_Gull/Western_Gull_0100_54761.jpg,65,87,False
3836,066.Western_Gull/Western_Gull_0049_53748.jpg,65,18,False
3837,067.Anna_Hummingbird/Anna_Hummingbird_0106_56335.jpg,66,36,False
3838,067.Anna_Hummingbird/Anna_Hummingbird_0093_56851.jpg,66,69,False
3840,067.Anna_Hummingbird/Anna_Hummingbird_0126_55983.jpg,66,152,False
3842,067.Anna_Hummingbird/Anna_Hummingbird_0080_56366.jpg,66,135,False
3844,067.Anna_Hummingbird/Anna_Hummingbird_0027_55873.jpg,66,50,False
3846,067.Anna_Hummingbird/Anna_Hummingbird_0055_56396.jpg,66,122,False
3847,067.Anna_Hummingbird/Anna_Hummingbird_0074_56917.jpg,66,39,False
3851,067.Anna_Hummingbird/Anna_Hummingbird_0099_55916.jpg,66,175,False
3852,067.Anna_Hummingbird/Anna_Hummingbird_0087_56435.jpg,66,17,False
3855,067.Anna_Hummingbird/Anna_Hummingbird_0001_56960.jpg,66,29,False
3856,067.Anna_Hummingbird/Anna_Hummingbird_0101_56459.jpg,66,187,False
3857,067.Anna_Hummingbird/Anna_Hummingbird_0066_56486.jpg,66,84,False
3859,067.Anna_Hummingbird/Anna_Hummingbird_0086_56495.jpg,66,194,False
3863,067.Anna_Hummingbird/Anna_Hummingbird_0019_57025.jpg,66,173,False
3870,067.Anna_Hummingbird/Anna_Hummingbird_0037_56587.jpg,66,121,False
3871,067.Anna_Hummingbird/Anna_Hummingbird_0070_56085.jpg,66,135,False
3875,067.Anna_Hummingbird/Anna_Hummingbird_0053_56112.jpg,66,69,False
3876,067.Anna_Hummingbird/Anna_Hummingbird_0034_56614.jpg,66,151,False
3877,067.Anna_Hummingbird/Anna_Hummingbird_0122_56622.jpg,66,14,False
3878,067.Anna_Hummingbird/Anna_Hummingbird_0130_56122.jpg,66,113,False
3879,067.Anna_Hummingbird/Anna_Hummingbird_0022_55779.jpg,66,189,False
3880,067.Anna_Hummingbird/Anna_Hummingbird_0065_56154.jpg,66,79,False
3881,067.Anna_Hummingbird/Anna_Hummingbird_0059_56674.jpg,66,189,False
3882,067.Anna_Hummingbird/Anna_Hummingbird_0117_55785.jpg,66,186,False
3883,067.Anna_Hummingbird/Anna_Hummingbird_0031_56709.jpg,66,14,False
3884,067.Anna_Hummingbird/Anna_Hummingbird_0018_56732.jpg,66,32,False
3885,067.Anna_Hummingbird/Anna_Hummingbird_0096_56754.jpg,66,67,False
3886,067.Anna_Hummingbird/Anna_Hummingbird_0085_56756.jpg,66,92,False
3895,067.Anna_Hummingbird/Anna_Hummingbird_0036_56809.jpg,66,5,False
3896,067.Anna_Hummingbird/Anna_Hummingbird_0119_56309.jpg,66,188,False
3898,068.Ruby_throated_Hummingbird/Ruby_Throated_Hummingbird_0005_57349.jpg,67,180,False
3899,068.Ruby_throated_Hummingbird/Ruby_Throated_Hummingbird_0077_57858.jpg,67,138,False
3900,068.Ruby_throated_Hummingbird/Ruby_Throated_Hummingbird_0123_57745.jpg,67,91,False
3903,068.Ruby_throated_Hummingbird/Ruby_Throated_Hummingbird_0126_57371.jpg,67,126,False
3907,068.Ruby_throated_Hummingbird/Ruby_Throated_Hummingbird_0007_57388.jpg,67,40,False
3908,068.Ruby_throated_Hummingbird/Ruby_Throated_Hummingbird_0072_57391.jpg,67,194,False
3909,068.Ruby_throated_Hummingbird/Ruby_Throated_Hummingbird_0009_57904.jpg,67,11,False
3911,068.Ruby_throated_Hummingbird/Ruby_Throated_Hummingbird_0090_57411.jpg,67,14,False
3914,068.Ruby_throated_Hummingbird/Ruby_Throated_Hummingbird_0052_57432.jpg,67,126,False
3917,068.Ruby_throated_Hummingbird/Ruby_Throated_Hummingbird_0040_57982.jpg,67,140,False
3918,068.Ruby_throated_Hummingbird/Ruby_Throated_Hummingbird_0014_57477.jpg,67,155,False
3921,068.Ruby_throated_Hummingbird/Ruby_Throated_Hummingbird_0050_57510.jpg,67,43,False
3923,068.Ruby_throated_Hummingbird/Ruby_Throated_Hummingbird_0066_57518.jpg,67,14,False
3924,068.Ruby_throated_Hummingbird/Ruby_Throated_Hummingbird_0116_58031.jpg,67,179,False
3925,068.Ruby_throated_Hummingbird/Ruby_Throated_Hummingbird_0118_57536.jpg,67,96,False
3926,068.Ruby_throated_Hummingbird/Ruby_Throated_Hummingbird_0075_57537.jpg,67,144,False
3927,068.Ruby_throated_Hummingbird/Ruby_Throated_Hummingbird_0115_58067.jpg,67,17,False
3929,068.Ruby_throated_Hummingbird/Ruby_Throated_Hummingbird_0103_57573.jpg,67,92,False
3934,068.Ruby_throated_Hummingbird/Ruby_Throated_Hummingbird_0048_57222.jpg,67,67,True
3935,068.Ruby_throated_Hummingbird/Ruby_Throated_Hummingbird_0076_57649.jpg,67,195,False
3937,068.Ruby_throated_Hummingbird/Ruby_Throated_Hummingbird_0108_57653.jpg,67,145,False
3938,068.Ruby_throated_Hummingbird/Ruby_Throated_Hummingbird_0032_58168.jpg,67,101,False
3939,068.Ruby_throated_Hummingbird/Ruby_Throated_Hummingbird_0129_57666.jpg,67,198,False
3940,068.Ruby_throated_Hummingbird/Ruby_Throated_Hummingbird_0008_58204.jpg,67,137,False
3943,068.Ruby_throated_Hummingbird/Ruby_Throated_Hummingbird_0013_57212.jpg,67,112,False
3944,068.Ruby_throated_Hummingbird/Ruby_Throated_Hummingbird_0025_57835.jpg,67,68,False
3945,068.Ruby_throated_Hummingbird/Ruby_Throated_Hummingbird_0046_57225.jpg,67,37,False
3947,068.Ruby_throated_Hummingbird/Ruby_Throated_Hummingbird_0128_58281.jpg,67,13,False
3951,068.Ruby_throated_Hummingbird/Ruby_Throated_Hummingbird_0120_58316.jpg,67,106,False
3953,068.Ruby_throated_Hummingbird/Ruby_Throated_Hummingbird_0131_57813.jpg,67,148,False
3958,069.Rufous_Hummingbird/Rufous_Hummingbird_0009_59405.jpg,68,144,False
3960,069.Rufous_Hummingbird/Rufous_Hummingbird_0002_58387.jpg,68,31,False
3963,069.Rufous_Hummingbird/Rufous_Hummingbird_0101_59420.jpg,68,78,False
3965,069.Rufous_Hummingbird/Rufous_Hummingbird_0021_58408.jpg,68,180,False
3968,069.Rufous_Hummingbird/Rufous_Hummingbird_0125_58932.jpg,68,104,False
3971,069.Rufous_Hummingbird/Rufous_Hummingbird_0134_59449.jpg,68,53,False
3973,069.Rufous_Hummingbird/Rufous_Hummingbird_0027_59456.jpg,68,112,False
3974,069.Rufous_Hummingbird/Rufous_Hummingbird_0007_58433.jpg,68,131,False
3976,069.Rufous_Hummingbird/Rufous_Hummingbird_0014_59476.jpg,68,48,False
3977,069.Rufous_Hummingbird/Rufous_Hummingbird_0011_59480.jpg,68,159,False
3978,069.Rufous_Hummingbird/Rufous_Hummingbird_0057_59489.jpg,68,40,False
3980,069.Rufous_Hummingbird/Rufous_Hummingbird_0130_59500.jpg,68,187,False
3982,069.Rufous_Hummingbird/Rufous_Hummingbird_0052_59581.jpg,68,125,False
3983,069.Rufous_Hummingbird/Rufous_Hummingbird_0071_59505.jpg,68,199,False
3985,069.Rufous_Hummingbird/Rufous_Hummingbird_0067_59510.jpg,68,188,False
3986,069.Rufous_Hummingbird/Rufous_Hummingbird_0017_59520.jpg,68,33,False
3987,069.Rufous_Hummingbird/Rufous_Hummingbird_0065_58497.jpg,68,15,False
3989,069.Rufous_Hummingbird/Rufous_Hummingbird_0124_58465.jpg,68,141,False
3991,069.Rufous_Hummingbird/Rufous_Hummingbird_0100_59541.jpg,68,127,False
3992,069.Rufous_Hummingbird/Rufous_Hummingbird_0036_59562.jpg,68,94,False
3993,069.Rufous_Hummingbird/Rufous_Hummingbird_0076_59563.jpg,68,195,False
3994,069.Rufous_Hummingbird/Rufous_Hummingbird_0081_59592.jpg,68,36,False
3999,069.Rufous_Hummingbird/Rufous_Hummingbird_0090_58598.jpg,68,140,False
4001,069.Rufous_Hummingbird/Rufous_Hummingbird_0046_59647.jpg,68,120,False
4002,069.Rufous_Hummingbird/Rufous_Hummingbird_0016_59660.jpg,68,67,False
4004,069.Rufous_Hummingbird/Rufous_Hummingbird_0119_59681.jpg,68,116,False
4009,069.Rufous_Hummingbird/Rufous_Hummingbird_0075_59619.jpg,68,175,False
4010,069.Rufous_Hummingbird/Rufous_Hummingbird_0074_59231.jpg,68,162,False
4013,069.Rufous_Hummingbird/Rufous_Hummingbird_0128_60398.jpg,68,72,False
4014,069.Rufous_Hummingbird/Rufous_Hummingbird_0121_59376.jpg,68,125,False
4020,070.Green_Violetear/Green_Violetear_0064_795661.jpg,69,122,False
4021,070.Green_Violetear/Green_Violetear_0003_795662.jpg,69,14,False
4025,070.Green_Violetear/Green_Violetear_0073_795680.jpg,69,119,False
4026,070.Green_Violetear/Green_Violetear_0066_795682.jpg,69,135,False
4033,070.Green_Violetear/Green_Violetear_0002_795699.jpg,69,187,False
4034,070.Green_Violetear/Green_Violetear_0057_795701.jpg,69,151,False
4036,070.Green_Violetear/Green_Violetear_0008_795703.jpg,69,175,False
4037,070.Green_Violetear/Green_Violetear_0092_795704.jpg,69,199,False
4038,070.Green_Violetear/Green_Violetear_0024_795705.jpg,69,14,False
4040,070.Green_Violetear/Green_Violetear_0032_795707.jpg,69,148,False
4042,070.Green_Violetear/Green_Violetear_0055_795712.jpg,69,173,False
4043,070.Green_Violetear/Green_Violetear_0112_795713.jpg,69,36,False
4045,070.Green_Violetear/Green_Violetear_0044_795717.jpg,69,14,False
4046,070.Green_Violetear/Green_Violetear_0074_795720.jpg,69,147,False
4047,070.Green_Violetear/Green_Violetear_0069_795723.jpg,69,58,False
4048,070.Green_Violetear/Green_Violetear_0119_795724.jpg,69,56,False
4050,070.Green_Violetear/Green_Violetear_0045_60765.jpg,69,35,False
4051,070.Green_Violetear/Green_Violetear_0031_60774.jpg,69,77,False
4052,070.Green_Violetear/Green_Violetear_0107_60781.jpg,69,74,False
4053,070.Green_Violetear/Green_Violetear_0048_60789.jpg,69,36,False
4054,070.Green_Violetear/Green_Violetear_0034_60792.jpg,69,107,False
4056,070.Green_Violetear/Green_Violetear_0022_60799.jpg,69,40,False
4058,070.Green_Violetear/Green_Violetear_0029_60808.jpg,69,55,False
4059,070.Green_Violetear/Green_Violetear_0114_60809.jpg,69,11,False
4062,070.Green_Violetear/Green_Violetear_0078_60844.jpg,69,186,False
4063,070.Green_Violetear/Green_Violetear_0072_60858.jpg,69,1,False
4064,070.Green_Violetear/Green_Violetear_0110_60866.jpg,69,67,False
4065,070.Green_Violetear/Green_Violetear_0059_60873.jpg,69,118,False
4070,070.Green_Violetear/Green_Violetear_0081_795638.jpg,69,115,False
4073,070.Green_Violetear/Green_Violetear_0106_795643.jpg,69,69,True
4077,071.Long_tailed_Jaeger/Long_Tailed_Jaeger_0025_60937.jpg,70,146,False
4080,071.Long_tailed_Jaeger/Long_Tailed_Jaeger_0033_60955.jpg,70,109,False
4081,071.Long_tailed_Jaeger/Long_Tailed_Jaeger_0030_60961.jpg,70,188,False
4083,071.Long_tailed_Jaeger/Long_Tailed_Jaeger_0044_60968.jpg,70,141,False
4084,071.Long_tailed_Jaeger/Long_Tailed_Jaeger_0019_60970.jpg,70,138,False
4085,071.Long_tailed_Jaeger/Long_Tailed_Jaeger_0017_797081.jpg,70,48,False
4086,071.Long_tailed_Jaeger/Long_Tailed_Jaeger_0064_60999.jpg,70,109,False
4087,071.Long_tailed_Jaeger/Long_Tailed_Jaeger_0045_61007.jpg,70,61,False
4088,071.Long_tailed_Jaeger/Long_Tailed_Jaeger_0065_61042.jpg,70,71,False
4089,071.Long_tailed_Jaeger/Long_Tailed_Jaeger_0055_61046.jpg,70,96,False
4094,071.Long_tailed_Jaeger/Long_Tailed_Jaeger_0049_797063.jpg,70,57,False
4098,071.Long_tailed_Jaeger/Long_Tailed_Jaeger_0023_797072.jpg,70,82,False
4099,071.Long_tailed_Jaeger/Long_Tailed_Jaeger_0063_797073.jpg,70,194,False
4101,071.Long_tailed_Jaeger/Long_Tailed_Jaeger_0047_797075.jpg,70,136,False
4102,071.Long_tailed_Jaeger/Long_Tailed_Jaeger_0036_797076.jpg,70,103,False
4104,071.Long_tailed_Jaeger/Long_Tailed_Jaeger_0059_797079.jpg,70,52,False
4106,071.Long_tailed_Jaeger/Long_Tailed_Jaeger_0003_61082.jpg,70,193,False
4108,071.Long_tailed_Jaeger/Long_Tailed_Jaeger_0020_61084.jpg,70,11,False
4109,071.Long_tailed_Jaeger/Long_Tailed_Jaeger_0028_797082.jpg,70,44,False
4110,071.Long_tailed_Jaeger/Long_Tailed_Jaeger_0014_797086.jpg,70,64,False
4115,071.Long_tailed_Jaeger/Long_Tailed_Jaeger_0066_60921.jpg,70,142,False
4118,071.Long_tailed_Jaeger/Long_Tailed_Jaeger_0057_797094.jpg,70,158,False
4119,071.Long_tailed_Jaeger/Long_Tailed_Jaeger_0051_797095.jpg,70,47,False
4120,071.Long_tailed_Jaeger/Long_Tailed_Jaeger_0016_797084.jpg,70,114,False
4121,071.Long_tailed_Jaeger/Long_Tailed_Jaeger_0026_797098.jpg,70,143,False
4123,071.Long_tailed_Jaeger/Long_Tailed_Jaeger_0035_797100.jpg,70,191,False
4125,071.Long_tailed_Jaeger/Long_Tailed_Jaeger_0034_797102.jpg,70,135,False
4128,071.Long_tailed_Jaeger/Long_Tailed_Jaeger_0046_797103.jpg,70,41,False
4132,071.Long_tailed_Jaeger/Long_Tailed_Jaeger_0010_60895.jpg,70,50,False
4135,071.Long_tailed_Jaeger/Long_Tailed_Jaeger_0024_60915.jpg,70,146,False
4138,072.Pomarine_Jaeger/Pomarine_Jaeger_0030_61447.jpg,71,63,False
4139,072.Pomarine_Jaeger/Pomarine_Jaeger_0010_61457.jpg,71,6,False
4140,072.Pomarine_Jaeger/Pomarine_Jaeger_0008_61231.jpg,71,0,False
4141,072.Pomarine_Jaeger/Pomarine_Jaeger_0034_61247.jpg,71,117,False
4144,072.Pomarine_Jaeger/Pomarine_Jaeger_0051_795738.jpg,71,150,False
4145,072.Pomarine_Jaeger/Pomarine_Jaeger_0077_795739.jpg,71,165,False
4148,072.Pomarine_Jaeger/Pomarine_Jaeger_0058_795746.jpg,71,140,False
4150,072.Pomarine_Jaeger/Pomarine_Jaeger_0033_795749.jpg,71,100,False
4151,072.Pomarine_Jaeger/Pomarine_Jaeger_0045_795750.jpg,71,130,False
4152,072.Pomarine_Jaeger/Pomarine_Jaeger_0080_795751.jpg,71,143,False
4153,072.Pomarine_Jaeger/Pomarine_Jaeger_0042_795755.jpg,71,91,False
4161,072.Pomarine_Jaeger/Pomarine_Jaeger_0027_795767.jpg,71,26,False
4163,072.Pomarine_Jaeger/Pomarine_Jaeger_0056_795770.jpg,71,142,False
4168,072.Pomarine_Jaeger/Pomarine_Jaeger_0021_795776.jpg,71,68,False
4169,072.Pomarine_Jaeger/Pomarine_Jaeger_0011_795777.jpg,71,118,False
4172,072.Pomarine_Jaeger/Pomarine_Jaeger_0017_795782.jpg,71,22,False
4175,072.Pomarine_Jaeger/Pomarine_Jaeger_0054_795791.jpg,71,109,False
4176,072.Pomarine_Jaeger/Pomarine_Jaeger_0053_795792.jpg,71,68,False
4177,072.Pomarine_Jaeger/Pomarine_Jaeger_0049_795795.jpg,71,89,False
4179,072.Pomarine_Jaeger/Pomarine_Jaeger_0028_795797.jpg,71,71,True
4180,072.Pomarine_Jaeger/Pomarine_Jaeger_0014_61335.jpg,71,191,False
4181,072.Pomarine_Jaeger/Pomarine_Jaeger_0073_795800.jpg,71,56,False
4182,072.Pomarine_Jaeger/Pomarine_Jaeger_0059_61347.jpg,71,80,False
4185,072.Pomarine_Jaeger/Pomarine_Jaeger_0062_61351.jpg,71,51,False
4186,072.Pomarine_Jaeger/Pomarine_Jaeger_0002_61361.jpg,71,22,False
4187,072.Pomarine_Jaeger/Pomarine_Jaeger_0029_61365.jpg,71,54,False
4189,072.Pomarine_Jaeger/Pomarine_Jaeger_0069_61381.jpg,71,92,False
4192,072.Pomarine_Jaeger/Pomarine_Jaeger_0063_61406.jpg,71,90,False
4195,072.Pomarine_Jaeger/Pomarine_Jaeger_0015_61429.jpg,71,175,False
4196,072.Pomarine_Jaeger/Pomarine_Jaeger_0023_61431.jpg,71,84,False
4198,073.Blue_Jay/Blue_Jay_0033_62024.jpg,72,31,False
4200,073.Blue_Jay/Blue_Jay_0006_63504.jpg,72,53,False
4202,073.Blue_Jay/Blue_Jay_0081_61714.jpg,72,121,False
4204,073.Blue_Jay/Blue_Jay_0053_62744.jpg,72,166,False
4205,073.Blue_Jay/Blue_Jay_0056_61723.jpg,72,14,False
4206,073.Blue_Jay/Blue_Jay_0088_63264.jpg,72,74,False
4207,073.Blue_Jay/Blue_Jay_0044_62759.jpg,72,29,False
4210,073.Blue_Jay/Blue_Jay_0083_61492.jpg,72,81,False
4212,073.Blue_Jay/Blue_Jay_0012_63753.jpg,72,122,False
4213,073.Blue_Jay/Blue_Jay_0082_62524.jpg,72,21,False
4215,073.Blue_Jay/Blue_Jay_0055_61507.jpg,72,17,False
4217,073.Blue_Jay/Blue_Jay_0096_63330.jpg,72,117,False
4220,073.Blue_Jay/Blue_Jay_0068_61543.jpg,72,187,False
4222,073.Blue_Jay/Blue_Jay_0060_62570.jpg,72,146,False
4224,073.Blue_Jay/Blue_Jay_0028_63599.jpg,72,23,False
4225,073.Blue_Jay/Blue_Jay_0020_63604.jpg,72,190,False
4226,073.Blue_Jay/Blue_Jay_0036_61560.jpg,72,90,False
4227,073.Blue_Jay/Blue_Jay_0062_62585.jpg,72,116,False
4228,073.Blue_Jay/Blue_Jay_0049_63082.jpg,72,148,False
4231,073.Blue_Jay/Blue_Jay_0031_62913.jpg,72,45,False
4235,073.Blue_Jay/Blue_Jay_0079_62626.jpg,72,171,False
4237,073.Blue_Jay/Blue_Jay_0011_63660.jpg,72,107,False
4245,073.Blue_Jay/Blue_Jay_0101_62882.jpg,72,113,False
4246,073.Blue_Jay/Blue_Jay_0092_61654.jpg,72,34,False
4247,073.Blue_Jay/Blue_Jay_0076_61817.jpg,72,155,False
4249,073.Blue_Jay/Blue_Jay_0018_63455.jpg,72,127,False
4250,073.Blue_Jay/Blue_Jay_0072_62944.jpg,72,122,False
4252,073.Blue_Jay/Blue_Jay_0094_62698.jpg,72,104,False
4253,073.Blue_Jay/Blue_Jay_0029_62199.jpg,72,85,False
4255,073.Blue_Jay/Blue_Jay_0050_62974.jpg,72,167,False
4258,074.Florida_Jay/Florida_Jay_0105_64522.jpg,73,35,False
4261,074.Florida_Jay/Florida_Jay_0004_65042.jpg,73,113,False
4262,074.Florida_Jay/Florida_Jay_0086_65025.jpg,73,30,False
4264,074.Florida_Jay/Florida_Jay_0103_64537.jpg,73,10,False
4265,074.Florida_Jay/Florida_Jay_0016_65051.jpg,73,26,False
4270,074.Florida_Jay/Florida_Jay_0061_65097.jpg,73,133,False
4274,074.Florida_Jay/Florida_Jay_0083_64599.jpg,73,35,False
4277,074.Florida_Jay/Florida_Jay_0110_64605.jpg,73,43,False
4280,074.Florida_Jay/Florida_Jay_0012_64887.jpg,73,152,False
4281,074.Florida_Jay/Florida_Jay_0052_64633.jpg,73,3,False
4284,074.Florida_Jay/Florida_Jay_0100_64645.jpg,73,148,False
4285,074.Florida_Jay/Florida_Jay_0097_64906.jpg,73,84,False
4287,074.Florida_Jay/Florida_Jay_0011_64920.jpg,73,173,False
4288,074.Florida_Jay/Florida_Jay_0044_64664.jpg,73,134,False
4292,074.Florida_Jay/Florida_Jay_0026_64938.jpg,73,31,False
4293,074.Florida_Jay/Florida_Jay_0005_64940.jpg,73,121,False
4294,074.Florida_Jay/Florida_Jay_0027_64689.jpg,73,113,False
4295,074.Florida_Jay/Florida_Jay_0078_64692.jpg,73,103,False
4298,074.Florida_Jay/Florida_Jay_0013_64706.jpg,73,177,False
4300,074.Florida_Jay/Florida_Jay_0007_64708.jpg,73,135,False
4304,074.Florida_Jay/Florida_Jay_0009_64723.jpg,73,156,False
4305,074.Florida_Jay/Florida_Jay_0080_64505.jpg,73,54,False
4307,074.Florida_Jay/Florida_Jay_0041_64734.jpg,73,18,False
4308,074.Florida_Jay/Florida_Jay_0099_64735.jpg,73,116,False
4310,074.Florida_Jay/Florida_Jay_0065_64739.jpg,73,16,False
4311,074.Florida_Jay/Florida_Jay_0062_64996.jpg,73,149,False
4312,074.Florida_Jay/Florida_Jay_0058_64997.jpg,73,4,False
4313,074.Florida_Jay/Florida_Jay_0046_64488.jpg,73,55,False
4314,074.Florida_Jay/Florida_Jay_0073_64896.jpg,73,197,False
4315,074.Florida_Jay/Florida_Jay_0017_65017.jpg,73,112,False
4317,075.Green_Jay/Green_Jay_0041_65548.jpg,74,147,False
4318,075.Green_Jay/Green_Jay_0064_65552.jpg,74,93,False
4319,075.Green_Jay/Green_Jay_0089_66075.jpg,74,147,False
4322,075.Green_Jay/Green_Jay_0059_65586.jpg,74,108,False
4323,075.Green_Jay/Green_Jay_0126_65716.jpg,74,123,False
4327,075.Green_Jay/Green_Jay_0029_65637.jpg,74,18,False
4330,075.Green_Jay/Green_Jay_0052_66174.jpg,74,133,False
4333,075.Green_Jay/Green_Jay_0038_65702.jpg,74,18,False
4335,075.Green_Jay/Green_Jay_0028_65719.jpg,74,46,False
4336,075.Green_Jay/Green_Jay_0077_65736.jpg,74,35,False
4337,075.Green_Jay/Green_Jay_0118_66251.jpg,74,61,False
4338,075.Green_Jay/Green_Jay_0042_65740.jpg,74,75,False
4339,075.Green_Jay/Green_Jay_0115_65745.jpg,74,25,False
4340,075.Green_Jay/Green_Jay_0047_65757.jpg,74,114,False
4344,075.Green_Jay/Green_Jay_0027_65783.jpg,74,35,False
4351,075.Green_Jay/Green_Jay_0106_65811.jpg,74,189,False
4353,075.Green_Jay/Green_Jay_0030_65824.jpg,74,59,False
4357,075.Green_Jay/Green_Jay_0124_65848.jpg,74,180,False
4359,075.Green_Jay/Green_Jay_0098_65857.jpg,74,66,False
4364,075.Green_Jay/Green_Jay_0092_65884.jpg,74,40,False
4365,075.Green_Jay/Green_Jay_0130_65885.jpg,74,124,False
4366,075.Green_Jay/Green_Jay_0132_65886.jpg,74,160,False
4367,075.Green_Jay/Green_Jay_0074_65889.jpg,74,191,False
4368,075.Green_Jay/Green_Jay_0090_65895.jpg,74,173,False
4371,075.Green_Jay/Green_Jay_0104_65908.jpg,74,88,False
4372,075.Green_Jay/Green_Jay_0063_65925.jpg,74,3,False
4373,075.Green_Jay/Green_Jay_0011_65947.jpg,74,109,False
4375,076.Dark_eyed_Junco/Dark_Eyed_Junco_0015_66576.jpg,75,148,False
4376,076.Dark_eyed_Junco/Dark_Eyed_Junco_0057_68650.jpg,75,15,False
4377,076.Dark_eyed_Junco/Dark_Eyed_Junco_0106_68139.jpg,75,146,False
4378,076.Dark_eyed_Junco/Dark_Eyed_Junco_0023_68661.jpg,75,103,False
4379,076.Dark_eyed_Junco/Dark_Eyed_Junco_0124_67664.jpg,75,183,False
4381,076.Dark_eyed_Junco/Dark_Eyed_Junco_0010_66649.jpg,75,121,False
4382,076.Dark_eyed_Junco/Dark_Eyed_Junco_0017_67676.jpg,75,74,False
4384,076.Dark_eyed_Junco/Dark_Eyed_Junco_0063_67688.jpg,75,38,False
4386,076.Dark_eyed_Junco/Dark_Eyed_Junco_0044_68213.jpg,75,113,False
4388,076.Dark_eyed_Junco/Dark_Eyed_Junco_0040_66689.jpg,75,141,False
4389,076.Dark_eyed_Junco/Dark_Eyed_Junco_0016_68738.jpg,75,164,False
4393,076.Dark_eyed_Junco/Dark_Eyed_Junco_0058_68784.jpg,75,35,False
4395,076.Dark_eyed_Junco/Dark_Eyed_Junco_0014_66258.jpg,75,175,False
4396,076.Dark_eyed_Junco/Dark_Eyed_Junco_0021_66261.jpg,75,119,False
4397,076.Dark_eyed_Junco/Dark_Eyed_Junco_0031_66785.jpg,75,175,False
4399,076.Dark_eyed_Junco/Dark_Eyed_Junco_0011_66280.jpg,75,129,False
4400,076.Dark_eyed_Junco/Dark_Eyed_Junco_0104_67820.jpg,75,124,False
4402,076.Dark_eyed_Junco/Dark_Eyed_Junco_0059_66305.jpg,75,126,False
4403,076.Dark_eyed_Junco/Dark_Eyed_Junco_0093_67335.jpg,75,131,False
4404,076.Dark_eyed_Junco/Dark_Eyed_Junco_0037_66321.jpg,75,48,False
4408,076.Dark_eyed_Junco/Dark_Eyed_Junco_0078_66866.jpg,75,139,False
4409,076.Dark_eyed_Junco/Dark_Eyed_Junco_0069_68416.jpg,75,108,False
4411,076.Dark_eyed_Junco/Dark_Eyed_Junco_0102_67402.jpg,75,155,False
4413,076.Dark_eyed_Junco/Dark_Eyed_Junco_0024_68961.jpg,75,54,False
4418,076.Dark_eyed_Junco/Dark_Eyed_Junco_0131_66423.jpg,75,35,False
4419,076.Dark_eyed_Junco/Dark_Eyed_Junco_0114_67964.jpg,75,109,False
4421,076.Dark_eyed_Junco/Dark_Eyed_Junco_0083_66449.jpg,75,15,False
4425,076.Dark_eyed_Junco/Dark_Eyed_Junco_0041_66464.jpg,75,75,True
4430,076.Dark_eyed_Junco/Dark_Eyed_Junco_0105_66479.jpg,75,176,False
4431,076.Dark_eyed_Junco/Dark_Eyed_Junco_0111_66488.jpg,75,13,False
4436,077.Tropical_Kingbird/Tropical_Kingbird_0019_69643.jpg,76,187,False
4438,077.Tropical_Kingbird/Tropical_Kingbird_0068_69397.jpg,76,188,False
4441,077.Tropical_Kingbird/Tropical_Kingbird_0073_69401.jpg,76,143,False
4442,077.Tropical_Kingbird/Tropical_Kingbird_0006_69521.jpg,76,104,False
4444,077.Tropical_Kingbird/Tropical_Kingbird_0005_69662.jpg,76,96,False
4446,077.Tropical_Kingbird/Tropical_Kingbird_0002_69595.jpg,76,146,False
4447,077.Tropical_Kingbird/Tropical_Kingbird_0036_69939.jpg,76,11,False
4451,077.Tropical_Kingbird/Tropical_Kingbird_0045_69605.jpg,76,50,False
4455,077.Tropical_Kingbird/Tropical_Kingbird_0114_69700.jpg,76,55,False
4457,077.Tropical_Kingbird/Tropical_Kingbird_0038_69455.jpg,76,170,False
4460,077.Tropical_Kingbird/Tropical_Kingbird_0047_69719.jpg,76,117,False
4461,077.Tropical_Kingbird/Tropical_Kingbird_0075_69978.jpg,76,102,False
4462,077.Tropical_Kingbird/Tropical_Kingbird_0040_69728.jpg,76,133,False
4463,077.Tropical_Kingbird/Tropical_Kingbird_0110_69731.jpg,76,109,False
4464,077.Tropical_Kingbird/Tropical_Kingbird_0027_69735.jpg,76,74,False
4466,077.Tropical_Kingbird/Tropical_Kingbird_0095_69482.jpg,76,110,False
4467,077.Tropical_Kingbird/Tropical_Kingbird_0052_69739.jpg,76,126,False
4468,077.Tropical_Kingbird/Tropical_Kingbird_0115_69485.jpg,76,177,False
4469,077.Tropical_Kingbird/Tropical_Kingbird_0022_69742.jpg,76,57,False
4470,077.Tropical_Kingbird/Tropical_Kingbird_0034_69242.jpg,76,91,False
4472,077.Tropical_Kingbird/Tropical_Kingbird_0039_69253.jpg,76,148,False
4474,077.Tropical_Kingbird/Tropical_Kingbird_0067_69792.jpg,76,51,False
4479,077.Tropical_Kingbird/Tropical_Kingbird_0084_69312.jpg,76,131,False
4480,077.Tropical_Kingbird/Tropical_Kingbird_0066_69320.jpg,76,187,False
4481,077.Tropical_Kingbird/Tropical_Kingbird_0024_69582.jpg,76,173,False
4486,077.Tropical_Kingbird/Tropical_Kingbird_0088_69856.jpg,76,15,False
4487,077.Tropical_Kingbird/Tropical_Kingbird_0051_69609.jpg,76,60,False
4488,077.Tropical_Kingbird/Tropical_Kingbird_0043_69613.jpg,76,63,False
4492,077.Tropical_Kingbird/Tropical_Kingbird_0079_69371.jpg,76,118,False
4493,077.Tropical_Kingbird/Tropical_Kingbird_0063_69589.jpg,76,46,False
4496,078.Gray_Kingbird/Gray_Kingbird_0056_70156.jpg,77,5,False
4497,078.Gray_Kingbird/Gray_Kingbird_0017_70161.jpg,77,51,False
4499,078.Gray_Kingbird/Gray_Kingbird_0053_70166.jpg,77,76,False
4500,078.Gray_Kingbird/Gray_Kingbird_0084_70171.jpg,77,186,False
4501,078.Gray_Kingbird/Gray_Kingbird_0036_70184.jpg,77,109,False
4502,078.Gray_Kingbird/Gray_Kingbird_0075_70188.jpg,77,65,False
4503,078.Gray_Kingbird/Gray_Kingbird_0077_70191.jpg,77,143,False
4504,078.Gray_Kingbird/Gray_Kingbird_0001_70224.jpg,77,181,False
4505,078.Gray_Kingbird/Gray_Kingbird_0014_70227.jpg,77,171,False
4506,078.Gray_Kingbird/Gray_Kingbird_0021_70228.jpg,77,134,False
4507,078.Gray_Kingbird/Gray_Kingbird_0049_795022.jpg,77,87,False
4512,078.Gray_Kingbird/Gray_Kingbird_0054_70264.jpg,77,60,False
4514,078.Gray_Kingbird/Gray_Kingbird_0081_70276.jpg,77,142,False
4515,078.Gray_Kingbird/Gray_Kingbird_0019_795013.jpg,77,60,False
4516,078.Gray_Kingbird/Gray_Kingbird_0082_795014.jpg,77,87,False
4517,078.Gray_Kingbird/Gray_Kingbird_0029_795015.jpg,77,37,False
4522,078.Gray_Kingbird/Gray_Kingbird_0055_70290.jpg,77,107,False
4525,078.Gray_Kingbird/Gray_Kingbird_0004_70293.jpg,77,56,False
4527,078.Gray_Kingbird/Gray_Kingbird_0043_795032.jpg,77,193,False
4532,078.Gray_Kingbird/Gray_Kingbird_0070_70051.jpg,77,41,False
4533,078.Gray_Kingbird/Gray_Kingbird_0031_70308.jpg,77,48,False
4535,078.Gray_Kingbird/Gray_Kingbird_0010_70057.jpg,77,160,False
4536,078.Gray_Kingbird/Gray_Kingbird_0044_70322.jpg,77,76,False
4537,078.Gray_Kingbird/Gray_Kingbird_0034_70069.jpg,77,76,False
4538,078.Gray_Kingbird/Gray_Kingbird_0076_70070.jpg,77,184,False
4543,078.Gray_Kingbird/Gray_Kingbird_0013_70135.jpg,77,42,False
4545,078.Gray_Kingbird/Gray_Kingbird_0005_70103.jpg,77,9,False
4547,078.Gray_Kingbird/Gray_Kingbird_0032_70111.jpg,77,194,False
4552,078.Gray_Kingbird/Gray_Kingbird_0051_70139.jpg,77,146,False
4555,079.Belted_Kingfisher/Belted_Kingfisher_0008_70668.jpg,78,104,False
4560,079.Belted_Kingfisher/Belted_Kingfisher_0094_70698.jpg,78,140,False
4566,079.Belted_Kingfisher/Belted_Kingfisher_0019_70744.jpg,78,16,False
4571,079.Belted_Kingfisher/Belted_Kingfisher_0025_70501.jpg,78,45,False
4576,079.Belted_Kingfisher/Belted_Kingfisher_0057_70582.jpg,78,73,False
4577,079.Belted_Kingfisher/Belted_Kingfisher_0079_70524.jpg,78,175,False
4579,079.Belted_Kingfisher/Belted_Kingfisher_0009_70536.jpg,78,130,False
4583,079.Belted_Kingfisher/Belted_Kingfisher_0104_70596.jpg,78,37,False
4584,079.Belted_Kingfisher/Belted_Kingfisher_0108_70554.jpg,78,160,False
4585,079.Belted_Kingfisher/Belted_Kingfisher_0065_70560.jpg,78,66,False
4586,079.Belted_Kingfisher/Belted_Kingfisher_0086_70569.jpg,78,12,False
4587,079.Belted_Kingfisher/Belted_Kingfisher_0032_70573.jpg,78,5,False
4588,079.Belted_Kingfisher/Belted_Kingfisher_0063_70835.jpg,78,35,False
4589,079.Belted_Kingfisher/Belted_Kingfisher_0012_70325.jpg,78,131,False
4591,079.Belted_Kingfisher/Belted_Kingfisher_0071_70584.jpg,78,53,False
4592,079.Belted_Kingfisher/Belted_Kingfisher_0034_70329.jpg,78,27,False
4593,079.Belted_Kingfisher/Belted_Kingfisher_0058_70848.jpg,78,101,False
4594,079.Belted_Kingfisher/Belted_Kingfisher_0017_70342.jpg,78,107,False
4595,079.Belted_Kingfisher/Belted_Kingfisher_0096_70347.jpg,78,79,False
4596,079.Belted_Kingfisher/Belted_Kingfisher_0066_70356.jpg,78,26,False
4597,079.Belted_Kingfisher/Belted_Kingfisher_0028_70358.jpg,78,174,False
4598,079.Belted_Kingfisher/Belted_Kingfisher_0093_70360.jpg,78,105,False
4600,079.Belted_Kingfisher/Belted_Kingfisher_0077_70620.jpg,78,83,False
4601,079.Belted_Kingfisher/Belted_Kingfisher_0078_70366.jpg,78,112,False
4602,079.Belted_Kingfisher/Belted_Kingfisher_0006_70625.jpg,78,143,False
4603,079.Belted_Kingfisher/Belted_Kingfisher_0107_70883.jpg,78,120,False
4605,079.Belted_Kingfisher/Belted_Kingfisher_0112_70634.jpg,78,167,False
4606,079.Belted_Kingfisher/Belted_Kingfisher_0015_70638.jpg,78,95,False
4610,079.Belted_Kingfisher/Belted_Kingfisher_0027_70397.jpg,78,78,True
4611,079.Belted_Kingfisher/Belted_Kingfisher_0014_70910.jpg,78,7,False
4613,080.Green_Kingfisher/Green_Kingfisher_0046_71178.jpg,79,156,False
4615,080.Green_Kingfisher/Green_Kingfisher_0093_71185.jpg,79,79,True
4618,080.Green_Kingfisher/Green_Kingfisher_0060_66074.jpg,79,173,False
4622,080.Green_Kingfisher/Green_Kingfisher_0043_71212.jpg,79,13,False
4623,080.Green_Kingfisher/Green_Kingfisher_0017_70957.jpg,79,104,False
4624,080.Green_Kingfisher/Green_Kingfisher_0074_71214.jpg,79,117,False
4626,080.Green_Kingfisher/Green_Kingfisher_0003_70970.jpg,79,47,False
4630,080.Green_Kingfisher/Green_Kingfisher_0028_70981.jpg,79,47,False
4633,080.Green_Kingfisher/Green_Kingfisher_0057_71096.jpg,79,143,False
4636,080.Green_Kingfisher/Green_Kingfisher_0021_71009.jpg,79,169,False
4637,080.Green_Kingfisher/Green_Kingfisher_0079_71267.jpg,79,123,False
4638,080.Green_Kingfisher/Green_Kingfisher_0026_71059.jpg,79,173,False
4640,080.Green_Kingfisher/Green_Kingfisher_0092_71106.jpg,79,191,False
4641,080.Green_Kingfisher/Green_Kingfisher_0013_71293.jpg,79,109,False
4642,080.Green_Kingfisher/Green_Kingfisher_0009_70933.jpg,79,193,False
4643,080.Green_Kingfisher/Green_Kingfisher_0006_71297.jpg,79,109,False
4644,080.Green_Kingfisher/Green_Kingfisher_0015_71042.jpg,79,47,False
4648,080.Green_Kingfisher/Green_Kingfisher_0002_71055.jpg,79,148,False
4649,080.Green_Kingfisher/Green_Kingfisher_0053_71319.jpg,79,125,False
4650,080.Green_Kingfisher/Green_Kingfisher_0045_71064.jpg,79,53,False
4651,080.Green_Kingfisher/Green_Kingfisher_0089_71325.jpg,79,198,False
4652,080.Green_Kingfisher/Green_Kingfisher_0034_71075.jpg,79,176,False
4662,080.Green_Kingfisher/Green_Kingfisher_0088_71122.jpg,79,107,False
4663,080.Green_Kingfisher/Green_Kingfisher_0077_71129.jpg,79,135,False
4664,080.Green_Kingfisher/Green_Kingfisher_0070_71387.jpg,79,164,False
4666,080.Green_Kingfisher/Green_Kingfisher_0035_71133.jpg,79,96,False
4667,080.Green_Kingfisher/Green_Kingfisher_0001_71138.jpg,79,68,False
4668,080.Green_Kingfisher/Green_Kingfisher_0039_71037.jpg,79,171,False
4670,080.Green_Kingfisher/Green_Kingfisher_0036_71156.jpg,79,31,False
4671,080.Green_Kingfisher/Green_Kingfisher_0007_71163.jpg,79,31,False
4673,081.Pied_Kingfisher/Pied_Kingfisher_0132_72706.jpg,80,74,False
4675,081.Pied_Kingfisher/Pied_Kingfisher_0002_71698.jpg,80,117,False
4676,081.Pied_Kingfisher/Pied_Kingfisher_0028_72221.jpg,80,104,False
4679,081.Pied_Kingfisher/Pied_Kingfisher_0053_72761.jpg,80,112,False
4681,081.Pied_Kingfisher/Pied_Kingfisher_0036_72275.jpg,80,91,False
4682,081.Pied_Kingfisher/Pied_Kingfisher_0068_72278.jpg,80,87,False
4684,081.Pied_Kingfisher/Pied_Kingfisher_0054_72296.jpg,80,91,False
4685,081.Pied_Kingfisher/Pied_Kingfisher_0015_72299.jpg,80,46,False
4687,081.Pied_Kingfisher/Pied_Kingfisher_0032_71792.jpg,80,96,False
4689,081.Pied_Kingfisher/Pied_Kingfisher_0031_71829.jpg,80,150,False
4690,081.Pied_Kingfisher/Pied_Kingfisher_0102_72349.jpg,80,44,False
4693,081.Pied_Kingfisher/Pied_Kingfisher_0065_71871.jpg,80,102,False
4696,081.Pied_Kingfisher/Pied_Kingfisher_0047_72401.jpg,80,82,False
4697,081.Pied_Kingfisher/Pied_Kingfisher_0097_71895.jpg,80,93,False
4698,081.Pied_Kingfisher/Pied_Kingfisher_0116_71900.jpg,80,59,False
4704,081.Pied_Kingfisher/Pied_Kingfisher_0027_71434.jpg,80,130,False
4705,081.Pied_Kingfisher/Pied_Kingfisher_0117_71947.jpg,80,150,False
4707,081.Pied_Kingfisher/Pied_Kingfisher_0025_72469.jpg,80,170,False
4709,081.Pied_Kingfisher/Pied_Kingfisher_0059_72492.jpg,80,103,False
4710,081.Pied_Kingfisher/Pied_Kingfisher_0078_71985.jpg,80,160,False
4711,081.Pied_Kingfisher/Pied_Kingfisher_0021_72498.jpg,80,194,False
4715,081.Pied_Kingfisher/Pied_Kingfisher_0095_72008.jpg,80,169,False
4720,081.Pied_Kingfisher/Pied_Kingfisher_0030_72603.jpg,80,75,False
4721,081.Pied_Kingfisher/Pied_Kingfisher_0013_72114.jpg,80,120,False
4722,081.Pied_Kingfisher/Pied_Kingfisher_0118_72115.jpg,80,189,False
4725,081.Pied_Kingfisher/Pied_Kingfisher_0004_72135.jpg,80,1,False
4728,081.Pied_Kingfisher/Pied_Kingfisher_0067_71641.jpg,80,39,False
4730,081.Pied_Kingfisher/Pied_Kingfisher_0045_71143.jpg,80,144,False
4731,081.Pied_Kingfisher/Pied_Kingfisher_0018_71657.jpg,80,47,False
4732,081.Pied_Kingfisher/Pied_Kingfisher_0085_71557.jpg,80,100,False
4733,082.Ringed_Kingfisher/Ringed_Kingfisher_0079_72961.jpg,81,172,False
4735,082.Ringed_Kingfisher/Ringed_Kingfisher_0012_72974.jpg,81,79,False
4736,082.Ringed_Kingfisher/Ringed_Kingfisher_0033_73133.jpg,81,191,False
4739,082.Ringed_Kingfisher/Ringed_Kingfisher_0107_72983.jpg,81,117,False
4740,082.Ringed_Kingfisher/Ringed_Kingfisher_0075_73135.jpg,81,22,False
4741,082.Ringed_Kingfisher/Ringed_Kingfisher_0003_72994.jpg,81,139,False
4742,082.Ringed_Kingfisher/Ringed_Kingfisher_0051_72997.jpg,81,31,False
4746,082.Ringed_Kingfisher/Ringed_Kingfisher_0035_73012.jpg,81,14,False
4750,082.Ringed_Kingfisher/Ringed_Kingfisher_0038_73041.jpg,81,122,False
4751,082.Ringed_Kingfisher/Ringed_Kingfisher_0009_72786.jpg,81,177,False
4752,082.Ringed_Kingfisher/Ringed_Kingfisher_0001_73048.jpg,81,25,False
4753,082.Ringed_Kingfisher/Ringed_Kingfisher_0087_72794.jpg,81,14,False
4754,082.Ringed_Kingfisher/Ringed_Kingfisher_0025_72795.jpg,81,133,False
4755,082.Ringed_Kingfisher/Ringed_Kingfisher_0083_73053.jpg,81,25,False
4758,082.Ringed_Kingfisher/Ringed_Kingfisher_0078_72826.jpg,81,101,False
4759,082.Ringed_Kingfisher/Ringed_Kingfisher_0005_73086.jpg,81,84,False
4761,082.Ringed_Kingfisher/Ringed_Kingfisher_0091_72839.jpg,81,2,False
4763,082.Ringed_Kingfisher/Ringed_Kingfisher_0040_72852.jpg,81,168,False
4766,082.Ringed_Kingfisher/Ringed_Kingfisher_0073_73118.jpg,81,7,False
4771,082.Ringed_Kingfisher/Ringed_Kingfisher_0074_73130.jpg,81,116,False
4773,082.Ringed_Kingfisher/Ringed_Kingfisher_0060_73132.jpg,81,67,False
4774,082.Ringed_Kingfisher/Ringed_Kingfisher_0043_72877.jpg,81,156,False
4775,082.Ringed_Kingfisher/Ringed_Kingfisher_0020_72888.jpg,81,55,False
4778,082.Ringed_Kingfisher/Ringed_Kingfisher_0023_72910.jpg,81,177,False
4781,082.Ringed_Kingfisher/Ringed_Kingfisher_0101_72919.jpg,81,66,False
4783,082.Ringed_Kingfisher/Ringed_Kingfisher_0080_72923.jpg,81,161,False
4785,082.Ringed_Kingfisher/Ringed_Kingfisher_0102_72941.jpg,81,48,False
4787,082.Ringed_Kingfisher/Ringed_Kingfisher_0089_72947.jpg,81,74,False
4789,082.Ringed_Kingfisher/Ringed_Kingfisher_0072_72954.jpg,81,160,False
4791,082.Ringed_Kingfisher/Ringed_Kingfisher_0018_72957.jpg,81,95,False
4793,083.White_breasted_Kingfisher/White_Breasted_Kingfisher_0037_73220.jpg,82,82,True
4795,083.White_breasted_Kingfisher/White_Breasted_Kingfisher_0098_73227.jpg,82,115,False
4796,083.White_breasted_Kingfisher/White_Breasted_Kingfisher_0004_73741.jpg,82,186,False
4797,083.White_breasted_Kingfisher/White_Breasted_Kingfisher_0023_73230.jpg,82,146,False
4798,083.White_breasted_Kingfisher/White_Breasted_Kingfisher_0029_73233.jpg,82,73,False
4800,083.White_breasted_Kingfisher/White_Breasted_Kingfisher_0071_73236.jpg,82,60,False
4802,083.White_breasted_Kingfisher/White_Breasted_Kingfisher_0073_73498.jpg,82,43,False
4805,083.White_breasted_Kingfisher/White_Breasted_Kingfisher_0047_73251.jpg,82,159,False
4808,083.White_breasted_Kingfisher/White_Breasted_Kingfisher_0101_73261.jpg,82,126,False
4811,083.White_breasted_Kingfisher/White_Breasted_Kingfisher_0040_73266.jpg,82,133,False
4815,083.White_breasted_Kingfisher/White_Breasted_Kingfisher_0048_73292.jpg,82,72,False
4816,083.White_breasted_Kingfisher/White_Breasted_Kingfisher_0116_73295.jpg,82,136,False
4817,083.White_breasted_Kingfisher/White_Breasted_Kingfisher_0096_73552.jpg,82,46,False
4818,083.White_breasted_Kingfisher/White_Breasted_Kingfisher_0067_73300.jpg,82,144,False
4819,083.White_breasted_Kingfisher/White_Breasted_Kingfisher_0019_73306.jpg,82,198,False
4823,083.White_breasted_Kingfisher/White_Breasted_Kingfisher_0030_73335.jpg,82,170,False
4824,083.White_breasted_Kingfisher/White_Breasted_Kingfisher_0003_73195.jpg,82,65,False
4825,083.White_breasted_Kingfisher/White_Breasted_Kingfisher_0045_73600.jpg,82,25,False
4827,083.White_breasted_Kingfisher/White_Breasted_Kingfisher_0017_73355.jpg,82,124,False
4829,083.White_breasted_Kingfisher/White_Breasted_Kingfisher_0063_73365.jpg,82,51,False
4830,083.White_breasted_Kingfisher/White_Breasted_Kingfisher_0012_73367.jpg,82,25,False
4831,083.White_breasted_Kingfisher/White_Breasted_Kingfisher_0111_73369.jpg,82,197,False
4832,083.White_breasted_Kingfisher/White_Breasted_Kingfisher_0089_73371.jpg,82,15,False
4833,083.White_breasted_Kingfisher/White_Breasted_Kingfisher_0065_73372.jpg,82,49,False
4834,083.White_breasted_Kingfisher/White_Breasted_Kingfisher_0078_73373.jpg,82,107,False
4836,083.White_breasted_Kingfisher/White_Breasted_Kingfisher_0104_73398.jpg,82,172,False
4837,083.White_breasted_Kingfisher/White_Breasted_Kingfisher_0119_73401.jpg,82,69,False
4843,083.White_breasted_Kingfisher/White_Breasted_Kingfisher_0050_73682.jpg,82,149,False
4846,083.White_breasted_Kingfisher/White_Breasted_Kingfisher_0052_73446.jpg,82,120,False
4847,083.White_breasted_Kingfisher/White_Breasted_Kingfisher_0015_73192.jpg,82,129,False
4854,084.Red_legged_Kittiwake/Red_Legged_Kittiwake_0033_795395.jpg,83,50,False
4856,084.Red_legged_Kittiwake/Red_Legged_Kittiwake_0050_795397.jpg,83,88,False
4862,084.Red_legged_Kittiwake/Red_Legged_Kittiwake_0051_795404.jpg,83,86,False
4863,084.Red_legged_Kittiwake/Red_Legged_Kittiwake_0013_795413.jpg,83,29,False
4864,084.Red_legged_Kittiwake/Red_Legged_Kittiwake_0060_795414.jpg,83,63,False
4865,084.Red_legged_Kittiwake/Red_Legged_Kittiwake_0043_795416.jpg,83,86,False
4866,084.Red_legged_Kittiwake/Red_Legged_Kittiwake_0058_795417.jpg,83,198,False
4870,084.Red_legged_Kittiwake/Red_Legged_Kittiwake_0059_795424.jpg,83,50,False
4872,084.Red_legged_Kittiwake/Red_Legged_Kittiwake_0039_795429.jpg,83,11,False
4874,084.Red_legged_Kittiwake/Red_Legged_Kittiwake_0014_795432.jpg,83,131,False
4875,084.Red_legged_Kittiwake/Red_Legged_Kittiwake_0048_73770.jpg,83,187,False
4879,084.Red_legged_Kittiwake/Red_Legged_Kittiwake_0020_795439.jpg,83,143,False
4883,084.Red_legged_Kittiwake/Red_Legged_Kittiwake_0047_795445.jpg,83,182,False
4884,084.Red_legged_Kittiwake/Red_Legged_Kittiwake_0028_795450.jpg,83,54,False
4885,084.Red_legged_Kittiwake/Red_Legged_Kittiwake_0017_795451.jpg,83,98,False
4888,084.Red_legged_Kittiwake/Red_Legged_Kittiwake_0040_795455.jpg,83,114,False
4889,084.Red_legged_Kittiwake/Red_Legged_Kittiwake_0015_73792.jpg,83,96,False
4890,084.Red_legged_Kittiwake/Red_Legged_Kittiwake_0042_795457.jpg,83,143,False
4891,084.Red_legged_Kittiwake/Red_Legged_Kittiwake_0009_795459.jpg,83,164,False
4901,084.Red_legged_Kittiwake/Red_Legged_Kittiwake_0037_73794.jpg,83,149,False
4902,084.Red_legged_Kittiwake/Red_Legged_Kittiwake_0061_795420.jpg,83,88,False
4903,084.Red_legged_Kittiwake/Red_Legged_Kittiwake_0003_795389.jpg,83,100,False
4905,084.Red_legged_Kittiwake/Red_Legged_Kittiwake_0062_795434.jpg,83,86,False
4908,085.Horned_Lark/Horned_Lark_0115_74271.jpg,84,73,False
4909,085.Horned_Lark/Horned_Lark_0065_74279.jpg,84,28,False
4911,085.Horned_Lark/Horned_Lark_0110_73826.jpg,84,127,False
4913,085.Horned_Lark/Horned_Lark_0033_74344.jpg,84,164,False
4914,085.Horned_Lark/Horned_Lark_0082_73833.jpg,84,56,False
4915,085.Horned_Lark/Horned_Lark_0006_73836.jpg,84,140,False
4917,085.Horned_Lark/Horned_Lark_0126_74354.jpg,84,103,False
4918,085.Horned_Lark/Horned_Lark_0001_73835.jpg,84,133,False
4919,085.Horned_Lark/Horned_Lark_0004_73861.jpg,84,165,False
4921,085.Horned_Lark/Horned_Lark_0056_74896.jpg,84,3,False
4924,085.Horned_Lark/Horned_Lark_0141_74396.jpg,84,140,False
4925,085.Horned_Lark/Horned_Lark_0026_74910.jpg,84,149,False
4926,085.Horned_Lark/Horned_Lark_0064_74864.jpg,84,55,False
4927,085.Horned_Lark/Horned_Lark_0048_73894.jpg,84,166,False
4928,085.Horned_Lark/Horned_Lark_0094_74407.jpg,84,62,False
4931,085.Horned_Lark/Horned_Lark_0125_73910.jpg,84,146,False
4932,085.Horned_Lark/Horned_Lark_0020_73914.jpg,84,91,False
4934,085.Horned_Lark/Horned_Lark_0083_74444.jpg,84,96,False
4936,085.Horned_Lark/Horned_Lark_0034_73940.jpg,84,100,False
4939,085.Horned_Lark/Horned_Lark_0014_74963.jpg,84,3,False
4940,085.Horned_Lark/Horned_Lark_0139_74492.jpg,84,3,False
4942,085.Horned_Lark/Horned_Lark_0087_73989.jpg,84,119,False
4943,085.Horned_Lark/Horned_Lark_0019_73996.jpg,84,75,False
4944,085.Horned_Lark/Horned_Lark_0012_74511.jpg,84,1,False
4949,085.Horned_Lark/Horned_Lark_0075_74126.jpg,84,66,False
4958,085.Horned_Lark/Horned_Lark_0104_74142.jpg,84,182,False
4960,085.Horned_Lark/Horned_Lark_0112_73971.jpg,84,62,False
4962,085.Horned_Lark/Horned_Lark_0037_74696.jpg,84,103,False
4963,085.Horned_Lark/Horned_Lark_0108_74193.jpg,84,33,False
4965,085.Horned_Lark/Horned_Lark_0040_74214.jpg,84,57,False
4966,086.Pacific_Loon/Pacific_Loon_0001_75521.jpg,85,0,False
4967,086.Pacific_Loon/Pacific_Loon_0048_75524.jpg,85,89,False
4971,086.Pacific_Loon/Pacific_Loon_0064_75532.jpg,85,147,False
4973,086.Pacific_Loon/Pacific_Loon_0027_75542.jpg,85,85,True
4976,086.Pacific_Loon/Pacific_Loon_0049_75780.jpg,85,145,False
4978,086.Pacific_Loon/Pacific_Loon_0024_75555.jpg,85,42,False
4979,086.Pacific_Loon/Pacific_Loon_0041_75782.jpg,85,147,False
4980,086.Pacific_Loon/Pacific_Loon_0004_75815.jpg,85,47,False
4981,086.Pacific_Loon/Pacific_Loon_0010_75818.jpg,85,105,False
4982,086.Pacific_Loon/Pacific_Loon_0018_75564.jpg,85,117,False
4983,086.Pacific_Loon/Pacific_Loon_0033_75571.jpg,85,45,False
4984,086.Pacific_Loon/Pacific_Loon_0005_75829.jpg,85,24,False
4986,086.Pacific_Loon/Pacific_Loon_0068_75836.jpg,85,89,False
4987,086.Pacific_Loon/Pacific_Loon_0062_75587.jpg,85,91,False
4989,086.Pacific_Loon/Pacific_Loon_0045_75589.jpg,85,61,False
4990,086.Pacific_Loon/Pacific_Loon_0026_75593.jpg,85,183,False
4991,086.Pacific_Loon/Pacific_Loon_0020_75596.jpg,85,57,False
4995,086.Pacific_Loon/Pacific_Loon_0053_77673.jpg,85,85,True
4996,086.Pacific_Loon/Pacific_Loon_0042_75385.jpg,85,45,False
4998,086.Pacific_Loon/Pacific_Loon_0050_75388.jpg,85,73,False
4999,086.Pacific_Loon/Pacific_Loon_0047_75393.jpg,85,89,False
5002,086.Pacific_Loon/Pacific_Loon_0040_75414.jpg,85,49,False
5005,086.Pacific_Loon/Pacific_Loon_0008_75428.jpg,85,62,False
5009,086.Pacific_Loon/Pacific_Loon_0032_75441.jpg,85,85,True
5010,086.Pacific_Loon/Pacific_Loon_0003_75442.jpg,85,0,False
5012,086.Pacific_Loon/Pacific_Loon_0069_75446.jpg,85,45,False
5013,086.Pacific_Loon/Pacific_Loon_0059_75706.jpg,85,52,False
5015,086.Pacific_Loon/Pacific_Loon_0044_75467.jpg,85,28,False
5021,086.Pacific_Loon/Pacific_Loon_0043_75747.jpg,85,44,False
5025,086.Pacific_Loon/Pacific_Loon_0002_75775.jpg,85,55,False
5026,087.Mallard/Mallard_0131_76296.jpg,86,44,False
5027,087.Mallard/Mallard_0016_76315.jpg,86,86,True
5028,087.Mallard/Mallard_0044_76317.jpg,86,86,True
5029,087.Mallard/Mallard_0130_76836.jpg,86,63,False
5031,087.Mallard/Mallard_0115_76840.jpg,86,107,False
5034,087.Mallard/Mallard_0128_77396.jpg,86,141,False
5036,087.Mallard/Mallard_0038_76902.jpg,86,182,False
5041,087.Mallard/Mallard_0033_76565.jpg,86,51,False
5045,087.Mallard/Mallard_0064_76654.jpg,86,130,False
5046,087.Mallard/Mallard_0024_75932.jpg,86,6,False
5049,087.Mallard/Mallard_0048_76995.jpg,86,86,True
5051,087.Mallard/Mallard_0107_76498.jpg,86,89,False
5055,087.Mallard/Mallard_0028_76010.jpg,86,86,True
5056,087.Mallard/Mallard_0043_77038.jpg,86,89,False
5057,087.Mallard/Mallard_0112_77046.jpg,86,70,False
5059,087.Mallard/Mallard_0083_77052.jpg,86,182,False
5060,087.Mallard/Mallard_0106_77568.jpg,86,44,False
5061,087.Mallard/Mallard_0089_77068.jpg,86,132,False
5062,087.Mallard/Mallard_0070_77588.jpg,86,88,False
5066,087.Mallard/Mallard_0035_77095.jpg,86,104,False
5070,087.Mallard/Mallard_0109_76616.jpg,86,61,False
5071,087.Mallard/Mallard_0045_77129.jpg,86,99,False
5072,087.Mallard/Mallard_0067_77623.jpg,86,190,False
5074,087.Mallard/Mallard_0087_77499.jpg,86,166,False
5077,087.Mallard/Mallard_0006_77171.jpg,86,28,False
5078,087.Mallard/Mallard_0046_76165.jpg,86,54,False
5081,087.Mallard/Mallard_0138_76735.jpg,86,59,False
5082,087.Mallard/Mallard_0078_76238.jpg,86,112,False
5084,087.Mallard/Mallard_0081_76266.jpg,86,35,False
5085,087.Mallard/Mallard_0004_76958.jpg,86,0,False
5090,088.Western_Meadowlark/Western_Meadowlark_0034_78869.jpg,87,14,False
5094,088.Western_Meadowlark/Western_Meadowlark_0060_78368.jpg,87,147,False
5095,088.Western_Meadowlark/Western_Meadowlark_0116_77862.jpg,87,76,False
5097,088.Western_Meadowlark/Western_Meadowlark_0032_78633.jpg,87,120,False
5098,088.Western_Meadowlark/Western_Meadowlark_0086_78636.jpg,87,185,False
5100,088.Western_Meadowlark/Western_Meadowlark_0019_77876.jpg,87,172,False
5101,088.Western_Meadowlark/Western_Meadowlark_0018_77880.jpg,87,120,False
5102,088.Western_Meadowlark/Western_Meadowlark_0115_77882.jpg,87,92,False
5103,088.Western_Meadowlark/Western_Meadowlark_0099_78176.jpg,87,126,False
5104,088.Western_Meadowlark/Western_Meadowlark_0121_78402.jpg,87,62,False
5105,088.Western_Meadowlark/Western_Meadowlark_0022_78410.jpg,87,60,False
5106,088.Western_Meadowlark/Western_Meadowlark_0108_78155.jpg,87,192,False
5107,088.Western_Meadowlark/Western_Meadowlark_0096_77901.jpg,87,143,False
5108,088.Western_Meadowlark/Western_Meadowlark_0111_78674.jpg,87,102,False
5110,088.Western_Meadowlark/Western_Meadowlark_0014_78421.jpg,87,106,False
5113,088.Western_Meadowlark/Western_Meadowlark_0107_78608.jpg,87,193,False
5115,088.Western_Meadowlark/Western_Meadowlark_0026_78438.jpg,87,119,False
5118,088.Western_Meadowlark/Western_Meadowlark_0033_78312.jpg,87,182,False
5119,088.Western_Meadowlark/Western_Meadowlark_0083_78197.jpg,87,132,False
5120,088.Western_Meadowlark/Western_Meadowlark_0063_77946.jpg,87,150,False
5122,088.Western_Meadowlark/Western_Meadowlark_0028_78487.jpg,87,173,False
5124,088.Western_Meadowlark/Western_Meadowlark_0101_78899.jpg,87,22,False
5125,088.Western_Meadowlark/Western_Meadowlark_0103_78500.jpg,87,126,False
5132,088.Western_Meadowlark/Western_Meadowlark_0037_77759.jpg,87,58,False
5133,088.Western_Meadowlark/Western_Meadowlark_0067_78529.jpg,87,98,False
5134,088.Western_Meadowlark/Western_Meadowlark_0064_78027.jpg,87,131,False
5136,088.Western_Meadowlark/Western_Meadowlark_0100_78037.jpg,87,91,False
5137,088.Western_Meadowlark/Western_Meadowlark_0029_78832.jpg,87,139,False
5140,088.Western_Meadowlark/Western_Meadowlark_0091_78576.jpg,87,130,False
5141,088.Western_Meadowlark/Western_Meadowlark_0076_77811.jpg,87,193,False
5146,089.Hooded_Merganser/Hooded_Merganser_0056_79112.jpg,88,52,False
5150,089.Hooded_Merganser/Hooded_Merganser_0022_79153.jpg,88,13,False
5154,089.Hooded_Merganser/Hooded_Merganser_0037_796731.jpg,88,88,True
5156,089.Hooded_Merganser/Hooded_Merganser_0007_79157.jpg,88,146,False
5160,089.Hooded_Merganser/Hooded_Merganser_0012_796748.jpg,88,17,False
5161,089.Hooded_Merganser/Hooded_Merganser_0048_796749.jpg,88,58,False
5165,089.Hooded_Merganser/Hooded_Merganser_0076_796756.jpg,88,45,False
5166,089.Hooded_Merganser/Hooded_Merganser_0074_796757.jpg,88,98,False
5167,089.Hooded_Merganser/Hooded_Merganser_0071_796760.jpg,88,88,True
5169,089.Hooded_Merganser/Hooded_Merganser_0046_796764.jpg,88,80,False
5177,089.Hooded_Merganser/Hooded_Merganser_0086_796780.jpg,88,62,False
5178,089.Hooded_Merganser/Hooded_Merganser_0002_796781.jpg,88,88,True
5179,089.Hooded_Merganser/Hooded_Merganser_0026_796782.jpg,88,58,False
5182,089.Hooded_Merganser/Hooded_Merganser_0047_78962.jpg,88,26,False
5183,089.Hooded_Merganser/Hooded_Merganser_0087_78972.jpg,88,99,False
5186,089.Hooded_Merganser/Hooded_Merganser_0018_78979.jpg,88,58,False
5188,089.Hooded_Merganser/Hooded_Merganser_0092_78989.jpg,88,49,False
5189,089.Hooded_Merganser/Hooded_Merganser_0025_78996.jpg,88,19,False
5190,089.Hooded_Merganser/Hooded_Merganser_0062_78998.jpg,88,52,False
5191,089.Hooded_Merganser/Hooded_Merganser_0043_796783.jpg,88,0,False
5192,089.Hooded_Merganser/Hooded_Merganser_0009_79012.jpg,88,115,False
5193,089.Hooded_Merganser/Hooded_Merganser_0010_796785.jpg,88,0,False
5195,089.Hooded_Merganser/Hooded_Merganser_0094_796786.jpg,88,2,False
5197,089.Hooded_Merganser/Hooded_Merganser_0016_79079.jpg,88,49,False
5198,089.Hooded_Merganser/Hooded_Merganser_0064_79040.jpg,88,99,False
5199,089.Hooded_Merganser/Hooded_Merganser_0020_79046.jpg,88,70,False
5201,089.Hooded_Merganser/Hooded_Merganser_0068_79057.jpg,88,9,False
5202,089.Hooded_Merganser/Hooded_Merganser_0028_79061.jpg,88,7,False
5203,089.Hooded_Merganser/Hooded_Merganser_0063_79064.jpg,88,88,True
5205,089.Hooded_Merganser/Hooded_Merganser_0072_78973.jpg,88,79,False
5207,090.Red_breasted_Merganser/Red_Breasted_Merganser_0031_79372.jpg,89,76,False
5209,090.Red_breasted_Merganser/Red_Breasted_Merganser_0043_79295.jpg,89,141,False
5213,090.Red_breasted_Merganser/Red_Breasted_Merganser_0030_79411.jpg,89,52,False
5214,090.Red_breasted_Merganser/Red_Breasted_Merganser_0067_79167.jpg,89,88,False
5216,090.Red_breasted_Merganser/Red_Breasted_Merganser_0012_79425.jpg,89,89,True
5218,090.Red_breasted_Merganser/Red_Breasted_Merganser_0052_79178.jpg,89,89,True
5219,090.Red_breasted_Merganser/Red_Breasted_Merganser_0077_79180.jpg,89,57,False
5220,090.Red_breasted_Merganser/Red_Breasted_Merganser_0042_79202.jpg,89,49,False
5223,090.Red_breasted_Merganser/Red_Breasted_Merganser_0061_79453.jpg,89,25,False
5224,090.Red_breasted_Merganser/Red_Breasted_Merganser_0001_79199.jpg,89,85,False
5225,090.Red_breasted_Merganser/Red_Breasted_Merganser_0035_79200.jpg,89,45,False
5226,090.Red_breasted_Merganser/Red_Breasted_Merganser_0008_79458.jpg,89,143,False
5227,090.Red_breasted_Merganser/Red_Breasted_Merganser_0068_79203.jpg,89,49,False
5228,090.Red_breasted_Merganser/Red_Breasted_Merganser_0069_79204.jpg,89,136,False
5229,090.Red_breasted_Merganser/Red_Breasted_Merganser_0014_79205.jpg,89,52,False
5232,090.Red_breasted_Merganser/Red_Breasted_Merganser_0082_79214.jpg,89,62,False
5234,090.Red_breasted_Merganser/Red_Breasted_Merganser_0051_79474.jpg,89,89,True
5238,090.Red_breasted_Merganser/Red_Breasted_Merganser_0024_79483.jpg,89,100,False
5240,090.Red_breasted_Merganser/Red_Breasted_Merganser_0004_79232.jpg,89,44,False
5243,090.Red_breasted_Merganser/Red_Breasted_Merganser_0079_79519.jpg,89,100,False
5245,090.Red_breasted_Merganser/Red_Breasted_Merganser_0066_79275.jpg,89,63,False
5247,090.Red_breasted_Merganser/Red_Breasted_Merganser_0027_79284.jpg,89,84,False
5250,090.Red_breasted_Merganser/Red_Breasted_Merganser_0034_79292.jpg,89,99,False
5253,090.Red_breasted_Merganser/Red_Breasted_Merganser_0083_79562.jpg,89,57,False
5254,090.Red_breasted_Merganser/Red_Breasted_Merganser_0064_79563.jpg,89,70,False
5257,090.Red_breasted_Merganser/Red_Breasted_Merganser_0070_79570.jpg,89,49,False
5258,090.Red_breasted_Merganser/Red_Breasted_Merganser_0041_79574.jpg,89,51,False
5259,090.Red_breasted_Merganser/Red_Breasted_Merganser_0009_79576.jpg,89,139,False
5263,090.Red_breasted_Merganser/Red_Breasted_Merganser_0056_79348.jpg,89,60,False
5265,090.Red_breasted_Merganser/Red_Breasted_Merganser_0045_79358.jpg,89,85,False
5266,091.Mockingbird/Mockingbird_0030_79876.jpg,90,53,False
5272,091.Mockingbird/Mockingbird_0006_79819.jpg,90,90,True
5273,091.Mockingbird/Mockingbird_0095_81177.jpg,90,72,False
5274,091.Mockingbird/Mockingbird_0084_80670.jpg,90,106,False
5275,091.Mockingbird/Mockingbird_0018_81183.jpg,90,3,False
5276,091.Mockingbird/Mockingbird_0054_81703.jpg,90,146,False
5277,091.Mockingbird/Mockingbird_0078_80426.jpg,90,166,False
5282,091.Mockingbird/Mockingbird_0076_79934.jpg,90,6,False
5283,091.Mockingbird/Mockingbird_0025_79935.jpg,90,16,False
5284,091.Mockingbird/Mockingbird_0012_81216.jpg,90,177,False
5290,091.Mockingbird/Mockingbird_0027_80980.jpg,90,18,False
5291,091.Mockingbird/Mockingbird_0013_82010.jpg,90,178,False
5293,091.Mockingbird/Mockingbird_0060_79972.jpg,90,39,False
5296,091.Mockingbird/Mockingbird_0026_81214.jpg,90,186,False
5298,091.Mockingbird/Mockingbird_0042_81728.jpg,90,55,False
5299,091.Mockingbird/Mockingbird_0067_79723.jpg,90,149,False
5301,091.Mockingbird/Mockingbird_0040_79680.jpg,90,39,False
5306,091.Mockingbird/Mockingbird_0022_80552.jpg,90,121,False
5307,091.Mockingbird/Mockingbird_0064_81068.jpg,90,179,False
5309,091.Mockingbird/Mockingbird_0082_80570.jpg,90,171,False
5311,091.Mockingbird/Mockingbird_0003_80833.jpg,90,40,False
5312,091.Mockingbird/Mockingbird_0001_79812.jpg,90,84,False
5316,091.Mockingbird/Mockingbird_0021_80343.jpg,90,128,False
5317,091.Mockingbird/Mockingbird_0089_80601.jpg,90,86,False
5318,091.Mockingbird/Mockingbird_0098_81117.jpg,90,195,False
5319,091.Mockingbird/Mockingbird_0071_80357.jpg,90,139,False
5320,091.Mockingbird/Mockingbird_0009_81130.jpg,90,113,False
5321,091.Mockingbird/Mockingbird_0051_79599.jpg,90,0,False
5324,091.Mockingbird/Mockingbird_0016_79605.jpg,90,131,False
5325,091.Mockingbird/Mockingbird_0023_80121.jpg,90,75,False
5326,092.Nighthawk/Nighthawk_0078_795340.jpg,91,87,False
5328,092.Nighthawk/Nighthawk_0016_84490.jpg,91,51,False
5329,092.Nighthawk/Nighthawk_0017_84237.jpg,91,35,False
5330,092.Nighthawk/Nighthawk_0064_82196.jpg,91,149,False
5331,092.Nighthawk/Nighthawk_0029_83733.jpg,91,103,False
5332,092.Nighthawk/Nighthawk_0084_84510.jpg,91,111,False
5334,092.Nighthawk/Nighthawk_0088_82225.jpg,91,21,False
5335,092.Nighthawk/Nighthawk_0059_82741.jpg,91,157,False
5336,092.Nighthawk/Nighthawk_0066_82238.jpg,91,128,False
5337,092.Nighthawk/Nighthawk_0024_83519.jpg,91,10,False
5343,092.Nighthawk/Nighthawk_0062_84573.jpg,91,164,False
5344,092.Nighthawk/Nighthawk_0087_82280.jpg,91,114,False
5346,092.Nighthawk/Nighthawk_0005_84594.jpg,91,16,False
5347,092.Nighthawk/Nighthawk_0042_83603.jpg,91,35,False
5349,092.Nighthawk/Nighthawk_0025_82808.jpg,91,19,False
5352,092.Nighthawk/Nighthawk_0021_82562.jpg,91,11,False
5353,092.Nighthawk/Nighthawk_0047_82820.jpg,91,165,False
5361,092.Nighthawk/Nighthawk_0020_83869.jpg,91,36,False
5363,092.Nighthawk/Nighthawk_0026_83911.jpg,91,145,False
5364,092.Nighthawk/Nighthawk_0031_83636.jpg,91,16,False
5365,092.Nighthawk/Nighthawk_0069_82613.jpg,91,22,False
5369,092.Nighthawk/Nighthawk_0048_83648.jpg,91,120,False
5372,092.Nighthawk/Nighthawk_0072_795336.jpg,91,16,False
5373,092.Nighthawk/Nighthawk_0054_795337.jpg,91,57,False
5376,092.Nighthawk/Nighthawk_0028_82636.jpg,91,80,False
5377,092.Nighthawk/Nighthawk_0065_82895.jpg,91,122,False
5379,092.Nighthawk/Nighthawk_0053_84436.jpg,91,179,False
5380,092.Nighthawk/Nighthawk_0013_83670.jpg,91,145,False
5383,092.Nighthawk/Nighthawk_0007_83419.jpg,91,53,False
5384,092.Nighthawk/Nighthawk_0070_82676.jpg,91,178,False
5386,093.Clark_Nutcracker/Clark_Nutcracker_0096_84996.jpg,92,92,True
5387,093.Clark_Nutcracker/Clark_Nutcracker_0089_85004.jpg,92,117,False
5388,093.Clark_Nutcracker/Clark_Nutcracker_0104_85531.jpg,92,143,False
5389,093.Clark_Nutcracker/Clark_Nutcracker_0134_85534.jpg,92,84,False
5390,093.Clark_Nutcracker/Clark_Nutcracker_0076_85083.jpg,92,127,False
5391,093.Clark_Nutcracker/Clark_Nutcracker_0102_85089.jpg,92,11,False
5395,093.Clark_Nutcracker/Clark_Nutcracker_0090_85116.jpg,92,60,False
5399,093.Clark_Nutcracker/Clark_Nutcracker_0126_85134.jpg,92,0,False
5402,093.Clark_Nutcracker/Clark_Nutcracker_0107_85662.jpg,92,23,False
5403,093.Clark_Nutcracker/Clark_Nutcracker_0018_85166.jpg,92,130,False
5406,093.Clark_Nutcracker/Clark_Nutcracker_0131_85701.jpg,92,188,False
5407,093.Clark_Nutcracker/Clark_Nutcracker_0005_85190.jpg,92,187,False
5409,093.Clark_Nutcracker/Clark_Nutcracker_0099_85717.jpg,92,87,False
5410,093.Clark_Nutcracker/Clark_Nutcracker_0024_85718.jpg,92,8,False
5411,093.Clark_Nutcracker/Clark_Nutcracker_0072_85742.jpg,92,118,False
5412,093.Clark_Nutcracker/Clark_Nutcracker_0047_85630.jpg,92,131,False
5413,093.Clark_Nutcracker/Clark_Nutcracker_0027_85266.jpg,92,106,False
5421,093.Clark_Nutcracker/Clark_Nutcracker_0110_85217.jpg,92,81,False
5422,093.Clark_Nutcracker/Clark_Nutcracker_0093_84809.jpg,92,46,False
5423,093.Clark_Nutcracker/Clark_Nutcracker_0142_85322.jpg,92,10,False
5426,093.Clark_Nutcracker/Clark_Nutcracker_0033_85358.jpg,92,115,False
5427,093.Clark_Nutcracker/Clark_Nutcracker_0043_84853.jpg,92,133,False
5428,093.Clark_Nutcracker/Clark_Nutcracker_0106_84856.jpg,92,15,False
5431,093.Clark_Nutcracker/Clark_Nutcracker_0014_85386.jpg,92,147,False
5434,093.Clark_Nutcracker/Clark_Nutcracker_0078_85416.jpg,92,98,False
5435,093.Clark_Nutcracker/Clark_Nutcracker_0116_84807.jpg,92,117,False
5437,093.Clark_Nutcracker/Clark_Nutcracker_0121_85435.jpg,92,106,False
5438,093.Clark_Nutcracker/Clark_Nutcracker_0139_84942.jpg,92,65,False
5440,093.Clark_Nutcracker/Clark_Nutcracker_0051_84950.jpg,92,90,False
5445,093.Clark_Nutcracker/Clark_Nutcracker_0113_85587.jpg,92,182,False
5446,094.White_breasted_Nuthatch/White_Breasted_Nuthatch_0092_86016.jpg,93,105,False
5447,094.White_breasted_Nuthatch/White_Breasted_Nuthatch_0014_86023.jpg,93,128,False
5448,094.White_breasted_Nuthatch/White_Breasted_Nuthatch_0003_86029.jpg,93,158,False
5449,094.White_breasted_Nuthatch/White_Breasted_Nuthatch_0060_86031.jpg,93,149,False
5451,094.White_breasted_Nuthatch/White_Breasted_Nuthatch_0110_86038.jpg,93,130,False
5453,094.White_breasted_Nuthatch/White_Breasted_Nuthatch_0086_86553.jpg,93,193,False
5455,094.White_breasted_Nuthatch/White_Breasted_Nuthatch_0018_85937.jpg,93,198,False
5456,094.White_breasted_Nuthatch/White_Breasted_Nuthatch_0113_86057.jpg,93,132,False
5457,094.White_breasted_Nuthatch/White_Breasted_Nuthatch_0063_86573.jpg,93,140,False
5464,094.White_breasted_Nuthatch/White_Breasted_Nuthatch_0020_86143.jpg,93,22,False
5468,094.White_breasted_Nuthatch/White_Breasted_Nuthatch_0119_86182.jpg,93,93,True
5470,094.White_breasted_Nuthatch/White_Breasted_Nuthatch_0101_86708.jpg,93,106,False
5471,094.White_breasted_Nuthatch/White_Breasted_Nuthatch_0024_86200.jpg,93,104,False
5474,094.White_breasted_Nuthatch/White_Breasted_Nuthatch_0129_86761.jpg,93,19,False
5476,094.White_breasted_Nuthatch/White_Breasted_Nuthatch_0075_86289.jpg,93,69,False
5478,094.White_breasted_Nuthatch/White_Breasted_Nuthatch_0010_85783.jpg,93,33,False
5479,094.White_breasted_Nuthatch/White_Breasted_Nuthatch_0108_86308.jpg,93,181,False
5480,094.White_breasted_Nuthatch/White_Breasted_Nuthatch_0076_85801.jpg,93,129,False
5483,094.White_breasted_Nuthatch/White_Breasted_Nuthatch_0050_85815.jpg,93,174,False
5485,094.White_breasted_Nuthatch/White_Breasted_Nuthatch_0030_85823.jpg,93,33,False
5487,094.White_breasted_Nuthatch/White_Breasted_Nuthatch_0090_86856.jpg,93,22,False
5488,094.White_breasted_Nuthatch/White_Breasted_Nuthatch_0059_85903.jpg,93,146,False
5489,094.White_breasted_Nuthatch/White_Breasted_Nuthatch_0132_86876.jpg,93,93,True
5491,094.White_breasted_Nuthatch/White_Breasted_Nuthatch_0120_85890.jpg,93,53,False
5494,094.White_breasted_Nuthatch/White_Breasted_Nuthatch_0070_85983.jpg,93,54,False
5496,094.White_breasted_Nuthatch/White_Breasted_Nuthatch_0078_85828.jpg,93,197,False
5497,094.White_breasted_Nuthatch/White_Breasted_Nuthatch_0082_86435.jpg,93,120,False
5499,094.White_breasted_Nuthatch/White_Breasted_Nuthatch_0004_86969.jpg,93,109,False
5502,094.White_breasted_Nuthatch/White_Breasted_Nuthatch_0103_86470.jpg,93,117,False
5505,094.White_breasted_Nuthatch/White_Breasted_Nuthatch_0042_86488.jpg,93,40,False
5506,095.Baltimore_Oriole/Baltimore_Oriole_0127_87560.jpg,94,44,False
5508,095.Baltimore_Oriole/Baltimore_Oriole_0090_87054.jpg,94,130,False
5509,095.Baltimore_Oriole/Baltimore_Oriole_0060_89616.jpg,94,192,False
5510,095.Baltimore_Oriole/Baltimore_Oriole_0108_87576.jpg,94,129,False
5515,095.Baltimore_Oriole/Baltimore_Oriole_0126_89651.jpg,94,72,False
5519,095.Baltimore_Oriole/Baltimore_Oriole_0047_89686.jpg,94,104,False
5520,095.Baltimore_Oriole/Baltimore_Oriole_0076_89705.jpg,94,149,False
5521,095.Baltimore_Oriole/Baltimore_Oriole_0083_89712.jpg,94,115,False
5524,095.Baltimore_Oriole/Baltimore_Oriole_0019_88186.jpg,94,66,False
5525,095.Baltimore_Oriole/Baltimore_Oriole_0087_89726.jpg,94,66,False
5527,095.Baltimore_Oriole/Baltimore_Oriole_0073_87187.jpg,94,68,False
5529,095.Baltimore_Oriole/Baltimore_Oriole_0074_87214.jpg,94,5,False
5530,095.Baltimore_Oriole/Baltimore_Oriole_0042_87216.jpg,94,121,False
5531,095.Baltimore_Oriole/Baltimore_Oriole_0051_89722.jpg,94,195,False
5532,095.Baltimore_Oriole/Baltimore_Oriole_0054_89825.jpg,94,120,False
5533,095.Baltimore_Oriole/Baltimore_Oriole_0018_87782.jpg,94,75,False
5536,095.Baltimore_Oriole/Baltimore_Oriole_0037_87337.jpg,94,18,False
5537,095.Baltimore_Oriole/Baltimore_Oriole_0058_87296.jpg,94,109,False
5538,095.Baltimore_Oriole/Baltimore_Oriole_0065_87303.jpg,94,140,False
5539,095.Baltimore_Oriole/Baltimore_Oriole_0114_89873.jpg,94,180,False
5541,095.Baltimore_Oriole/Baltimore_Oriole_0016_89885.jpg,94,86,False
5542,095.Baltimore_Oriole/Baltimore_Oriole_0082_87838.jpg,94,186,False
5544,095.Baltimore_Oriole/Baltimore_Oriole_0056_88355.jpg,94,124,False
5546,095.Baltimore_Oriole/Baltimore_Oriole_0086_88375.jpg,94,17,False
5547,095.Baltimore_Oriole/Baltimore_Oriole_0041_87367.jpg,94,156,False
5548,095.Baltimore_Oriole/Baltimore_Oriole_0006_89935.jpg,94,82,False
5550,095.Baltimore_Oriole/Baltimore_Oriole_0066_87380.jpg,94,16,False
5551,095.Baltimore_Oriole/Baltimore_Oriole_0109_87398.jpg,94,21,False
5552,095.Baltimore_Oriole/Baltimore_Oriole_0125_88450.jpg,94,39,False
5555,095.Baltimore_Oriole/Baltimore_Oriole_0112_87447.jpg,94,46,False
5567,096.Hooded_Oriole/Hooded_Oriole_0008_90118.jpg,95,74,False
5568,096.Hooded_Oriole/Hooded_Oriole_0047_90637.jpg,95,130,False
5569,096.Hooded_Oriole/Hooded_Oriole_0037_91156.jpg,95,106,False
5570,096.Hooded_Oriole/Hooded_Oriole_0024_90157.jpg,95,157,False
5571,096.Hooded_Oriole/Hooded_Oriole_0006_90685.jpg,95,188,False
5572,096.Hooded_Oriole/Hooded_Oriole_0034_90686.jpg,95,120,False
5574,096.Hooded_Oriole/Hooded_Oriole_0127_90200.jpg,95,155,False
5575,096.Hooded_Oriole/Hooded_Oriole_0048_89957.jpg,95,97,False
5576,096.Hooded_Oriole/Hooded_Oriole_0041_90218.jpg,95,14,False
5578,096.Hooded_Oriole/Hooded_Oriole_0056_89966.jpg,95,18,False
5580,096.Hooded_Oriole/Hooded_Oriole_0072_90298.jpg,95,119,False
5585,096.Hooded_Oriole/Hooded_Oriole_0095_90337.jpg,95,103,False
5588,096.Hooded_Oriole/Hooded_Oriole_0088_90356.jpg,95,197,False
5589,096.Hooded_Oriole/Hooded_Oriole_0105_90875.jpg,95,55,False
5591,096.Hooded_Oriole/Hooded_Oriole_0077_90886.jpg,95,95,True
5597,096.Hooded_Oriole/Hooded_Oriole_0010_90413.jpg,95,90,False
5598,096.Hooded_Oriole/Hooded_Oriole_0045_90415.jpg,95,141,False
5602,096.Hooded_Oriole/Hooded_Oriole_0129_90441.jpg,95,187,False
5605,096.Hooded_Oriole/Hooded_Oriole_0063_90976.jpg,95,115,False
5608,096.Hooded_Oriole/Hooded_Oriole_0029_90485.jpg,95,116,False
5610,096.Hooded_Oriole/Hooded_Oriole_0107_89985.jpg,95,150,False
5613,096.Hooded_Oriole/Hooded_Oriole_0014_90594.jpg,95,58,False
5614,096.Hooded_Oriole/Hooded_Oriole_0002_91034.jpg,95,10,False
5615,096.Hooded_Oriole/Hooded_Oriole_0004_91057.jpg,95,187,False
5616,096.Hooded_Oriole/Hooded_Oriole_0087_90037.jpg,95,186,False
5617,096.Hooded_Oriole/Hooded_Oriole_0082_90045.jpg,95,63,False
5622,096.Hooded_Oriole/Hooded_Oriole_0044_90082.jpg,95,94,False
5623,096.Hooded_Oriole/Hooded_Oriole_0062_90089.jpg,95,177,False
5624,096.Hooded_Oriole/Hooded_Oriole_0084_90607.jpg,95,2,False
5625,096.Hooded_Oriole/Hooded_Oriole_0007_91133.jpg,95,130,False
5626,097.Orchard_Oriole/Orchard_Oriole_0077_91651.jpg,96,194,False
5627,097.Orchard_Oriole/Orchard_Oriole_0065_91397.jpg,96,47,False
5632,097.Orchard_Oriole/Orchard_Oriole_0085_91411.jpg,96,103,False
5633,097.Orchard_Oriole/Orchard_Oriole_0114_91412.jpg,96,168,False
5634,097.Orchard_Oriole/Orchard_Oriole_0054_91414.jpg,96,110,False
5638,097.Orchard_Oriole/Orchard_Oriole_0013_91945.jpg,96,28,False
5639,097.Orchard_Oriole/Orchard_Oriole_0105_91186.jpg,96,113,False
5640,097.Orchard_Oriole/Orchard_Oriole_0026_91444.jpg,96,19,False
5644,097.Orchard_Oriole/Orchard_Oriole_0045_91205.jpg,96,122,False
5645,097.Orchard_Oriole/Orchard_Oriole_0074_91979.jpg,96,186,False
5647,097.Orchard_Oriole/Orchard_Oriole_0107_91472.jpg,96,150,False
5649,097.Orchard_Oriole/Orchard_Oriole_0113_88407.jpg,96,186,False
5650,097.Orchard_Oriole/Orchard_Oriole_0101_91233.jpg,96,92,False
5652,097.Orchard_Oriole/Orchard_Oriole_0093_92020.jpg,96,150,False
5653,097.Orchard_Oriole/Orchard_Oriole_0041_91258.jpg,96,134,False
5654,097.Orchard_Oriole/Orchard_Oriole_0055_91515.jpg,96,14,False
5656,097.Orchard_Oriole/Orchard_Oriole_0027_91265.jpg,96,34,False
5659,097.Orchard_Oriole/Orchard_Oriole_0076_91527.jpg,96,81,False
5660,097.Orchard_Oriole/Orchard_Oriole_0108_91530.jpg,96,95,False
5664,097.Orchard_Oriole/Orchard_Oriole_0106_91830.jpg,96,161,False
5665,097.Orchard_Oriole/Orchard_Oriole_0060_91536.jpg,96,102,False
5667,097.Orchard_Oriole/Orchard_Oriole_0017_91801.jpg,96,105,False
5668,097.Orchard_Oriole/Orchard_Oriole_0036_91818.jpg,96,71,False
5669,097.Orchard_Oriole/Orchard_Oriole_0058_91819.jpg,96,20,False
5672,097.Orchard_Oriole/Orchard_Oriole_0088_92086.jpg,96,8,False
5677,097.Orchard_Oriole/Orchard_Oriole_0030_91612.jpg,96,30,False
5679,097.Orchard_Oriole/Orchard_Oriole_0018_91601.jpg,96,114,False
5682,097.Orchard_Oriole/Orchard_Oriole_0070_91383.jpg,96,105,False
5683,097.Orchard_Oriole/Orchard_Oriole_0021_91644.jpg,96,188,False
5685,098.Scott_Oriole/Scott_Oriole_0015_795862.jpg,97,35,False
5686,098.Scott_Oriole/Scott_Oriole_0007_92439.jpg,97,35,False
5687,098.Scott_Oriole/Scott_Oriole_0052_92440.jpg,97,178,False
5692,098.Scott_Oriole/Scott_Oriole_0079_92248.jpg,97,162,False
5693,098.Scott_Oriole/Scott_Oriole_0044_92262.jpg,97,36,False
5694,098.Scott_Oriole/Scott_Oriole_0028_92270.jpg,97,23,False
5697,098.Scott_Oriole/Scott_Oriole_0054_92310.jpg,97,93,False
5700,098.Scott_Oriole/Scott_Oriole_0053_795805.jpg,97,160,False
5703,098.Scott_Oriole/Scott_Oriole_0070_795808.jpg,97,85,False
5706,098.Scott_Oriole/Scott_Oriole_0063_795812.jpg,97,186,False
5707,098.Scott_Oriole/Scott_Oriole_0034_795813.jpg,97,8,False
5711,098.Scott_Oriole/Scott_Oriole_0038_795818.jpg,97,99,False
5712,098.Scott_Oriole/Scott_Oriole_0065_795819.jpg,97,23,False
5714,098.Scott_Oriole/Scott_Oriole_0072_795822.jpg,97,129,False
5715,098.Scott_Oriole/Scott_Oriole_0055_795825.jpg,97,97,True
5717,098.Scott_Oriole/Scott_Oriole_0014_795827.jpg,97,13,False
5719,098.Scott_Oriole/Scott_Oriole_0002_795829.jpg,97,55,False
5722,098.Scott_Oriole/Scott_Oriole_0017_795832.jpg,97,172,False
5725,098.Scott_Oriole/Scott_Oriole_0011_795836.jpg,97,121,False
5728,098.Scott_Oriole/Scott_Oriole_0018_795840.jpg,97,29,False
5730,098.Scott_Oriole/Scott_Oriole_0029_795846.jpg,97,119,False
5731,098.Scott_Oriole/Scott_Oriole_0071_795848.jpg,97,112,False
5734,098.Scott_Oriole/Scott_Oriole_0035_795851.jpg,97,191,False
5735,098.Scott_Oriole/Scott_Oriole_0010_795852.jpg,97,66,False
5736,098.Scott_Oriole/Scott_Oriole_0073_92369.jpg,97,81,False
5738,098.Scott_Oriole/Scott_Oriole_0046_92371.jpg,97,160,False
5739,098.Scott_Oriole/Scott_Oriole_0084_795860.jpg,97,105,False
5740,098.Scott_Oriole/Scott_Oriole_0081_92374.jpg,97,40,False
5741,098.Scott_Oriole/Scott_Oriole_0036_795850.jpg,97,112,False
5742,098.Scott_Oriole/Scott_Oriole_0057_795856.jpg,97,97,True
5746,099.Ovenbird/Ovenbird_0108_92675.jpg,98,173,False
5748,099.Ovenbird/Ovenbird_0047_93203.jpg,98,191,False
5749,099.Ovenbird/Ovenbird_0019_92699.jpg,98,132,False
5751,099.Ovenbird/Ovenbird_0093_92705.jpg,98,124,False
5752,099.Ovenbird/Ovenbird_0033_93232.jpg,98,19,False
5753,099.Ovenbird/Ovenbird_0089_93234.jpg,98,147,False
5755,099.Ovenbird/Ovenbird_0012_92778.jpg,98,92,False
5757,099.Ovenbird/Ovenbird_0095_92796.jpg,98,99,False
5759,099.Ovenbird/Ovenbird_0044_92828.jpg,98,6,False
5760,099.Ovenbird/Ovenbird_0026_92850.jpg,98,90,False
5763,099.Ovenbird/Ovenbird_0043_93374.jpg,98,183,False
5766,099.Ovenbird/Ovenbird_0048_92876.jpg,98,174,False
5767,099.Ovenbird/Ovenbird_0009_93395.jpg,98,182,False
5768,099.Ovenbird/Ovenbird_0084_92901.jpg,98,175,False
5769,099.Ovenbird/Ovenbird_0092_93416.jpg,98,14,False
5774,099.Ovenbird/Ovenbird_0099_93148.jpg,98,51,False
5775,099.Ovenbird/Ovenbird_0053_92462.jpg,98,197,False
5777,099.Ovenbird/Ovenbird_0122_92993.jpg,98,173,False
5784,099.Ovenbird/Ovenbird_0015_93037.jpg,98,171,False
5785,099.Ovenbird/Ovenbird_0023_92534.jpg,98,100,False
5786,099.Ovenbird/Ovenbird_0020_93049.jpg,98,124,False
5787,099.Ovenbird/Ovenbird_0131_92559.jpg,98,113,False
5788,099.Ovenbird/Ovenbird_0083_92561.jpg,98,109,False
5789,099.Ovenbird/Ovenbird_0058_93078.jpg,98,125,False
5791,099.Ovenbird/Ovenbird_0094_92577.jpg,98,96,False
5795,099.Ovenbird/Ovenbird_0101_93104.jpg,98,42,False
5797,099.Ovenbird/Ovenbird_0126_92602.jpg,98,23,False
5798,099.Ovenbird/Ovenbird_0081_93115.jpg,98,191,False
5799,099.Ovenbird/Ovenbird_0079_92610.jpg,98,34,False
5801,099.Ovenbird/Ovenbird_0070_93140.jpg,98,187,False
5805,100.Brown_Pelican/Brown_Pelican_0127_93700.jpg,99,99,True
5806,100.Brown_Pelican/Brown_Pelican_0041_93720.jpg,99,190,False
5807,100.Brown_Pelican/Brown_Pelican_0102_93727.jpg,99,182,False
5808,100.Brown_Pelican/Brown_Pelican_0115_93731.jpg,99,131,False
5809,100.Brown_Pelican/Brown_Pelican_0009_94256.jpg,99,70,False
5810,100.Brown_Pelican/Brown_Pelican_0002_94773.jpg,99,145,False
5813,100.Brown_Pelican/Brown_Pelican_0110_93622.jpg,99,119,False
5814,100.Brown_Pelican/Brown_Pelican_0097_93767.jpg,99,1,False
5815,100.Brown_Pelican/Brown_Pelican_0095_94290.jpg,99,86,False
5816,100.Brown_Pelican/Brown_Pelican_0073_94823.jpg,99,136,False
5817,100.Brown_Pelican/Brown_Pelican_0066_94840.jpg,99,40,False
5818,100.Brown_Pelican/Brown_Pelican_0075_95357.jpg,99,126,False
5820,100.Brown_Pelican/Brown_Pelican_0087_94358.jpg,99,57,False
5823,100.Brown_Pelican/Brown_Pelican_0017_94383.jpg,99,118,False
5829,100.Brown_Pelican/Brown_Pelican_0018_94432.jpg,99,18,False
5837,100.Brown_Pelican/Brown_Pelican_0003_94427.jpg,99,1,False
5838,100.Brown_Pelican/Brown_Pelican_0059_94504.jpg,99,80,False
5843,100.Brown_Pelican/Brown_Pelican_0122_94022.jpg,99,190,False
5846,100.Brown_Pelican/Brown_Pelican_0040_94051.jpg,99,87,False
5847,100.Brown_Pelican/Brown_Pelican_0128_94059.jpg,99,90,False
5848,100.Brown_Pelican/Brown_Pelican_0051_94578.jpg,99,156,False
5853,100.Brown_Pelican/Brown_Pelican_0012_94079.jpg,99,147,False
5854,100.Brown_Pelican/Brown_Pelican_0081_94085.jpg,99,99,True
5855,100.Brown_Pelican/Brown_Pelican_0049_94598.jpg,99,73,False
5856,100.Brown_Pelican/Brown_Pelican_0019_95158.jpg,99,83,False
5858,100.Brown_Pelican/Brown_Pelican_0070_93678.jpg,99,99,True
5859,100.Brown_Pelican/Brown_Pelican_0039_95216.jpg,99,57,False
5861,100.Brown_Pelican/Brown_Pelican_0124_93684.jpg,99,99,True
5862,100.Brown_Pelican/Brown_Pelican_0072_94974.jpg,99,51,False
5863,100.Brown_Pelican/Brown_Pelican_0074_93692.jpg,99,197,False
5865,101.White_Pelican/White_Pelican_0077_97025.jpg,100,85,False
5867,101.White_Pelican/White_Pelican_0066_95495.jpg,100,29,False
5868,101.White_Pelican/White_Pelican_0048_95764.jpg,100,100,True
5870,101.White_Pelican/White_Pelican_0031_97064.jpg,100,91,False
5871,101.White_Pelican/White_Pelican_0051_97833.jpg,100,29,False
5873,101.White_Pelican/White_Pelican_0086_95538.jpg,100,56,False
5877,101.White_Pelican/White_Pelican_0025_97604.jpg,100,88,False
5884,101.White_Pelican/White_Pelican_0036_96863.jpg,100,24,False
5885,101.White_Pelican/White_Pelican_0083_95840.jpg,100,183,False
5886,101.White_Pelican/White_Pelican_0052_96865.jpg,100,52,False
5889,101.White_Pelican/White_Pelican_0046_96888.jpg,100,7,False
5893,101.White_Pelican/White_Pelican_0016_96659.jpg,100,62,False
5897,101.White_Pelican/White_Pelican_0040_96026.jpg,100,0,False
5898,101.White_Pelican/White_Pelican_0014_96417.jpg,100,53,False
5901,101.White_Pelican/White_Pelican_0076_96427.jpg,100,32,False
5903,101.White_Pelican/White_Pelican_0003_96691.jpg,100,136,False
5905,101.White_Pelican/White_Pelican_0034_97466.jpg,100,53,False
5907,101.White_Pelican/White_Pelican_0072_96975.jpg,100,88,False
5909,101.White_Pelican/White_Pelican_0087_97247.jpg,100,151,False
5911,101.White_Pelican/White_Pelican_0080_95721.jpg,100,108,False
5915,102.Western_Wood_Pewee/Western_Wood_Pewee_0052_98006.jpg,101,109,False
5917,102.Western_Wood_Pewee/Western_Wood_Pewee_0070_98225.jpg,101,16,False
5918,102.Western_Wood_Pewee/Western_Wood_Pewee_0014_98094.jpg,101,13,False
5920,102.Western_Wood_Pewee/Western_Wood_Pewee_0061_795060.jpg,101,64,False
5921,102.Western_Wood_Pewee/Western_Wood_Pewee_0024_98229.jpg,101,10,False
5923,102.Western_Wood_Pewee/Western_Wood_Pewee_0009_98115.jpg,101,73,False
5924,102.Western_Wood_Pewee/Western_Wood_Pewee_0032_98121.jpg,101,72,False
5925,102.Western_Wood_Pewee/Western_Wood_Pewee_0062_98123.jpg,101,121,False
5926,102.Western_Wood_Pewee/Western_Wood_Pewee_0042_98126.jpg,101,42,False
5927,102.Western_Wood_Pewee/Western_Wood_Pewee_0037_98127.jpg,101,103,False
5928,102.Western_Wood_Pewee/Western_Wood_Pewee_0077_98133.jpg,101,101,True
5929,102.Western_Wood_Pewee/Western_Wood_Pewee_0018_98153.jpg,101,48,False
5933,102.Western_Wood_Pewee/Western_Wood_Pewee_0053_98186.jpg,101,3,False
5936,102.Western_Wood_Pewee/Western_Wood_Pewee_0010_98204.jpg,101,106,False
5938,102.Western_Wood_Pewee/Western_Wood_Pewee_0031_795038.jpg,101,69,False
5940,102.Western_Wood_Pewee/Western_Wood_Pewee_0017_795041.jpg,101,75,False
5941,102.Western_Wood_Pewee/Western_Wood_Pewee_0029_795042.jpg,101,130,False
5942,102.Western_Wood_Pewee/Western_Wood_Pewee_0073_795044.jpg,101,150,False
5944,102.Western_Wood_Pewee/Western_Wood_Pewee_0019_795046.jpg,101,136,False
5949,102.Western_Wood_Pewee/Western_Wood_Pewee_0043_795053.jpg,101,64,False
5952,102.Western_Wood_Pewee/Western_Wood_Pewee_0022_795058.jpg,101,0,False
5954,102.Western_Wood_Pewee/Western_Wood_Pewee_0045_97972.jpg,101,39,False
5955,102.Western_Wood_Pewee/Western_Wood_Pewee_0051_98206.jpg,101,137,False
5959,102.Western_Wood_Pewee/Western_Wood_Pewee_0050_98241.jpg,101,150,False
5965,102.Western_Wood_Pewee/Western_Wood_Pewee_0013_98268.jpg,101,127,False
5969,102.Western_Wood_Pewee/Western_Wood_Pewee_0065_98001.jpg,101,165,False
5971,102.Western_Wood_Pewee/Western_Wood_Pewee_0056_98026.jpg,101,39,False
5972,102.Western_Wood_Pewee/Western_Wood_Pewee_0063_98295.jpg,101,76,False
5973,102.Western_Wood_Pewee/Western_Wood_Pewee_0069_98299.jpg,101,12,False
5974,102.Western_Wood_Pewee/Western_Wood_Pewee_0001_98045.jpg,101,142,False
5975,103.Sayornis/Sayornis_0137_98305.jpg,102,135,False
5976,103.Sayornis/Sayornis_0022_98308.jpg,102,149,False
5978,103.Sayornis/Sayornis_0115_99335.jpg,102,92,False
5983,103.Sayornis/Sayornis_0134_98339.jpg,102,15,False
5984,103.Sayornis/Sayornis_0105_98853.jpg,102,162,False
5985,103.Sayornis/Sayornis_0030_98343.jpg,102,47,False
5986,103.Sayornis/Sayornis_0075_98350.jpg,102,73,False
5987,103.Sayornis/Sayornis_0119_98864.jpg,102,55,False
5989,103.Sayornis/Sayornis_0042_98874.jpg,102,74,False
5991,103.Sayornis/Sayornis_0061_98375.jpg,102,92,False
5993,103.Sayornis/Sayornis_0069_98914.jpg,102,51,False
5996,103.Sayornis/Sayornis_0067_98930.jpg,102,50,False
5998,103.Sayornis/Sayornis_0039_98420.jpg,102,196,False
5999,103.Sayornis/Sayornis_0116_98939.jpg,102,73,False
6001,103.Sayornis/Sayornis_0079_98434.jpg,102,164,False
6002,103.Sayornis/Sayornis_0037_98949.jpg,102,117,False
6005,103.Sayornis/Sayornis_0032_98962.jpg,102,69,False
6009,103.Sayornis/Sayornis_0029_99535.jpg,102,90,False
6010,103.Sayornis/Sayornis_0094_98512.jpg,102,126,False
6011,103.Sayornis/Sayornis_0080_98518.jpg,102,77,False
6012,103.Sayornis/Sayornis_0047_98524.jpg,102,34,False
6013,103.Sayornis/Sayornis_0125_98528.jpg,102,22,False
6014,103.Sayornis/Sayornis_0045_98549.jpg,102,48,False
6015,103.Sayornis/Sayornis_0108_98553.jpg,102,0,False
6016,103.Sayornis/Sayornis_0136_99099.jpg,102,101,False
6019,103.Sayornis/Sayornis_0007_99117.jpg,102,53,False
6029,103.Sayornis/Sayornis_0021_98710.jpg,102,133,False
6030,103.Sayornis/Sayornis_0077_98724.jpg,102,65,False
6032,103.Sayornis/Sayornis_0014_98889.jpg,102,181,False
6033,103.Sayornis/Sayornis_0100_98782.jpg,102,173,False
6036,104.American_Pipit/American_Pipit_0010_99843.jpg,103,97,False
6038,104.American_Pipit/American_Pipit_0124_99848.jpg,103,87,False
6045,104.American_Pipit/American_Pipit_0048_100140.jpg,103,111,False
6047,104.American_Pipit/American_Pipit_0072_99631.jpg,103,13,False
6048,104.American_Pipit/American_Pipit_0104_100147.jpg,103,148,False
6049,104.American_Pipit/American_Pipit_0078_99898.jpg,103,94,False
6050,104.American_Pipit/American_Pipit_0017_99902.jpg,103,101,False
6051,104.American_Pipit/American_Pipit_0007_99808.jpg,103,87,False
6054,104.American_Pipit/American_Pipit_0029_99667.jpg,103,124,False
6055,104.American_Pipit/American_Pipit_0035_100181.jpg,103,139,False
6056,104.American_Pipit/American_Pipit_0059_99628.jpg,103,62,False
6057,104.American_Pipit/American_Pipit_0123_99929.jpg,103,84,False
6062,104.American_Pipit/American_Pipit_0111_99940.jpg,103,147,False
6065,104.American_Pipit/American_Pipit_0022_100227.jpg,103,103,True
6067,104.American_Pipit/American_Pipit_0088_100213.jpg,103,75,False
6069,104.American_Pipit/American_Pipit_0066_99961.jpg,103,28,False
6071,104.American_Pipit/American_Pipit_0109_99710.jpg,103,113,False
6072,104.American_Pipit/American_Pipit_0001_100225.jpg,103,75,False
6073,104.American_Pipit/American_Pipit_0099_99971.jpg,103,113,False
6076,104.American_Pipit/American_Pipit_0046_100240.jpg,103,103,True
6077,104.American_Pipit/American_Pipit_0098_99986.jpg,103,153,False
6078,104.American_Pipit/American_Pipit_0090_99651.jpg,103,177,False
6084,104.American_Pipit/American_Pipit_0091_100276.jpg,103,114,False
6086,104.American_Pipit/American_Pipit_0043_100027.jpg,103,102,False
6087,104.American_Pipit/American_Pipit_0121_100040.jpg,103,107,False
6089,104.American_Pipit/American_Pipit_0101_100053.jpg,103,166,False
6090,104.American_Pipit/American_Pipit_0080_100055.jpg,103,182,False
6091,104.American_Pipit/American_Pipit_0041_100060.jpg,103,119,False
6092,104.American_Pipit/American_Pipit_0070_100061.jpg,103,29,False
6093,104.American_Pipit/American_Pipit_0119_99622.jpg,103,6,False
6098,105.Whip_poor_Will/Whip_Poor_Will_0042_796419.jpg,104,3,False
6100,105.Whip_poor_Will/Whip_Poor_Will_0028_796421.jpg,104,109,False
6101,105.Whip_poor_Will/Whip_Poor_Will_0045_796422.jpg,104,17,False
6104,105.Whip_poor_Will/Whip_Poor_Will_0005_796425.jpg,104,198,False
6105,105.Whip_poor_Will/Whip_Poor_Will_0021_796426.jpg,104,161,False
6106,105.Whip_poor_Will/Whip_Poor_Will_0002_796427.jpg,104,74,False
6107,105.Whip_poor_Will/Whip_Poor_Will_0041_796428.jpg,104,117,False
6112,105.Whip_poor_Will/Whip_Poor_Will_0019_796433.jpg,104,130,False
6113,105.Whip_poor_Will/Whip_Poor_Will_0025_796434.jpg,104,3,False
6114,105.Whip_poor_Will/Whip_Poor_Will_0015_796435.jpg,104,14,False
6115,105.Whip_poor_Will/Whip_Poor_Will_0032_796437.jpg,104,76,False
6116,105.Whip_poor_Will/Whip_Poor_Will_0022_796438.jpg,104,93,False
6119,105.Whip_poor_Will/Whip_Poor_Will_0027_796441.jpg,104,50,False
6123,105.Whip_poor_Will/Whip_Poor_Will_0020_100396.jpg,104,51,False
6125,105.Whip_poor_Will/Whip_Poor_Will_0036_100399.jpg,104,123,False
6129,105.Whip_poor_Will/Whip_Poor_Will_0029_796432.jpg,104,168,False
6136,105.Whip_poor_Will/Whip_Poor_Will_0039_796408.jpg,104,165,False
6138,105.Whip_poor_Will/Whip_Poor_Will_0023_796410.jpg,104,79,False
6141,105.Whip_poor_Will/Whip_Poor_Will_0034_796413.jpg,104,189,False
6145,106.Horned_Puffin/Horned_Puffin_0068_100872.jpg,105,66,False
6147,106.Horned_Puffin/Horned_Puffin_0011_100621.jpg,105,86,False
6148,106.Horned_Puffin/Horned_Puffin_0065_100625.jpg,105,25,False
6150,106.Horned_Puffin/Horned_Puffin_0074_100886.jpg,105,62,False
6152,106.Horned_Puffin/Horned_Puffin_0015_100889.jpg,105,14,False
6153,106.Horned_Puffin/Horned_Puffin_0039_100890.jpg,105,65,False
6155,106.Horned_Puffin/Horned_Puffin_0084_100637.jpg,105,125,False
6157,106.Horned_Puffin/Horned_Puffin_0050_100645.jpg,105,143,False
6158,106.Horned_Puffin/Horned_Puffin_0083_100649.jpg,105,57,False
6159,106.Horned_Puffin/Horned_Puffin_0027_100906.jpg,105,120,False
6160,106.Horned_Puffin/Horned_Puffin_0071_100651.jpg,105,93,False
6161,106.Horned_Puffin/Horned_Puffin_0054_100915.jpg,105,126,False
6162,106.Horned_Puffin/Horned_Puffin_0048_100916.jpg,105,42,False
6163,106.Horned_Puffin/Horned_Puffin_0075_100664.jpg,105,141,False
6164,106.Horned_Puffin/Horned_Puffin_0059_100925.jpg,105,59,False
6165,106.Horned_Puffin/Horned_Puffin_0077_100671.jpg,105,142,False
6170,106.Horned_Puffin/Horned_Puffin_0035_100690.jpg,105,113,False
6173,106.Horned_Puffin/Horned_Puffin_0069_101018.jpg,105,104,False
6174,106.Horned_Puffin/Horned_Puffin_0047_100967.jpg,105,89,False
6176,106.Horned_Puffin/Horned_Puffin_0036_100974.jpg,105,49,False
6187,106.Horned_Puffin/Horned_Puffin_0038_100635.jpg,105,133,False
6192,106.Horned_Puffin/Horned_Puffin_0003_101045.jpg,105,163,False
6193,106.Horned_Puffin/Horned_Puffin_0051_101048.jpg,105,136,False
6195,106.Horned_Puffin/Horned_Puffin_0045_100803.jpg,105,185,False
6197,106.Horned_Puffin/Horned_Puffin_0019_101063.jpg,105,15,False
6198,106.Horned_Puffin/Horned_Puffin_0010_100771.jpg,105,113,False
6199,106.Horned_Puffin/Horned_Puffin_0073_100830.jpg,105,7,False
6200,106.Horned_Puffin/Horned_Puffin_0026_100937.jpg,105,148,False
6201,106.Horned_Puffin/Horned_Puffin_0061_100845.jpg,105,72,False
6202,106.Horned_Puffin/Horned_Puffin_0079_100847.jpg,105,106,False
6204,107.Common_Raven/Common_Raven_0089_101891.jpg,106,158,False
6205,107.Common_Raven/Common_Raven_0059_101893.jpg,106,28,False
6206,107.Common_Raven/Common_Raven_0070_101896.jpg,106,131,False
6207,107.Common_Raven/Common_Raven_0043_101901.jpg,106,192,False
6209,107.Common_Raven/Common_Raven_0024_101394.jpg,106,33,False
6210,107.Common_Raven/Common_Raven_0052_101909.jpg,106,144,False
6211,107.Common_Raven/Common_Raven_0107_101412.jpg,106,109,False
6212,107.Common_Raven/Common_Raven_0023_102437.jpg,106,112,False
6215,107.Common_Raven/Common_Raven_0065_102465.jpg,106,160,False
6217,107.Common_Raven/Common_Raven_0126_101459.jpg,106,59,False
6221,107.Common_Raven/Common_Raven_0060_102013.jpg,106,106,True
6222,107.Common_Raven/Common_Raven_0075_102530.jpg,106,182,False
6225,107.Common_Raven/Common_Raven_0036_102025.jpg,106,138,False
6226,107.Common_Raven/Common_Raven_0091_101524.jpg,106,61,False
6227,107.Common_Raven/Common_Raven_0092_102550.jpg,106,103,False
6229,107.Common_Raven/Common_Raven_0085_102041.jpg,106,75,False
6231,107.Common_Raven/Common_Raven_0132_101543.jpg,106,158,False
6232,107.Common_Raven/Common_Raven_0093_102058.jpg,106,51,False
6234,107.Common_Raven/Common_Raven_0025_102584.jpg,106,48,False
6236,107.Common_Raven/Common_Raven_0129_102094.jpg,106,35,False
6241,107.Common_Raven/Common_Raven_0128_102017.jpg,106,98,False
6244,107.Common_Raven/Common_Raven_0122_101708.jpg,106,94,False
6245,107.Common_Raven/Common_Raven_0018_101713.jpg,106,3,False
6252,107.Common_Raven/Common_Raven_0033_101759.jpg,106,25,False
6253,107.Common_Raven/Common_Raven_0021_101767.jpg,106,58,False
6254,107.Common_Raven/Common_Raven_0082_102306.jpg,106,173,False
6255,107.Common_Raven/Common_Raven_0053_101291.jpg,106,13,False
6259,107.Common_Raven/Common_Raven_0005_101347.jpg,106,75,False
6260,107.Common_Raven/Common_Raven_0077_101349.jpg,106,137,False
6262,107.Common_Raven/Common_Raven_0015_101364.jpg,106,174,False
6263,108.White_necked_Raven/White_Necked_Raven_0047_102660.jpg,107,23,False
6266,108.White_necked_Raven/White_Necked_Raven_0031_102686.jpg,107,149,False
6268,108.White_necked_Raven/White_Necked_Raven_0034_102598.jpg,107,128,False
6269,108.White_necked_Raven/White_Necked_Raven_0039_102699.jpg,107,118,False
6270,108.White_necked_Raven/White_Necked_Raven_0012_102700.jpg,107,103,False
6272,108.White_necked_Raven/White_Necked_Raven_0049_102713.jpg,107,75,False
6274,108.White_necked_Raven/White_Necked_Raven_0058_102729.jpg,107,6,False
6276,108.White_necked_Raven/White_Necked_Raven_0037_102734.jpg,107,28,False
6278,108.White_necked_Raven/White_Necked_Raven_0009_102518.jpg,107,82,False
6279,108.White_necked_Raven/White_Necked_Raven_0015_102593.jpg,107,177,False
6281,108.White_necked_Raven/White_Necked_Raven_0046_797343.jpg,107,138,False
6282,108.White_necked_Raven/White_Necked_Raven_0048_797345.jpg,107,26,False
6284,108.White_necked_Raven/White_Necked_Raven_0006_797347.jpg,107,63,False
6286,108.White_necked_Raven/White_Necked_Raven_0029_797349.jpg,107,12,False
6289,108.White_necked_Raven/White_Necked_Raven_0065_797354.jpg,107,122,False
6293,108.White_necked_Raven/White_Necked_Raven_0057_797358.jpg,107,104,False
6297,108.White_necked_Raven/White_Necked_Raven_0043_797363.jpg,107,89,False
6298,108.White_necked_Raven/White_Necked_Raven_0024_797364.jpg,107,109,False
6299,108.White_necked_Raven/White_Necked_Raven_0060_797365.jpg,107,17,False
6300,108.White_necked_Raven/White_Necked_Raven_0011_797367.jpg,107,25,False
6304,108.White_necked_Raven/White_Necked_Raven_0056_797373.jpg,107,97,False
6307,108.White_necked_Raven/White_Necked_Raven_0019_797377.jpg,107,34,False
6308,108.White_necked_Raven/White_Necked_Raven_0064_797378.jpg,107,58,False
6310,108.White_necked_Raven/White_Necked_Raven_0062_797382.jpg,107,135,False
6313,108.White_necked_Raven/White_Necked_Raven_0016_797385.jpg,107,109,False
6314,108.White_necked_Raven/White_Necked_Raven_0040_797386.jpg,107,182,False
6315,108.White_necked_Raven/White_Necked_Raven_0008_797389.jpg,107,157,False
6317,108.White_necked_Raven/White_Necked_Raven_0028_797392.jpg,107,99,False
6321,108.White_necked_Raven/White_Necked_Raven_0070_102645.jpg,107,112,False
6322,108.White_necked_Raven/White_Necked_Raven_0005_102653.jpg,107,97,False
6323,109.American_Redstart/American_Redstart_0094_103425.jpg,108,148,False
6324,109.American_Redstart/American_Redstart_0044_103433.jpg,108,3,False
6327,109.American_Redstart/American_Redstart_0103_102946.jpg,108,174,False
6329,109.American_Redstart/American_Redstart_0082_102973.jpg,108,158,False
6331,109.American_Redstart/American_Redstart_0048_104021.jpg,108,164,False
6332,109.American_Redstart/American_Redstart_0078_103268.jpg,108,75,False
6333,109.American_Redstart/American_Redstart_0020_104027.jpg,108,161,False
6334,109.American_Redstart/American_Redstart_0035_103017.jpg,108,59,False
6340,109.American_Redstart/American_Redstart_0064_103081.jpg,108,58,False
6341,109.American_Redstart/American_Redstart_0058_103082.jpg,108,143,False
6342,109.American_Redstart/American_Redstart_0120_103089.jpg,108,172,False
6343,109.American_Redstart/American_Redstart_0126_103091.jpg,108,14,False
6344,109.American_Redstart/American_Redstart_0122_103102.jpg,108,90,False
6346,109.American_Redstart/American_Redstart_0119_104057.jpg,108,78,False
6354,109.American_Redstart/American_Redstart_0041_103717.jpg,108,112,False
6355,109.American_Redstart/American_Redstart_0002_103723.jpg,108,1,False
6356,109.American_Redstart/American_Redstart_0026_103729.jpg,108,114,False
6359,109.American_Redstart/American_Redstart_0097_103238.jpg,108,146,False
6364,109.American_Redstart/American_Redstart_0038_103278.jpg,108,108,True
6367,109.American_Redstart/American_Redstart_0059_103402.jpg,108,139,False
6368,109.American_Redstart/American_Redstart_0037_102818.jpg,108,44,False
6369,109.American_Redstart/American_Redstart_0055_103750.jpg,108,179,False
6371,109.American_Redstart/American_Redstart_0137_102848.jpg,108,16,False
6374,109.American_Redstart/American_Redstart_0047_102860.jpg,108,70,False
6375,109.American_Redstart/American_Redstart_0034_102866.jpg,108,174,False
6376,109.American_Redstart/American_Redstart_0088_103892.jpg,108,85,False
6378,109.American_Redstart/American_Redstart_0012_103385.jpg,108,57,False
6379,109.American_Redstart/American_Redstart_0086_102876.jpg,108,73,False
6380,109.American_Redstart/American_Redstart_0107_102888.jpg,108,53,False
6382,109.American_Redstart/American_Redstart_0110_103924.jpg,108,17,False
6384,110.Geococcyx/Geococcyx_0050_104506.jpg,109,63,False
6385,110.Geococcyx/Geococcyx_0040_104507.jpg,109,122,False
6389,110.Geococcyx/Geococcyx_0067_104537.jpg,109,124,False
6396,110.Geococcyx/Geococcyx_0024_104243.jpg,109,143,False
6397,110.Geococcyx/Geococcyx_0118_104131.jpg,109,149,False
6398,110.Geococcyx/Geococcyx_0099_104134.jpg,109,47,False
6400,110.Geococcyx/Geococcyx_0056_104142.jpg,109,119,False
6401,110.Geococcyx/Geococcyx_0136_104144.jpg,109,124,False
6405,110.Geococcyx/Geococcyx_0020_104164.jpg,109,146,False
6406,110.Geococcyx/Geococcyx_0045_104166.jpg,109,73,False
6408,110.Geococcyx/Geococcyx_0120_104176.jpg,109,188,False
6409,110.Geococcyx/Geococcyx_0137_104693.jpg,109,147,False
6410,110.Geococcyx/Geococcyx_0077_104185.jpg,109,140,False
6412,110.Geococcyx/Geococcyx_0033_104195.jpg,109,90,False
6413,110.Geococcyx/Geococcyx_0134_104196.jpg,109,48,False
6415,110.Geococcyx/Geococcyx_0135_104716.jpg,109,73,False
6419,110.Geococcyx/Geococcyx_0101_104230.jpg,109,182,False
6420,110.Geococcyx/Geococcyx_0062_104743.jpg,109,73,False
6422,110.Geococcyx/Geococcyx_0116_104240.jpg,109,167,False
6424,110.Geococcyx/Geococcyx_0079_104249.jpg,109,40,False
6425,110.Geococcyx/Geococcyx_0063_104250.jpg,109,82,False
6426,110.Geococcyx/Geococcyx_0059_104258.jpg,109,19,False
6428,110.Geococcyx/Geococcyx_0133_104267.jpg,109,193,False
6430,110.Geococcyx/Geococcyx_0139_104277.jpg,109,40,False
6431,110.Geococcyx/Geococcyx_0015_104792.jpg,109,55,False
6432,110.Geococcyx/Geococcyx_0027_104291.jpg,109,57,False
6434,110.Geococcyx/Geococcyx_0048_104817.jpg,109,124,False
6437,110.Geococcyx/Geococcyx_0108_104350.jpg,109,90,False
6438,110.Geococcyx/Geococcyx_0012_104352.jpg,109,133,False
6442,110.Geococcyx/Geococcyx_0011_104779.jpg,109,103,False
6445,111.Loggerhead_Shrike/Loggerhead_Shrike_0022_105501.jpg,110,48,False
6449,111.Loggerhead_Shrike/Loggerhead_Shrike_0086_105005.jpg,110,132,False
6450,111.Loggerhead_Shrike/Loggerhead_Shrike_0108_105023.jpg,110,78,False
6451,111.Loggerhead_Shrike/Loggerhead_Shrike_0089_106055.jpg,110,181,False
6453,111.Loggerhead_Shrike/Loggerhead_Shrike_0059_106086.jpg,110,189,False
6454,111.Loggerhead_Shrike/Loggerhead_Shrike_0115_105575.jpg,110,64,False
6456,111.Loggerhead_Shrike/Loggerhead_Shrike_0091_105076.jpg,110,91,False
6459,111.Loggerhead_Shrike/Loggerhead_Shrike_0125_105594.jpg,110,37,False
6463,111.Loggerhead_Shrike/Loggerhead_Shrike_0075_106153.jpg,110,50,False
6466,111.Loggerhead_Shrike/Loggerhead_Shrike_0069_73908.jpg,110,80,False
6467,111.Loggerhead_Shrike/Loggerhead_Shrike_0088_105663.jpg,110,58,False
6468,111.Loggerhead_Shrike/Loggerhead_Shrike_0118_105157.jpg,110,147,False
6469,111.Loggerhead_Shrike/Loggerhead_Shrike_0106_105437.jpg,110,79,False
6472,111.Loggerhead_Shrike/Loggerhead_Shrike_0025_104828.jpg,110,177,False
6473,111.Loggerhead_Shrike/Loggerhead_Shrike_0002_105195.jpg,110,31,False
6474,111.Loggerhead_Shrike/Loggerhead_Shrike_0028_106221.jpg,110,30,False
6476,111.Loggerhead_Shrike/Loggerhead_Shrike_0064_106225.jpg,110,170,False
6482,111.Loggerhead_Shrike/Loggerhead_Shrike_0120_105777.jpg,110,22,False
6484,111.Loggerhead_Shrike/Loggerhead_Shrike_0126_106316.jpg,110,133,False
6485,111.Loggerhead_Shrike/Loggerhead_Shrike_0123_105849.jpg,110,101,False
6486,111.Loggerhead_Shrike/Loggerhead_Shrike_0039_106367.jpg,110,49,False
6487,111.Loggerhead_Shrike/Loggerhead_Shrike_0101_105392.jpg,110,111,False
6492,111.Loggerhead_Shrike/Loggerhead_Shrike_0010_104866.jpg,110,116,False
6493,111.Loggerhead_Shrike/Loggerhead_Shrike_0023_105892.jpg,110,67,False
6494,111.Loggerhead_Shrike/Loggerhead_Shrike_0021_104885.jpg,110,110,True
6495,111.Loggerhead_Shrike/Loggerhead_Shrike_0068_105400.jpg,110,41,False
6497,111.Loggerhead_Shrike/Loggerhead_Shrike_0017_104864.jpg,110,137,False
6498,111.Loggerhead_Shrike/Loggerhead_Shrike_0026_104898.jpg,110,112,False
6499,111.Loggerhead_Shrike/Loggerhead_Shrike_0110_105947.jpg,110,149,False
6501,111.Loggerhead_Shrike/Loggerhead_Shrike_0030_104930.jpg,110,137,False
6504,112.Great_Grey_Shrike/Great_Grey_Shrike_0048_106754.jpg,111,91,False
6505,112.Great_Grey_Shrike/Great_Grey_Shrike_0066_106759.jpg,111,104,False
6509,112.Great_Grey_Shrike/Great_Grey_Shrike_0068_797060.jpg,111,77,False
6511,112.Great_Grey_Shrike/Great_Grey_Shrike_0086_106533.jpg,111,114,False
6512,112.Great_Grey_Shrike/Great_Grey_Shrike_0053_106792.jpg,111,111,True
6516,112.Great_Grey_Shrike/Great_Grey_Shrike_0094_106576.jpg,111,178,False
6517,112.Great_Grey_Shrike/Great_Grey_Shrike_0027_797009.jpg,111,176,False
6519,112.Great_Grey_Shrike/Great_Grey_Shrike_0039_797015.jpg,111,120,False
6521,112.Great_Grey_Shrike/Great_Grey_Shrike_0075_797022.jpg,111,170,False
6522,112.Great_Grey_Shrike/Great_Grey_Shrike_0010_797023.jpg,111,96,False
6524,112.Great_Grey_Shrike/Great_Grey_Shrike_0080_106850.jpg,111,168,False
6525,112.Great_Grey_Shrike/Great_Grey_Shrike_0065_797027.jpg,111,123,False
6526,112.Great_Grey_Shrike/Great_Grey_Shrike_0011_106852.jpg,111,78,False
6527,112.Great_Grey_Shrike/Great_Grey_Shrike_0015_797031.jpg,111,107,False
6528,112.Great_Grey_Shrike/Great_Grey_Shrike_0055_106858.jpg,111,66,False
6530,112.Great_Grey_Shrike/Great_Grey_Shrike_0085_797037.jpg,111,61,False
6537,112.Great_Grey_Shrike/Great_Grey_Shrike_0038_106617.jpg,111,74,False
6541,112.Great_Grey_Shrike/Great_Grey_Shrike_0025_106622.jpg,111,27,False
6542,112.Great_Grey_Shrike/Great_Grey_Shrike_0005_797055.jpg,111,46,False
6545,112.Great_Grey_Shrike/Great_Grey_Shrike_0062_106628.jpg,111,14,False
6548,112.Great_Grey_Shrike/Great_Grey_Shrike_0071_106861.jpg,111,136,False
6549,112.Great_Grey_Shrike/Great_Grey_Shrike_0082_106650.jpg,111,42,False
6550,112.Great_Grey_Shrike/Great_Grey_Shrike_0012_106661.jpg,111,79,False
6551,112.Great_Grey_Shrike/Great_Grey_Shrike_0044_106851.jpg,111,56,False
6553,112.Great_Grey_Shrike/Great_Grey_Shrike_0023_106670.jpg,111,24,False
6554,112.Great_Grey_Shrike/Great_Grey_Shrike_0028_106678.jpg,111,191,False
6556,112.Great_Grey_Shrike/Great_Grey_Shrike_0074_106689.jpg,111,134,False
6557,112.Great_Grey_Shrike/Great_Grey_Shrike_0019_797049.jpg,111,112,False
6559,112.Great_Grey_Shrike/Great_Grey_Shrike_0060_797008.jpg,111,90,False
6561,112.Great_Grey_Shrike/Great_Grey_Shrike_0091_797054.jpg,111,129,False
6569,113.Baird_Sparrow/Baird_Sparrow_0012_794552.jpg,112,39,False
6571,113.Baird_Sparrow/Baird_Sparrow_0044_794554.jpg,112,112,True
6575,113.Baird_Sparrow/Baird_Sparrow_0003_794558.jpg,112,119,False
6576,113.Baird_Sparrow/Baird_Sparrow_0023_794559.jpg,112,196,False
6577,113.Baird_Sparrow/Baird_Sparrow_0042_794560.jpg,112,91,False
6578,113.Baird_Sparrow/Baird_Sparrow_0037_794562.jpg,112,112,True
6579,113.Baird_Sparrow/Baird_Sparrow_0007_794563.jpg,112,188,False
6581,113.Baird_Sparrow/Baird_Sparrow_0005_794565.jpg,112,141,False
6582,113.Baird_Sparrow/Baird_Sparrow_0033_794566.jpg,112,150,False
6583,113.Baird_Sparrow/Baird_Sparrow_0019_794567.jpg,112,107,False
6584,113.Baird_Sparrow/Baird_Sparrow_0004_794568.jpg,112,170,False
6589,113.Baird_Sparrow/Baird_Sparrow_0015_794573.jpg,112,60,False
6593,113.Baird_Sparrow/Baird_Sparrow_0011_794577.jpg,112,114,False
6594,113.Baird_Sparrow/Baird_Sparrow_0001_794578.jpg,112,19,False
6595,113.Baird_Sparrow/Baird_Sparrow_0006_794579.jpg,112,112,True
6596,113.Baird_Sparrow/Baird_Sparrow_0031_794580.jpg,112,162,False
6601,113.Baird_Sparrow/Baird_Sparrow_0017_794586.jpg,112,79,False
6602,113.Baird_Sparrow/Baird_Sparrow_0013_794587.jpg,112,21,False
6608,113.Baird_Sparrow/Baird_Sparrow_0020_106863.jpg,112,173,False
6609,113.Baird_Sparrow/Baird_Sparrow_0050_787316.jpg,112,197,False
6613,114.Black_throated_Sparrow/Black_Throated_Sparrow_0056_107010.jpg,113,73,False
6615,114.Black_throated_Sparrow/Black_Throated_Sparrow_0044_107270.jpg,113,15,False
6616,114.Black_throated_Sparrow/Black_Throated_Sparrow_0021_107021.jpg,113,11,False
6618,114.Black_throated_Sparrow/Black_Throated_Sparrow_0054_107026.jpg,113,198,False
6619,114.Black_throated_Sparrow/Black_Throated_Sparrow_0050_107033.jpg,113,198,False
6620,114.Black_throated_Sparrow/Black_Throated_Sparrow_0003_107035.jpg,113,177,False
6621,114.Black_throated_Sparrow/Black_Throated_Sparrow_0057_107036.jpg,113,109,False
6624,114.Black_throated_Sparrow/Black_Throated_Sparrow_0080_107050.jpg,113,147,False
6625,114.Black_throated_Sparrow/Black_Throated_Sparrow_0059_107060.jpg,113,40,False
6626,114.Black_throated_Sparrow/Black_Throated_Sparrow_0084_107066.jpg,113,58,False
6628,114.Black_throated_Sparrow/Black_Throated_Sparrow_0015_107079.jpg,113,33,False
6630,114.Black_throated_Sparrow/Black_Throated_Sparrow_0094_107085.jpg,113,154,False
6637,114.Black_throated_Sparrow/Black_Throated_Sparrow_0074_107113.jpg,113,154,False
6640,114.Black_throated_Sparrow/Black_Throated_Sparrow_0053_107282.jpg,113,43,False
6642,114.Black_throated_Sparrow/Black_Throated_Sparrow_0098_107138.jpg,113,29,False
6643,114.Black_throated_Sparrow/Black_Throated_Sparrow_0005_107150.jpg,113,156,False
6645,114.Black_throated_Sparrow/Black_Throated_Sparrow_0040_107172.jpg,113,97,False
6646,114.Black_throated_Sparrow/Black_Throated_Sparrow_0060_107177.jpg,113,117,False
6648,114.Black_throated_Sparrow/Black_Throated_Sparrow_0076_106995.jpg,113,175,False
6650,114.Black_throated_Sparrow/Black_Throated_Sparrow_0070_107196.jpg,113,154,False
6652,114.Black_throated_Sparrow/Black_Throated_Sparrow_0099_106944.jpg,113,155,False
6653,114.Black_throated_Sparrow/Black_Throated_Sparrow_0007_106999.jpg,113,11,False
6656,114.Black_throated_Sparrow/Black_Throated_Sparrow_0068_106960.jpg,113,135,False
6657,114.Black_throated_Sparrow/Black_Throated_Sparrow_0051_107217.jpg,113,15,False
6658,114.Black_throated_Sparrow/Black_Throated_Sparrow_0002_106962.jpg,113,42,False
6660,114.Black_throated_Sparrow/Black_Throated_Sparrow_0061_106967.jpg,113,198,False
6665,114.Black_throated_Sparrow/Black_Throated_Sparrow_0043_107236.jpg,113,55,False
6670,114.Black_throated_Sparrow/Black_Throated_Sparrow_0008_107000.jpg,113,159,False
6671,114.Black_throated_Sparrow/Black_Throated_Sparrow_0039_107259.jpg,113,31,False
6672,114.Black_throated_Sparrow/Black_Throated_Sparrow_0013_107005.jpg,113,127,False
6673,115.Brewer_Sparrow/Brewer_Sparrow_0034_796693.jpg,114,162,False
6677,115.Brewer_Sparrow/Brewer_Sparrow_0044_796698.jpg,114,96,False
6679,115.Brewer_Sparrow/Brewer_Sparrow_0007_796700.jpg,114,87,False
6684,115.Brewer_Sparrow/Brewer_Sparrow_0011_796708.jpg,114,129,False
6688,115.Brewer_Sparrow/Brewer_Sparrow_0031_796712.jpg,114,148,False
6689,115.Brewer_Sparrow/Brewer_Sparrow_0027_796713.jpg,114,175,False
6691,115.Brewer_Sparrow/Brewer_Sparrow_0072_796715.jpg,114,14,False
6692,115.Brewer_Sparrow/Brewer_Sparrow_0010_796716.jpg,114,126,False
6693,115.Brewer_Sparrow/Brewer_Sparrow_0070_796717.jpg,114,190,False
6695,115.Brewer_Sparrow/Brewer_Sparrow_0055_796720.jpg,114,53,False
6696,115.Brewer_Sparrow/Brewer_Sparrow_0042_796721.jpg,114,39,False
6701,115.Brewer_Sparrow/Brewer_Sparrow_0065_107419.jpg,114,174,False
6703,115.Brewer_Sparrow/Brewer_Sparrow_0047_107428.jpg,114,40,False
6704,115.Brewer_Sparrow/Brewer_Sparrow_0039_107431.jpg,114,39,False
6707,115.Brewer_Sparrow/Brewer_Sparrow_0018_107437.jpg,114,96,False
6708,115.Brewer_Sparrow/Brewer_Sparrow_0061_107438.jpg,114,119,False
6709,115.Brewer_Sparrow/Brewer_Sparrow_0024_107439.jpg,114,147,False
6711,115.Brewer_Sparrow/Brewer_Sparrow_0037_107442.jpg,114,174,False
6712,115.Brewer_Sparrow/Brewer_Sparrow_0005_107443.jpg,114,189,False
6713,115.Brewer_Sparrow/Brewer_Sparrow_0071_107446.jpg,114,87,False
6716,115.Brewer_Sparrow/Brewer_Sparrow_0062_107456.jpg,114,124,False
6717,115.Brewer_Sparrow/Brewer_Sparrow_0056_107458.jpg,114,101,False
6718,115.Brewer_Sparrow/Brewer_Sparrow_0003_107459.jpg,114,125,False
6719,115.Brewer_Sparrow/Brewer_Sparrow_0050_107460.jpg,114,84,False
6720,115.Brewer_Sparrow/Brewer_Sparrow_0006_107463.jpg,114,7,False
6722,115.Brewer_Sparrow/Brewer_Sparrow_0052_107478.jpg,114,98,False
6723,115.Brewer_Sparrow/Brewer_Sparrow_0043_107479.jpg,114,51,False
6724,115.Brewer_Sparrow/Brewer_Sparrow_0067_107480.jpg,114,92,False
6731,115.Brewer_Sparrow/Brewer_Sparrow_0073_107518.jpg,114,196,False
6733,116.Chipping_Sparrow/Chipping_Sparrow_0089_107535.jpg,115,79,False
6735,116.Chipping_Sparrow/Chipping_Sparrow_0021_109588.jpg,115,186,False
6737,116.Chipping_Sparrow/Chipping_Sparrow_0096_109853.jpg,115,123,False
6738,116.Chipping_Sparrow/Chipping_Sparrow_0017_107552.jpg,115,43,False
6740,116.Chipping_Sparrow/Chipping_Sparrow_0022_107825.jpg,115,11,False
6742,116.Chipping_Sparrow/Chipping_Sparrow_0018_108295.jpg,115,198,False
6744,116.Chipping_Sparrow/Chipping_Sparrow_0052_109874.jpg,115,194,False
6745,116.Chipping_Sparrow/Chipping_Sparrow_0061_109113.jpg,115,38,False
6746,116.Chipping_Sparrow/Chipping_Sparrow_0035_110138.jpg,115,109,False
6747,116.Chipping_Sparrow/Chipping_Sparrow_0075_108348.jpg,115,48,False
6748,116.Chipping_Sparrow/Chipping_Sparrow_0006_107849.jpg,115,166,False
6750,116.Chipping_Sparrow/Chipping_Sparrow_0041_108370.jpg,115,42,False
6755,116.Chipping_Sparrow/Chipping_Sparrow_0062_110187.jpg,115,16,False
6759,116.Chipping_Sparrow/Chipping_Sparrow_0091_108308.jpg,115,193,False
6760,116.Chipping_Sparrow/Chipping_Sparrow_0090_14718.jpg,115,79,False
6761,116.Chipping_Sparrow/Chipping_Sparrow_0109_108162.jpg,115,53,False
6762,116.Chipping_Sparrow/Chipping_Sparrow_0024_109445.jpg,115,50,False
6765,116.Chipping_Sparrow/Chipping_Sparrow_0004_108430.jpg,115,79,False
6766,116.Chipping_Sparrow/Chipping_Sparrow_0050_108441.jpg,115,20,False
6767,116.Chipping_Sparrow/Chipping_Sparrow_0097_107678.jpg,115,99,False
6769,116.Chipping_Sparrow/Chipping_Sparrow_0074_108401.jpg,115,106,False
6778,116.Chipping_Sparrow/Chipping_Sparrow_0085_109506.jpg,115,193,False
6780,116.Chipping_Sparrow/Chipping_Sparrow_0043_109509.jpg,115,112,False
6783,116.Chipping_Sparrow/Chipping_Sparrow_0103_109529.jpg,115,121,False
6784,116.Chipping_Sparrow/Chipping_Sparrow_0086_109022.jpg,115,166,False
6785,116.Chipping_Sparrow/Chipping_Sparrow_0111_108515.jpg,115,50,False
6788,116.Chipping_Sparrow/Chipping_Sparrow_0026_109010.jpg,115,154,False
6789,116.Chipping_Sparrow/Chipping_Sparrow_0067_107508.jpg,115,92,False
6790,116.Chipping_Sparrow/Chipping_Sparrow_0070_108281.jpg,115,130,False
6791,116.Chipping_Sparrow/Chipping_Sparrow_0016_109051.jpg,115,33,False
6793,117.Clay_colored_Sparrow/Clay_Colored_Sparrow_0072_110851.jpg,116,111,False
6796,117.Clay_colored_Sparrow/Clay_Colored_Sparrow_0020_110609.jpg,116,116,True
6797,117.Clay_colored_Sparrow/Clay_Colored_Sparrow_0001_110632.jpg,116,199,False
6799,117.Clay_colored_Sparrow/Clay_Colored_Sparrow_0055_110647.jpg,116,173,False
6800,117.Clay_colored_Sparrow/Clay_Colored_Sparrow_0028_797241.jpg,116,150,False
6801,117.Clay_colored_Sparrow/Clay_Colored_Sparrow_0042_797243.jpg,116,167,False
6802,117.Clay_colored_Sparrow/Clay_Colored_Sparrow_0048_110653.jpg,116,31,False
6806,117.Clay_colored_Sparrow/Clay_Colored_Sparrow_0094_797250.jpg,116,25,False
6807,117.Clay_colored_Sparrow/Clay_Colored_Sparrow_0075_797251.jpg,116,146,False
6808,117.Clay_colored_Sparrow/Clay_Colored_Sparrow_0034_797252.jpg,116,113,False
6812,117.Clay_colored_Sparrow/Clay_Colored_Sparrow_0085_797260.jpg,116,197,False
6813,117.Clay_colored_Sparrow/Clay_Colored_Sparrow_0090_110669.jpg,116,46,False
6814,117.Clay_colored_Sparrow/Clay_Colored_Sparrow_0010_797262.jpg,116,149,False
6816,117.Clay_colored_Sparrow/Clay_Colored_Sparrow_0093_110677.jpg,116,65,False
6824,117.Clay_colored_Sparrow/Clay_Colored_Sparrow_0068_110706.jpg,116,188,False
6826,117.Clay_colored_Sparrow/Clay_Colored_Sparrow_0040_110717.jpg,116,95,False
6827,117.Clay_colored_Sparrow/Clay_Colored_Sparrow_0073_110718.jpg,116,48,False
6830,117.Clay_colored_Sparrow/Clay_Colored_Sparrow_0046_110728.jpg,116,154,False
6831,117.Clay_colored_Sparrow/Clay_Colored_Sparrow_0083_110734.jpg,116,53,False
6833,117.Clay_colored_Sparrow/Clay_Colored_Sparrow_0049_110736.jpg,116,168,False
6836,117.Clay_colored_Sparrow/Clay_Colored_Sparrow_0031_110769.jpg,116,169,False
6837,117.Clay_colored_Sparrow/Clay_Colored_Sparrow_0097_110516.jpg,116,32,False
6839,117.Clay_colored_Sparrow/Clay_Colored_Sparrow_0009_797256.jpg,116,181,False
6841,117.Clay_colored_Sparrow/Clay_Colored_Sparrow_0038_110799.jpg,116,94,False
6842,117.Clay_colored_Sparrow/Clay_Colored_Sparrow_0100_110545.jpg,116,59,False
6843,117.Clay_colored_Sparrow/Clay_Colored_Sparrow_0022_110518.jpg,116,134,False
6844,117.Clay_colored_Sparrow/Clay_Colored_Sparrow_0014_797248.jpg,116,72,False
6846,117.Clay_colored_Sparrow/Clay_Colored_Sparrow_0107_110825.jpg,116,192,False
6850,117.Clay_colored_Sparrow/Clay_Colored_Sparrow_0008_110536.jpg,116,194,False
6851,118.House_Sparrow/House_Sparrow_0134_112644.jpg,117,4,False
6852,118.House_Sparrow/House_Sparrow_0019_112645.jpg,117,5,False
6853,118.House_Sparrow/House_Sparrow_0125_111130.jpg,117,193,False
6855,118.House_Sparrow/House_Sparrow_0010_112678.jpg,117,27,False
6856,118.House_Sparrow/House_Sparrow_0025_111669.jpg,117,132,False
6859,118.House_Sparrow/House_Sparrow_0028_113217.jpg,117,104,False
6860,118.House_Sparrow/House_Sparrow_0041_112706.jpg,117,120,False
6862,118.House_Sparrow/House_Sparrow_0068_113247.jpg,117,12,False
6866,118.House_Sparrow/House_Sparrow_0052_112252.jpg,117,45,False
6867,118.House_Sparrow/House_Sparrow_0094_112773.jpg,117,17,False
6868,118.House_Sparrow/House_Sparrow_0079_113288.jpg,117,96,False
6870,118.House_Sparrow/House_Sparrow_0084_111300.jpg,117,33,False
6872,118.House_Sparrow/House_Sparrow_0036_112847.jpg,117,56,False
6875,118.House_Sparrow/House_Sparrow_0002_112905.jpg,117,189,False
6881,118.House_Sparrow/House_Sparrow_0143_111400.jpg,117,65,False
6883,118.House_Sparrow/House_Sparrow_0014_112947.jpg,117,169,False
6884,118.House_Sparrow/House_Sparrow_0015_111085.jpg,117,92,False
6888,118.House_Sparrow/House_Sparrow_0127_111935.jpg,117,99,False
6893,118.House_Sparrow/House_Sparrow_0005_111967.jpg,117,126,False
6894,118.House_Sparrow/House_Sparrow_0063_111460.jpg,117,148,False
6895,118.House_Sparrow/House_Sparrow_0120_113001.jpg,117,130,False
6897,118.House_Sparrow/House_Sparrow_0126_110959.jpg,117,196,False
6898,118.House_Sparrow/House_Sparrow_0004_111989.jpg,117,117,True
6901,118.House_Sparrow/House_Sparrow_0049_110976.jpg,117,184,False
6902,118.House_Sparrow/House_Sparrow_0096_111519.jpg,117,33,False
6903,118.House_Sparrow/House_Sparrow_0061_112795.jpg,117,186,False
6904,118.House_Sparrow/House_Sparrow_0007_111029.jpg,117,167,False
6906,118.House_Sparrow/House_Sparrow_0033_112590.jpg,117,3,False
6908,118.House_Sparrow/House_Sparrow_0098_111073.jpg,117,125,False
6910,118.House_Sparrow/House_Sparrow_0050_111087.jpg,117,11,False
6911,119.Field_Sparrow/Field_Sparrow_0063_113667.jpg,118,104,False
6912,119.Field_Sparrow/Field_Sparrow_0060_114177.jpg,118,32,False
6913,119.Field_Sparrow/Field_Sparrow_0118_113416.jpg,118,172,False
6917,119.Field_Sparrow/Field_Sparrow_0131_113582.jpg,118,44,False
6920,119.Field_Sparrow/Field_Sparrow_0120_113953.jpg,118,186,False
6921,119.Field_Sparrow/Field_Sparrow_0067_113448.jpg,118,2,False
6923,119.Field_Sparrow/Field_Sparrow_0008_113459.jpg,118,20,False
6924,119.Field_Sparrow/Field_Sparrow_0021_113461.jpg,118,127,False
6928,119.Field_Sparrow/Field_Sparrow_0035_113479.jpg,118,47,False
6931,119.Field_Sparrow/Field_Sparrow_0071_113747.jpg,118,198,False
6932,119.Field_Sparrow/Field_Sparrow_0129_113748.jpg,118,176,False
6936,119.Field_Sparrow/Field_Sparrow_0104_113524.jpg,118,107,False
6939,119.Field_Sparrow/Field_Sparrow_0047_113801.jpg,118,66,False
6940,119.Field_Sparrow/Field_Sparrow_0080_113811.jpg,118,145,False
6941,119.Field_Sparrow/Field_Sparrow_0124_113868.jpg,118,169,False
6942,119.Field_Sparrow/Field_Sparrow_0042_113815.jpg,118,172,False
6947,119.Field_Sparrow/Field_Sparrow_0092_113580.jpg,118,85,False
6948,119.Field_Sparrow/Field_Sparrow_0022_113838.jpg,118,108,False
6949,119.Field_Sparrow/Field_Sparrow_0006_113839.jpg,118,148,False
6951,119.Field_Sparrow/Field_Sparrow_0128_113587.jpg,118,148,False
6953,119.Field_Sparrow/Field_Sparrow_0123_113847.jpg,118,52,False
6954,119.Field_Sparrow/Field_Sparrow_0051_114107.jpg,118,104,False
6957,119.Field_Sparrow/Field_Sparrow_0009_113860.jpg,118,113,False
6960,119.Field_Sparrow/Field_Sparrow_0038_113356.jpg,118,78,False
6963,119.Field_Sparrow/Field_Sparrow_0016_110297.jpg,118,53,False
6964,119.Field_Sparrow/Field_Sparrow_0109_113375.jpg,118,106,False
6965,119.Field_Sparrow/Field_Sparrow_0090_113613.jpg,118,35,False
6966,119.Field_Sparrow/Field_Sparrow_0048_113387.jpg,118,109,False
6967,119.Field_Sparrow/Field_Sparrow_0112_114159.jpg,118,175,False
6970,120.Fox_Sparrow/Fox_Sparrow_0065_114945.jpg,119,26,False
6972,120.Fox_Sparrow/Fox_Sparrow_0106_114720.jpg,119,15,False
6973,120.Fox_Sparrow/Fox_Sparrow_0016_114213.jpg,119,148,False
6975,120.Fox_Sparrow/Fox_Sparrow_0022_115248.jpg,119,35,False
6976,120.Fox_Sparrow/Fox_Sparrow_0135_115251.jpg,119,196,False
6977,120.Fox_Sparrow/Fox_Sparrow_0103_115038.jpg,119,147,False
6978,120.Fox_Sparrow/Fox_Sparrow_0020_114744.jpg,119,162,False
6981,120.Fox_Sparrow/Fox_Sparrow_0136_115278.jpg,119,142,False
6982,120.Fox_Sparrow/Fox_Sparrow_0026_115281.jpg,119,183,False
6991,120.Fox_Sparrow/Fox_Sparrow_0115_114855.jpg,119,75,False
6992,120.Fox_Sparrow/Fox_Sparrow_0013_114344.jpg,119,18,False
6996,120.Fox_Sparrow/Fox_Sparrow_0057_114355.jpg,119,132,False
6997,120.Fox_Sparrow/Fox_Sparrow_0052_114878.jpg,119,113,False
6999,120.Fox_Sparrow/Fox_Sparrow_0121_114886.jpg,119,21,False
7000,120.Fox_Sparrow/Fox_Sparrow_0099_115399.jpg,119,108,False
7005,120.Fox_Sparrow/Fox_Sparrow_0125_114557.jpg,119,123,False
7007,120.Fox_Sparrow/Fox_Sparrow_0068_114967.jpg,119,114,False
7009,120.Fox_Sparrow/Fox_Sparrow_0018_114468.jpg,119,163,False
7010,120.Fox_Sparrow/Fox_Sparrow_0114_114481.jpg,119,46,False
7011,120.Fox_Sparrow/Fox_Sparrow_0123_114488.jpg,119,62,False
7012,120.Fox_Sparrow/Fox_Sparrow_0083_114496.jpg,119,130,False
7013,120.Fox_Sparrow/Fox_Sparrow_0047_115022.jpg,119,86,False
7015,120.Fox_Sparrow/Fox_Sparrow_0040_115034.jpg,119,84,False
7017,120.Fox_Sparrow/Fox_Sparrow_0111_114527.jpg,119,27,False
7018,120.Fox_Sparrow/Fox_Sparrow_0067_114528.jpg,119,147,False
7019,120.Fox_Sparrow/Fox_Sparrow_0054_114541.jpg,119,103,False
7020,120.Fox_Sparrow/Fox_Sparrow_0062_115056.jpg,119,9,False
7025,120.Fox_Sparrow/Fox_Sparrow_0081_115630.jpg,119,100,False
7026,120.Fox_Sparrow/Fox_Sparrow_0094_114634.jpg,119,173,False
7027,120.Fox_Sparrow/Fox_Sparrow_0015_114650.jpg,119,72,False
7030,121.Grasshopper_Sparrow/Grasshopper_Sparrow_0067_115979.jpg,120,87,False
7032,121.Grasshopper_Sparrow/Grasshopper_Sparrow_0117_115983.jpg,120,198,False
7033,121.Grasshopper_Sparrow/Grasshopper_Sparrow_0009_115984.jpg,120,138,False
7034,121.Grasshopper_Sparrow/Grasshopper_Sparrow_0053_115991.jpg,120,125,False
7036,121.Grasshopper_Sparrow/Grasshopper_Sparrow_0075_116260.jpg,120,121,False
7037,121.Grasshopper_Sparrow/Grasshopper_Sparrow_0109_115750.jpg,120,55,False
7040,121.Grasshopper_Sparrow/Grasshopper_Sparrow_0120_116021.jpg,120,106,False
7041,121.Grasshopper_Sparrow/Grasshopper_Sparrow_0060_15159.jpg,120,185,False
7043,121.Grasshopper_Sparrow/Grasshopper_Sparrow_0107_116286.jpg,120,128,False
7047,121.Grasshopper_Sparrow/Grasshopper_Sparrow_0044_115681.jpg,120,128,False
7048,121.Grasshopper_Sparrow/Grasshopper_Sparrow_0082_116300.jpg,120,64,False
7051,121.Grasshopper_Sparrow/Grasshopper_Sparrow_0078_116052.jpg,120,7,False
7054,121.Grasshopper_Sparrow/Grasshopper_Sparrow_0116_116066.jpg,120,103,False
7056,121.Grasshopper_Sparrow/Grasshopper_Sparrow_0099_116069.jpg,120,8,False
7058,121.Grasshopper_Sparrow/Grasshopper_Sparrow_0069_116332.jpg,120,93,False
7060,121.Grasshopper_Sparrow/Grasshopper_Sparrow_0015_116352.jpg,120,146,False
7061,121.Grasshopper_Sparrow/Grasshopper_Sparrow_0106_116028.jpg,120,137,False
7062,121.Grasshopper_Sparrow/Grasshopper_Sparrow_0012_115849.jpg,120,173,False
7064,121.Grasshopper_Sparrow/Grasshopper_Sparrow_0021_116107.jpg,120,15,False
7065,121.Grasshopper_Sparrow/Grasshopper_Sparrow_0121_116110.jpg,120,112,False
7067,121.Grasshopper_Sparrow/Grasshopper_Sparrow_0006_115864.jpg,120,20,False
7068,121.Grasshopper_Sparrow/Grasshopper_Sparrow_0016_115695.jpg,120,178,False
7069,121.Grasshopper_Sparrow/Grasshopper_Sparrow_0077_116127.jpg,120,117,False
7072,121.Grasshopper_Sparrow/Grasshopper_Sparrow_0043_115880.jpg,120,111,False
7073,121.Grasshopper_Sparrow/Grasshopper_Sparrow_0108_115894.jpg,120,73,False
7078,121.Grasshopper_Sparrow/Grasshopper_Sparrow_0102_116101.jpg,120,12,False
7081,121.Grasshopper_Sparrow/Grasshopper_Sparrow_0049_115918.jpg,120,197,False
7083,121.Grasshopper_Sparrow/Grasshopper_Sparrow_0051_115923.jpg,120,146,False
7085,121.Grasshopper_Sparrow/Grasshopper_Sparrow_0011_115937.jpg,120,148,False
7087,121.Grasshopper_Sparrow/Grasshopper_Sparrow_0101_116094.jpg,120,74,False
7091,122.Harris_Sparrow/Harris_Sparrow_0007_116484.jpg,121,194,False
7092,122.Harris_Sparrow/Harris_Sparrow_0087_116490.jpg,121,171,False
7094,122.Harris_Sparrow/Harris_Sparrow_0014_116494.jpg,121,50,False
7095,122.Harris_Sparrow/Harris_Sparrow_0042_116499.jpg,121,33,False
7096,122.Harris_Sparrow/Harris_Sparrow_0076_116509.jpg,121,78,False
7100,122.Harris_Sparrow/Harris_Sparrow_0084_116519.jpg,121,117,False
7102,122.Harris_Sparrow/Harris_Sparrow_0089_116531.jpg,121,121,True
7104,122.Harris_Sparrow/Harris_Sparrow_0085_116534.jpg,121,120,False
7105,122.Harris_Sparrow/Harris_Sparrow_0082_116660.jpg,121,80,False
7110,122.Harris_Sparrow/Harris_Sparrow_0090_116664.jpg,121,31,False
7112,122.Harris_Sparrow/Harris_Sparrow_0060_116576.jpg,121,155,False
7114,122.Harris_Sparrow/Harris_Sparrow_0004_116581.jpg,121,148,False
7115,122.Harris_Sparrow/Harris_Sparrow_0083_116588.jpg,121,121,True
7118,122.Harris_Sparrow/Harris_Sparrow_0045_116603.jpg,121,24,False
7119,122.Harris_Sparrow/Harris_Sparrow_0059_116608.jpg,121,123,False
7121,122.Harris_Sparrow/Harris_Sparrow_0002_116356.jpg,121,194,False
7122,122.Harris_Sparrow/Harris_Sparrow_0066_116362.jpg,121,130,False
7125,122.Harris_Sparrow/Harris_Sparrow_0050_116369.jpg,121,78,False
7126,122.Harris_Sparrow/Harris_Sparrow_0086_116373.jpg,121,127,False
7128,122.Harris_Sparrow/Harris_Sparrow_0010_116376.jpg,121,73,False
7130,122.Harris_Sparrow/Harris_Sparrow_0033_116380.jpg,121,35,False
7131,122.Harris_Sparrow/Harris_Sparrow_0063_116383.jpg,121,83,False
7133,122.Harris_Sparrow/Harris_Sparrow_0001_116398.jpg,121,109,False
7134,122.Harris_Sparrow/Harris_Sparrow_0021_116399.jpg,121,173,False
7135,122.Harris_Sparrow/Harris_Sparrow_0070_116400.jpg,121,66,False
7137,122.Harris_Sparrow/Harris_Sparrow_0075_116404.jpg,121,37,False
7138,122.Harris_Sparrow/Harris_Sparrow_0048_116405.jpg,121,91,False
7140,122.Harris_Sparrow/Harris_Sparrow_0017_116636.jpg,121,183,False
7148,122.Harris_Sparrow/Harris_Sparrow_0067_116707.jpg,121,133,False
7149,122.Harris_Sparrow/Harris_Sparrow_0071_116476.jpg,121,1,False
7150,123.Henslow_Sparrow/Henslow_Sparrow_0046_116740.jpg,122,101,False
7153,123.Henslow_Sparrow/Henslow_Sparrow_0043_116756.jpg,122,108,False
7155,123.Henslow_Sparrow/Henslow_Sparrow_0017_796591.jpg,122,72,False
7159,123.Henslow_Sparrow/Henslow_Sparrow_0073_116803.jpg,122,21,False
7160,123.Henslow_Sparrow/Henslow_Sparrow_0075_116805.jpg,122,121,False
7162,123.Henslow_Sparrow/Henslow_Sparrow_0080_11360.jpg,122,146,False
7165,123.Henslow_Sparrow/Henslow_Sparrow_0022_116835.jpg,122,194,False
7167,123.Henslow_Sparrow/Henslow_Sparrow_0112_116845.jpg,122,27,False
7169,123.Henslow_Sparrow/Henslow_Sparrow_0104_796541.jpg,122,126,False
7170,123.Henslow_Sparrow/Henslow_Sparrow_0026_796542.jpg,122,107,False
7172,123.Henslow_Sparrow/Henslow_Sparrow_0086_796545.jpg,122,12,False
7173,123.Henslow_Sparrow/Henslow_Sparrow_0055_796557.jpg,122,115,False
7174,123.Henslow_Sparrow/Henslow_Sparrow_0040_116882.jpg,122,122,True
7175,123.Henslow_Sparrow/Henslow_Sparrow_0100_796565.jpg,122,120,False
7176,123.Henslow_Sparrow/Henslow_Sparrow_0099_796567.jpg,122,116,False
7177,123.Henslow_Sparrow/Henslow_Sparrow_0011_796568.jpg,122,147,False
7181,123.Henslow_Sparrow/Henslow_Sparrow_0041_796572.jpg,122,173,False
7182,123.Henslow_Sparrow/Henslow_Sparrow_0028_796570.jpg,122,99,False
7183,123.Henslow_Sparrow/Henslow_Sparrow_0109_796577.jpg,122,66,False
7184,123.Henslow_Sparrow/Henslow_Sparrow_0013_796578.jpg,122,22,False
7189,123.Henslow_Sparrow/Henslow_Sparrow_0084_796587.jpg,122,106,False
7190,123.Henslow_Sparrow/Henslow_Sparrow_0039_796589.jpg,122,137,False
7192,123.Henslow_Sparrow/Henslow_Sparrow_0108_796592.jpg,122,195,False
7193,123.Henslow_Sparrow/Henslow_Sparrow_0015_796593.jpg,122,87,False
7196,123.Henslow_Sparrow/Henslow_Sparrow_0010_796600.jpg,122,128,False
7198,123.Henslow_Sparrow/Henslow_Sparrow_0034_796602.jpg,122,125,False
7199,123.Henslow_Sparrow/Henslow_Sparrow_0033_796605.jpg,122,166,False
7204,123.Henslow_Sparrow/Henslow_Sparrow_0068_796615.jpg,122,157,False
7206,123.Henslow_Sparrow/Henslow_Sparrow_0060_796619.jpg,122,92,False
7209,123.Henslow_Sparrow/Henslow_Sparrow_0056_796585.jpg,122,79,False
7210,124.Le_Conte_Sparrow/Le_Conte_Sparrow_0005_795137.jpg,123,123,True
7212,124.Le_Conte_Sparrow/Le_Conte_Sparrow_0050_795143.jpg,123,155,False
7213,124.Le_Conte_Sparrow/Le_Conte_Sparrow_0006_795146.jpg,123,56,False
7219,124.Le_Conte_Sparrow/Le_Conte_Sparrow_0023_795156.jpg,123,126,False
7222,124.Le_Conte_Sparrow/Le_Conte_Sparrow_0083_795163.jpg,123,111,False
7223,124.Le_Conte_Sparrow/Le_Conte_Sparrow_0010_795166.jpg,123,131,False
7224,124.Le_Conte_Sparrow/Le_Conte_Sparrow_0085_795167.jpg,123,92,False
7225,124.Le_Conte_Sparrow/Le_Conte_Sparrow_0088_117040.jpg,123,154,False
7226,124.Le_Conte_Sparrow/Le_Conte_Sparrow_0086_795170.jpg,123,125,False
7228,124.Le_Conte_Sparrow/Le_Conte_Sparrow_0013_795176.jpg,123,149,False
7233,124.Le_Conte_Sparrow/Le_Conte_Sparrow_0097_795183.jpg,123,124,False
7236,124.Le_Conte_Sparrow/Le_Conte_Sparrow_0053_795187.jpg,123,35,False
7237,124.Le_Conte_Sparrow/Le_Conte_Sparrow_0025_795188.jpg,123,21,False
7239,124.Le_Conte_Sparrow/Le_Conte_Sparrow_0024_795190.jpg,123,115,False
7240,124.Le_Conte_Sparrow/Le_Conte_Sparrow_0047_795192.jpg,123,8,False
7241,124.Le_Conte_Sparrow/Le_Conte_Sparrow_0061_795194.jpg,123,114,False
7242,124.Le_Conte_Sparrow/Le_Conte_Sparrow_0102_795195.jpg,123,160,False
7244,124.Le_Conte_Sparrow/Le_Conte_Sparrow_0087_795198.jpg,123,96,False
7246,124.Le_Conte_Sparrow/Le_Conte_Sparrow_0066_795206.jpg,123,183,False
7247,124.Le_Conte_Sparrow/Le_Conte_Sparrow_0012_795211.jpg,123,172,False
7249,124.Le_Conte_Sparrow/Le_Conte_Sparrow_0035_795214.jpg,123,127,False
7251,124.Le_Conte_Sparrow/Le_Conte_Sparrow_0041_795218.jpg,123,186,False
7252,124.Le_Conte_Sparrow/Le_Conte_Sparrow_0049_795220.jpg,123,31,False
7253,124.Le_Conte_Sparrow/Le_Conte_Sparrow_0092_795221.jpg,123,32,False
7255,124.Le_Conte_Sparrow/Le_Conte_Sparrow_0046_795227.jpg,123,49,False
7257,124.Le_Conte_Sparrow/Le_Conte_Sparrow_0098_795231.jpg,123,81,False
7261,124.Le_Conte_Sparrow/Le_Conte_Sparrow_0039_117054.jpg,123,101,False
7263,124.Le_Conte_Sparrow/Le_Conte_Sparrow_0044_117116.jpg,123,186,False
7266,124.Le_Conte_Sparrow/Le_Conte_Sparrow_0011_117038.jpg,123,122,False
7269,125.Lincoln_Sparrow/Lincoln_Sparrow_0094_117762.jpg,124,58,False
7271,125.Lincoln_Sparrow/Lincoln_Sparrow_0010_117263.jpg,124,193,False
7273,125.Lincoln_Sparrow/Lincoln_Sparrow_0049_117265.jpg,124,194,False
7277,125.Lincoln_Sparrow/Lincoln_Sparrow_0131_117277.jpg,124,148,False
7279,125.Lincoln_Sparrow/Lincoln_Sparrow_0092_117294.jpg,124,119,False
7280,125.Lincoln_Sparrow/Lincoln_Sparrow_0069_117812.jpg,124,72,False
7281,125.Lincoln_Sparrow/Lincoln_Sparrow_0033_117303.jpg,124,170,False
7282,125.Lincoln_Sparrow/Lincoln_Sparrow_0100_117835.jpg,124,114,False
7283,125.Lincoln_Sparrow/Lincoln_Sparrow_0037_117837.jpg,124,45,False
7284,125.Lincoln_Sparrow/Lincoln_Sparrow_0113_117603.jpg,124,148,False
7289,125.Lincoln_Sparrow/Lincoln_Sparrow_0066_117875.jpg,124,192,False
7291,125.Lincoln_Sparrow/Lincoln_Sparrow_0116_117372.jpg,124,0,False
7292,125.Lincoln_Sparrow/Lincoln_Sparrow_0035_117383.jpg,124,77,False
7293,125.Lincoln_Sparrow/Lincoln_Sparrow_0129_117898.jpg,124,150,False
7297,125.Lincoln_Sparrow/Lincoln_Sparrow_0017_117432.jpg,124,123,False
7299,125.Lincoln_Sparrow/Lincoln_Sparrow_0047_117442.jpg,124,72,False
7302,125.Lincoln_Sparrow/Lincoln_Sparrow_0099_117482.jpg,124,183,False
7303,125.Lincoln_Sparrow/Lincoln_Sparrow_0078_117483.jpg,124,155,False
7306,125.Lincoln_Sparrow/Lincoln_Sparrow_0055_117506.jpg,124,126,False
7309,125.Lincoln_Sparrow/Lincoln_Sparrow_0052_117521.jpg,124,114,False
7310,125.Lincoln_Sparrow/Lincoln_Sparrow_0089_117527.jpg,124,65,False
7311,125.Lincoln_Sparrow/Lincoln_Sparrow_0061_117529.jpg,124,17,False
7313,125.Lincoln_Sparrow/Lincoln_Sparrow_0020_117542.jpg,124,38,False
7314,125.Lincoln_Sparrow/Lincoln_Sparrow_0045_117547.jpg,124,139,False
7315,125.Lincoln_Sparrow/Lincoln_Sparrow_0074_117584.jpg,124,147,False
7317,125.Lincoln_Sparrow/Lincoln_Sparrow_0112_117631.jpg,124,138,False
7319,125.Lincoln_Sparrow/Lincoln_Sparrow_0041_117636.jpg,124,169,False
7321,125.Lincoln_Sparrow/Lincoln_Sparrow_0013_117202.jpg,124,132,False
7326,125.Lincoln_Sparrow/Lincoln_Sparrow_0026_117754.jpg,124,15,False
7329,126.Nelson_Sharp_tailed_Sparrow/Nelson_Sharp_Tailed_Sparrow_0001_796931.jpg,125,112,False
7330,126.Nelson_Sharp_tailed_Sparrow/Nelson_Sharp_Tailed_Sparrow_0044_796932.jpg,125,124,False
7331,126.Nelson_Sharp_tailed_Sparrow/Nelson_Sharp_Tailed_Sparrow_0065_796933.jpg,125,187,False
7335,126.Nelson_Sharp_tailed_Sparrow/Nelson_Sharp_Tailed_Sparrow_0027_118028.jpg,125,89,False
7338,126.Nelson_Sharp_tailed_Sparrow/Nelson_Sharp_Tailed_Sparrow_0046_118032.jpg,125,42,False
7340,126.Nelson_Sharp_tailed_Sparrow/Nelson_Sharp_Tailed_Sparrow_0032_118036.jpg,125,125,True
7341,126.Nelson_Sharp_tailed_Sparrow/Nelson_Sharp_Tailed_Sparrow_0057_796949.jpg,125,74,False
7342,126.Nelson_Sharp_tailed_Sparrow/Nelson_Sharp_Tailed_Sparrow_0034_796950.jpg,125,117,False
7344,126.Nelson_Sharp_tailed_Sparrow/Nelson_Sharp_Tailed_Sparrow_0054_796936.jpg,125,70,False
7346,126.Nelson_Sharp_tailed_Sparrow/Nelson_Sharp_Tailed_Sparrow_0072_118012.jpg,125,17,False
7347,126.Nelson_Sharp_tailed_Sparrow/Nelson_Sharp_Tailed_Sparrow_0053_118069.jpg,125,120,False
7349,126.Nelson_Sharp_tailed_Sparrow/Nelson_Sharp_Tailed_Sparrow_0039_118074.jpg,125,11,False
7350,126.Nelson_Sharp_tailed_Sparrow/Nelson_Sharp_Tailed_Sparrow_0036_118075.jpg,125,128,False
7351,126.Nelson_Sharp_tailed_Sparrow/Nelson_Sharp_Tailed_Sparrow_0016_118077.jpg,125,143,False
7352,126.Nelson_Sharp_tailed_Sparrow/Nelson_Sharp_Tailed_Sparrow_0005_118078.jpg,125,34,False
7354,126.Nelson_Sharp_tailed_Sparrow/Nelson_Sharp_Tailed_Sparrow_0009_796940.jpg,125,34,False
7355,126.Nelson_Sharp_tailed_Sparrow/Nelson_Sharp_Tailed_Sparrow_0024_118010.jpg,125,31,False
7356,126.Nelson_Sharp_tailed_Sparrow/Nelson_Sharp_Tailed_Sparrow_0008_796944.jpg,125,143,False
7357,126.Nelson_Sharp_tailed_Sparrow/Nelson_Sharp_Tailed_Sparrow_0025_796945.jpg,125,172,False
7358,126.Nelson_Sharp_tailed_Sparrow/Nelson_Sharp_Tailed_Sparrow_0052_796903.jpg,125,61,False
7361,126.Nelson_Sharp_tailed_Sparrow/Nelson_Sharp_Tailed_Sparrow_0076_117964.jpg,125,147,False
7365,126.Nelson_Sharp_tailed_Sparrow/Nelson_Sharp_Tailed_Sparrow_0037_117986.jpg,125,117,False
7369,126.Nelson_Sharp_tailed_Sparrow/Nelson_Sharp_Tailed_Sparrow_0047_117991.jpg,125,63,False
7372,126.Nelson_Sharp_tailed_Sparrow/Nelson_Sharp_Tailed_Sparrow_0061_796907.jpg,125,29,False
7374,126.Nelson_Sharp_tailed_Sparrow/Nelson_Sharp_Tailed_Sparrow_0006_796909.jpg,125,127,False
7379,126.Nelson_Sharp_tailed_Sparrow/Nelson_Sharp_Tailed_Sparrow_0003_796917.jpg,125,116,False
7383,126.Nelson_Sharp_tailed_Sparrow/Nelson_Sharp_Tailed_Sparrow_0029_796923.jpg,125,133,False
7384,126.Nelson_Sharp_tailed_Sparrow/Nelson_Sharp_Tailed_Sparrow_0035_796924.jpg,125,173,False
7385,126.Nelson_Sharp_tailed_Sparrow/Nelson_Sharp_Tailed_Sparrow_0070_796925.jpg,125,173,False
7386,126.Nelson_Sharp_tailed_Sparrow/Nelson_Sharp_Tailed_Sparrow_0041_796926.jpg,125,103,False
7387,127.Savannah_Sparrow/Savannah_Sparrow_0048_120321.jpg,126,29,False
7388,127.Savannah_Sparrow/Savannah_Sparrow_0023_120326.jpg,126,92,False
7389,127.Savannah_Sparrow/Savannah_Sparrow_0059_119810.jpg,126,112,False
7391,127.Savannah_Sparrow/Savannah_Sparrow_0106_118294.jpg,126,41,False
7394,127.Savannah_Sparrow/Savannah_Sparrow_0058_118323.jpg,126,42,False
7395,127.Savannah_Sparrow/Savannah_Sparrow_0096_120376.jpg,126,127,False
7396,127.Savannah_Sparrow/Savannah_Sparrow_0043_119362.jpg,126,198,False
7398,127.Savannah_Sparrow/Savannah_Sparrow_0075_116305.jpg,126,178,False
7400,127.Savannah_Sparrow/Savannah_Sparrow_0115_118882.jpg,126,188,False
7403,127.Savannah_Sparrow/Savannah_Sparrow_0117_119917.jpg,126,32,False
7404,127.Savannah_Sparrow/Savannah_Sparrow_0015_118910.jpg,126,5,False
7405,127.Savannah_Sparrow/Savannah_Sparrow_0131_119946.jpg,126,144,False
7408,127.Savannah_Sparrow/Savannah_Sparrow_0139_119444.jpg,126,91,False
7409,127.Savannah_Sparrow/Savannah_Sparrow_0132_119962.jpg,126,28,False
7413,127.Savannah_Sparrow/Savannah_Sparrow_0028_119982.jpg,126,193,False
7415,127.Savannah_Sparrow/Savannah_Sparrow_0057_120016.jpg,126,194,False
7418,127.Savannah_Sparrow/Savannah_Sparrow_0084_120063.jpg,126,77,False
7421,127.Savannah_Sparrow/Savannah_Sparrow_0136_119581.jpg,126,29,False
7422,127.Savannah_Sparrow/Savannah_Sparrow_0035_120099.jpg,126,98,False
7424,127.Savannah_Sparrow/Savannah_Sparrow_0032_120109.jpg,126,160,False
7425,127.Savannah_Sparrow/Savannah_Sparrow_0051_118574.jpg,126,141,False
7428,127.Savannah_Sparrow/Savannah_Sparrow_0135_119620.jpg,126,77,False
7431,127.Savannah_Sparrow/Savannah_Sparrow_0025_119124.jpg,126,14,False
7434,127.Savannah_Sparrow/Savannah_Sparrow_0095_119670.jpg,126,68,False
7436,127.Savannah_Sparrow/Savannah_Sparrow_0062_120185.jpg,126,3,False
7440,127.Savannah_Sparrow/Savannah_Sparrow_0005_119735.jpg,126,84,False
7441,127.Savannah_Sparrow/Savannah_Sparrow_0019_118200.jpg,126,87,False
7442,127.Savannah_Sparrow/Savannah_Sparrow_0114_119750.jpg,126,97,False
7443,127.Savannah_Sparrow/Savannah_Sparrow_0076_120267.jpg,126,32,False
7446,127.Savannah_Sparrow/Savannah_Sparrow_0093_118267.jpg,126,166,False
7447,128.Seaside_Sparrow/Seaside_Sparrow_0052_796498.jpg,127,127,True
7449,128.Seaside_Sparrow/Seaside_Sparrow_0062_796503.jpg,127,113,False
7450,128.Seaside_Sparrow/Seaside_Sparrow_0065_796504.jpg,127,195,False
7451,128.Seaside_Sparrow/Seaside_Sparrow_0033_796506.jpg,127,122,False
7452,128.Seaside_Sparrow/Seaside_Sparrow_0054_796507.jpg,127,166,False
7454,128.Seaside_Sparrow/Seaside_Sparrow_0043_796510.jpg,127,121,False
7457,128.Seaside_Sparrow/Seaside_Sparrow_0004_796514.jpg,127,76,False
7458,128.Seaside_Sparrow/Seaside_Sparrow_0068_796515.jpg,127,128,False
7463,128.Seaside_Sparrow/Seaside_Sparrow_0034_796521.jpg,127,116,False
7466,128.Seaside_Sparrow/Seaside_Sparrow_0031_796526.jpg,127,86,False
7470,128.Seaside_Sparrow/Seaside_Sparrow_0037_796531.jpg,127,3,False
7473,128.Seaside_Sparrow/Seaside_Sparrow_0013_796535.jpg,127,121,False
7475,128.Seaside_Sparrow/Seaside_Sparrow_0008_796538.jpg,127,5,False
7476,128.Seaside_Sparrow/Seaside_Sparrow_0003_796539.jpg,127,11,False
7477,128.Seaside_Sparrow/Seaside_Sparrow_0070_796540.jpg,127,187,False
7478,128.Seaside_Sparrow/Seaside_Sparrow_0063_120707.jpg,127,109,False
7479,128.Seaside_Sparrow/Seaside_Sparrow_0056_120710.jpg,127,112,False
7481,128.Seaside_Sparrow/Seaside_Sparrow_0018_120716.jpg,127,27,False
7483,128.Seaside_Sparrow/Seaside_Sparrow_0022_120721.jpg,127,150,False
7486,128.Seaside_Sparrow/Seaside_Sparrow_0020_120743.jpg,127,117,False
7487,128.Seaside_Sparrow/Seaside_Sparrow_0058_120744.jpg,127,105,False
7488,128.Seaside_Sparrow/Seaside_Sparrow_0007_120690.jpg,127,122,False
7492,128.Seaside_Sparrow/Seaside_Sparrow_0032_120767.jpg,127,189,False
7494,128.Seaside_Sparrow/Seaside_Sparrow_0030_120780.jpg,127,32,False
7497,128.Seaside_Sparrow/Seaside_Sparrow_0059_120794.jpg,127,127,True
7498,128.Seaside_Sparrow/Seaside_Sparrow_0026_120798.jpg,127,127,True
7500,128.Seaside_Sparrow/Seaside_Sparrow_0069_120700.jpg,127,19,False
7502,128.Seaside_Sparrow/Seaside_Sparrow_0038_120819.jpg,127,199,False
7505,128.Seaside_Sparrow/Seaside_Sparrow_0019_120826.jpg,127,81,False
7506,128.Seaside_Sparrow/Seaside_Sparrow_0029_120828.jpg,127,123,False
7507,129.Song_Sparrow/Song_Sparrow_0060_122371.jpg,128,98,False
7509,129.Song_Sparrow/Song_Sparrow_0118_121905.jpg,128,167,False
7510,129.Song_Sparrow/Song_Sparrow_0059_120885.jpg,128,147,False
7511,129.Song_Sparrow/Song_Sparrow_0067_122424.jpg,128,14,False
7512,129.Song_Sparrow/Song_Sparrow_0003_122425.jpg,128,14,False
7516,129.Song_Sparrow/Song_Sparrow_0126_120901.jpg,128,17,False
7518,129.Song_Sparrow/Song_Sparrow_0071_122446.jpg,128,102,False
7520,129.Song_Sparrow/Song_Sparrow_0097_121438.jpg,128,198,False
7521,129.Song_Sparrow/Song_Sparrow_0045_121951.jpg,128,122,False
7523,129.Song_Sparrow/Song_Sparrow_0009_121025.jpg,128,167,False
7526,129.Song_Sparrow/Song_Sparrow_0035_120986.jpg,128,106,False
7529,129.Song_Sparrow/Song_Sparrow_0050_121514.jpg,128,131,False
7531,129.Song_Sparrow/Song_Sparrow_0080_121033.jpg,128,119,False
7532,129.Song_Sparrow/Song_Sparrow_0069_122065.jpg,128,131,False
7533,129.Song_Sparrow/Song_Sparrow_0053_121554.jpg,128,26,False
7537,129.Song_Sparrow/Song_Sparrow_0102_122090.jpg,128,148,False
7538,129.Song_Sparrow/Song_Sparrow_0130_121583.jpg,128,173,False
7539,129.Song_Sparrow/Song_Sparrow_0037_121078.jpg,128,194,False
7540,129.Song_Sparrow/Song_Sparrow_0057_121090.jpg,128,103,False
7546,129.Song_Sparrow/Song_Sparrow_0001_122169.jpg,128,11,False
7548,129.Song_Sparrow/Song_Sparrow_0038_121666.jpg,128,120,False
7550,129.Song_Sparrow/Song_Sparrow_0015_122081.jpg,128,149,False
7552,129.Song_Sparrow/Song_Sparrow_0113_121683.jpg,128,84,False
7553,129.Song_Sparrow/Song_Sparrow_0099_121193.jpg,128,37,False
7557,129.Song_Sparrow/Song_Sparrow_0106_121154.jpg,128,41,False
7558,129.Song_Sparrow/Song_Sparrow_0114_121233.jpg,128,11,False
7559,129.Song_Sparrow/Song_Sparrow_0123_121249.jpg,128,195,False
7560,129.Song_Sparrow/Song_Sparrow_0034_121255.jpg,128,121,False
7562,129.Song_Sparrow/Song_Sparrow_0096_121313.jpg,128,157,False
7565,129.Song_Sparrow/Song_Sparrow_0108_121327.jpg,128,73,False
7573,130.Tree_Sparrow/Tree_Sparrow_0066_123569.jpg,129,198,False
7574,130.Tree_Sparrow/Tree_Sparrow_0053_122933.jpg,129,117,False
7576,130.Tree_Sparrow/Tree_Sparrow_0044_122946.jpg,129,115,False
7577,130.Tree_Sparrow/Tree_Sparrow_0005_122949.jpg,129,35,False
7580,130.Tree_Sparrow/Tree_Sparrow_0011_122964.jpg,129,186,False
7581,130.Tree_Sparrow/Tree_Sparrow_0112_125014.jpg,129,198,False
7582,130.Tree_Sparrow/Tree_Sparrow_0072_123991.jpg,129,78,False
7583,130.Tree_Sparrow/Tree_Sparrow_0042_124512.jpg,129,195,False
7586,130.Tree_Sparrow/Tree_Sparrow_0062_123000.jpg,129,46,False
7587,130.Tree_Sparrow/Tree_Sparrow_0076_123669.jpg,129,57,False
7588,130.Tree_Sparrow/Tree_Sparrow_0043_124034.jpg,129,98,False
7589,130.Tree_Sparrow/Tree_Sparrow_0015_125105.jpg,129,19,False
7591,130.Tree_Sparrow/Tree_Sparrow_0095_124090.jpg,129,18,False
7593,130.Tree_Sparrow/Tree_Sparrow_0058_123591.jpg,129,104,False
7596,130.Tree_Sparrow/Tree_Sparrow_0080_124120.jpg,129,56,False
7597,130.Tree_Sparrow/Tree_Sparrow_0113_123613.jpg,129,121,False
7601,130.Tree_Sparrow/Tree_Sparrow_0068_125230.jpg,129,9,False
7602,130.Tree_Sparrow/Tree_Sparrow_0025_124233.jpg,129,53,False
7603,130.Tree_Sparrow/Tree_Sparrow_0105_123227.jpg,129,103,False
7606,130.Tree_Sparrow/Tree_Sparrow_0088_125305.jpg,129,198,False
7607,130.Tree_Sparrow/Tree_Sparrow_0090_110145.jpg,129,9,False
7609,130.Tree_Sparrow/Tree_Sparrow_0127_125322.jpg,129,98,False
7611,130.Tree_Sparrow/Tree_Sparrow_0036_122772.jpg,129,157,False
7613,130.Tree_Sparrow/Tree_Sparrow_0109_123802.jpg,129,157,False
7614,130.Tree_Sparrow/Tree_Sparrow_0024_123805.jpg,129,98,False
7615,130.Tree_Sparrow/Tree_Sparrow_0009_123294.jpg,129,139,False
7620,130.Tree_Sparrow/Tree_Sparrow_0028_122829.jpg,129,54,False
7622,130.Tree_Sparrow/Tree_Sparrow_0073_123871.jpg,129,97,False
7623,130.Tree_Sparrow/Tree_Sparrow_0030_122850.jpg,129,132,False
7625,130.Tree_Sparrow/Tree_Sparrow_0128_123979.jpg,129,42,False
7629,131.Vesper_Sparrow/Vesper_Sparrow_0052_125444.jpg,130,185,False
7630,131.Vesper_Sparrow/Vesper_Sparrow_0065_125446.jpg,130,109,False
7631,131.Vesper_Sparrow/Vesper_Sparrow_0043_125703.jpg,130,122,False
7636,131.Vesper_Sparrow/Vesper_Sparrow_0095_125459.jpg,130,141,False
7637,131.Vesper_Sparrow/Vesper_Sparrow_0083_125718.jpg,130,182,False
7638,131.Vesper_Sparrow/Vesper_Sparrow_0023_125465.jpg,130,87,False
7640,131.Vesper_Sparrow/Vesper_Sparrow_0047_125788.jpg,130,66,False
7642,131.Vesper_Sparrow/Vesper_Sparrow_0089_125705.jpg,130,145,False
7644,131.Vesper_Sparrow/Vesper_Sparrow_0082_125503.jpg,130,196,False
7646,131.Vesper_Sparrow/Vesper_Sparrow_0086_125776.jpg,130,160,False
7647,131.Vesper_Sparrow/Vesper_Sparrow_0004_125787.jpg,130,105,False
7650,131.Vesper_Sparrow/Vesper_Sparrow_0081_125541.jpg,130,80,False
7651,131.Vesper_Sparrow/Vesper_Sparrow_0049_125806.jpg,130,101,False
7655,131.Vesper_Sparrow/Vesper_Sparrow_0032_125564.jpg,130,53,False
7659,131.Vesper_Sparrow/Vesper_Sparrow_0051_125587.jpg,130,129,False
7660,131.Vesper_Sparrow/Vesper_Sparrow_0077_125597.jpg,130,109,False
7661,131.Vesper_Sparrow/Vesper_Sparrow_0091_125598.jpg,130,121,False
7663,131.Vesper_Sparrow/Vesper_Sparrow_0068_125601.jpg,130,26,False
7667,131.Vesper_Sparrow/Vesper_Sparrow_0011_125608.jpg,130,182,False
7668,131.Vesper_Sparrow/Vesper_Sparrow_0055_125611.jpg,130,178,False
7669,131.Vesper_Sparrow/Vesper_Sparrow_0016_125615.jpg,130,72,False
7671,131.Vesper_Sparrow/Vesper_Sparrow_0028_118217.jpg,130,193,False
7672,131.Vesper_Sparrow/Vesper_Sparrow_0031_125631.jpg,130,92,False
7674,131.Vesper_Sparrow/Vesper_Sparrow_0045_125643.jpg,130,0,False
7675,131.Vesper_Sparrow/Vesper_Sparrow_0037_125648.jpg,130,122,False
7679,131.Vesper_Sparrow/Vesper_Sparrow_0056_125657.jpg,130,112,False
7680,131.Vesper_Sparrow/Vesper_Sparrow_0058_125661.jpg,130,136,False
7681,131.Vesper_Sparrow/Vesper_Sparrow_0030_125663.jpg,130,149,False
7683,131.Vesper_Sparrow/Vesper_Sparrow_0003_125427.jpg,130,31,False
7684,131.Vesper_Sparrow/Vesper_Sparrow_0067_125429.jpg,130,114,False
7689,132.White_crowned_Sparrow/White_Crowned_Sparrow_0047_127575.jpg,131,82,False
7692,132.White_crowned_Sparrow/White_Crowned_Sparrow_0116_127512.jpg,131,112,False
7693,132.White_crowned_Sparrow/White_Crowned_Sparrow_0098_127019.jpg,131,175,False
7697,132.White_crowned_Sparrow/White_Crowned_Sparrow_0093_126531.jpg,131,81,False
7701,132.White_crowned_Sparrow/White_Crowned_Sparrow_0109_128529.jpg,131,72,False
7705,132.White_crowned_Sparrow/White_Crowned_Sparrow_0043_127096.jpg,131,173,False
7709,132.White_crowned_Sparrow/White_Crowned_Sparrow_0019_127652.jpg,131,186,False
7710,132.White_crowned_Sparrow/White_Crowned_Sparrow_0009_127658.jpg,131,116,False
7712,132.White_crowned_Sparrow/White_Crowned_Sparrow_0076_127604.jpg,131,146,False
7714,132.White_crowned_Sparrow/White_Crowned_Sparrow_0085_127194.jpg,131,90,False
7715,132.White_crowned_Sparrow/White_Crowned_Sparrow_0102_127708.jpg,131,98,False
7719,132.White_crowned_Sparrow/White_Crowned_Sparrow_0054_126068.jpg,131,35,False
7720,132.White_crowned_Sparrow/White_Crowned_Sparrow_0083_128777.jpg,131,52,False
7721,132.White_crowned_Sparrow/White_Crowned_Sparrow_0141_127766.jpg,131,109,False
7722,132.White_crowned_Sparrow/White_Crowned_Sparrow_0002_127774.jpg,131,85,False
7723,132.White_crowned_Sparrow/White_Crowned_Sparrow_0017_125829.jpg,131,146,False
7724,132.White_crowned_Sparrow/White_Crowned_Sparrow_0089_127778.jpg,131,53,False
7725,132.White_crowned_Sparrow/White_Crowned_Sparrow_0049_128311.jpg,131,15,False
7727,132.White_crowned_Sparrow/White_Crowned_Sparrow_0040_127313.jpg,131,29,False
7730,132.White_crowned_Sparrow/White_Crowned_Sparrow_0012_127853.jpg,131,187,False
7733,132.White_crowned_Sparrow/White_Crowned_Sparrow_0042_128395.jpg,131,173,False
7734,132.White_crowned_Sparrow/White_Crowned_Sparrow_0142_128237.jpg,131,187,False
7735,132.White_crowned_Sparrow/White_Crowned_Sparrow_0044_127386.jpg,131,142,False
7736,132.White_crowned_Sparrow/White_Crowned_Sparrow_0090_125864.jpg,131,57,False
7737,132.White_crowned_Sparrow/White_Crowned_Sparrow_0111_127404.jpg,131,53,False
7738,132.White_crowned_Sparrow/White_Crowned_Sparrow_0118_127919.jpg,131,16,False
7739,132.White_crowned_Sparrow/White_Crowned_Sparrow_0071_127922.jpg,131,25,False
7743,132.White_crowned_Sparrow/White_Crowned_Sparrow_0037_126969.jpg,131,19,False
7745,132.White_crowned_Sparrow/White_Crowned_Sparrow_0092_125934.jpg,131,6,False
7746,132.White_crowned_Sparrow/White_Crowned_Sparrow_0031_126457.jpg,131,149,False
7747,133.White_throated_Sparrow/White_Throated_Sparrow_0078_129041.jpg,132,130,False
7748,133.White_throated_Sparrow/White_Throated_Sparrow_0107_129046.jpg,132,124,False
7749,133.White_throated_Sparrow/White_Throated_Sparrow_0082_129048.jpg,132,174,False
7753,133.White_throated_Sparrow/White_Throated_Sparrow_0109_129066.jpg,132,21,False
7754,133.White_throated_Sparrow/White_Throated_Sparrow_0030_129076.jpg,132,115,False
7756,133.White_throated_Sparrow/White_Throated_Sparrow_0076_129088.jpg,132,3,False
7757,133.White_throated_Sparrow/White_Throated_Sparrow_0098_129089.jpg,132,26,False
7762,133.White_throated_Sparrow/White_Throated_Sparrow_0014_129148.jpg,132,86,False
7768,133.White_throated_Sparrow/White_Throated_Sparrow_0121_129201.jpg,132,125,False
7769,133.White_throated_Sparrow/White_Throated_Sparrow_0072_129203.jpg,132,112,False
7771,133.White_throated_Sparrow/White_Throated_Sparrow_0060_128802.jpg,132,112,False
7772,133.White_throated_Sparrow/White_Throated_Sparrow_0063_128803.jpg,132,31,False
7775,133.White_throated_Sparrow/White_Throated_Sparrow_0105_128814.jpg,132,3,False
7776,133.White_throated_Sparrow/White_Throated_Sparrow_0106_128815.jpg,132,193,False
7777,133.White_throated_Sparrow/White_Throated_Sparrow_0043_128818.jpg,132,192,False
7778,133.White_throated_Sparrow/White_Throated_Sparrow_0135_128819.jpg,132,21,False
7781,133.White_throated_Sparrow/White_Throated_Sparrow_0132_128833.jpg,132,82,False
7782,133.White_throated_Sparrow/White_Throated_Sparrow_0110_128838.jpg,132,9,False
7783,133.White_throated_Sparrow/White_Throated_Sparrow_0026_128843.jpg,132,116,False
7785,133.White_throated_Sparrow/White_Throated_Sparrow_0038_128853.jpg,132,140,False
7786,133.White_throated_Sparrow/White_Throated_Sparrow_0039_128859.jpg,132,34,False
7787,133.White_throated_Sparrow/White_Throated_Sparrow_0032_128866.jpg,132,18,False
7793,133.White_throated_Sparrow/White_Throated_Sparrow_0007_128918.jpg,132,96,False
7794,133.White_throated_Sparrow/White_Throated_Sparrow_0052_128923.jpg,132,18,False
7796,133.White_throated_Sparrow/White_Throated_Sparrow_0004_128944.jpg,132,152,False
7799,133.White_throated_Sparrow/White_Throated_Sparrow_0059_128964.jpg,132,19,False
7801,133.White_throated_Sparrow/White_Throated_Sparrow_0017_128982.jpg,132,183,False
7802,133.White_throated_Sparrow/White_Throated_Sparrow_0075_128990.jpg,132,97,False
7805,133.White_throated_Sparrow/White_Throated_Sparrow_0047_129014.jpg,132,15,False
7806,133.White_throated_Sparrow/White_Throated_Sparrow_0033_129016.jpg,132,197,False
7807,134.Cape_Glossy_Starling/Cape_Glossy_Starling_0027_129282.jpg,133,10,False
7808,134.Cape_Glossy_Starling/Cape_Glossy_Starling_0026_129288.jpg,133,59,False
7809,134.Cape_Glossy_Starling/Cape_Glossy_Starling_0074_129294.jpg,133,15,False
7812,134.Cape_Glossy_Starling/Cape_Glossy_Starling_0038_129301.jpg,133,14,False
7813,134.Cape_Glossy_Starling/Cape_Glossy_Starling_0097_129303.jpg,133,38,False
7815,134.Cape_Glossy_Starling/Cape_Glossy_Starling_0002_129310.jpg,133,8,False
7819,134.Cape_Glossy_Starling/Cape_Glossy_Starling_0025_129341.jpg,133,186,False
7820,134.Cape_Glossy_Starling/Cape_Glossy_Starling_0007_129345.jpg,133,32,False
7822,134.Cape_Glossy_Starling/Cape_Glossy_Starling_0047_129348.jpg,133,59,False
7825,134.Cape_Glossy_Starling/Cape_Glossy_Starling_0018_129356.jpg,133,185,False
7829,134.Cape_Glossy_Starling/Cape_Glossy_Starling_0098_129365.jpg,133,4,False
7830,134.Cape_Glossy_Starling/Cape_Glossy_Starling_0094_129368.jpg,133,189,False
7836,134.Cape_Glossy_Starling/Cape_Glossy_Starling_0072_129386.jpg,133,167,False
7839,134.Cape_Glossy_Starling/Cape_Glossy_Starling_0079_129399.jpg,133,28,False
7841,134.Cape_Glossy_Starling/Cape_Glossy_Starling_0099_129412.jpg,133,181,False
7842,134.Cape_Glossy_Starling/Cape_Glossy_Starling_0022_129414.jpg,133,5,False
7849,134.Cape_Glossy_Starling/Cape_Glossy_Starling_0068_129446.jpg,133,115,False
7851,134.Cape_Glossy_Starling/Cape_Glossy_Starling_0087_129481.jpg,133,133,True
7852,134.Cape_Glossy_Starling/Cape_Glossy_Starling_0016_129464.jpg,133,55,False
7853,134.Cape_Glossy_Starling/Cape_Glossy_Starling_0073_129465.jpg,133,106,False
7856,134.Cape_Glossy_Starling/Cape_Glossy_Starling_0082_129216.jpg,133,54,False
7857,134.Cape_Glossy_Starling/Cape_Glossy_Starling_0069_129218.jpg,133,135,False
7858,134.Cape_Glossy_Starling/Cape_Glossy_Starling_0053_129219.jpg,133,59,False
7859,134.Cape_Glossy_Starling/Cape_Glossy_Starling_0081_129220.jpg,133,96,False
7860,134.Cape_Glossy_Starling/Cape_Glossy_Starling_0060_129222.jpg,133,128,False
7862,134.Cape_Glossy_Starling/Cape_Glossy_Starling_0013_129244.jpg,133,108,False
7863,134.Cape_Glossy_Starling/Cape_Glossy_Starling_0062_129254.jpg,133,151,False
7864,134.Cape_Glossy_Starling/Cape_Glossy_Starling_0005_129262.jpg,133,103,False
7865,134.Cape_Glossy_Starling/Cape_Glossy_Starling_0015_129266.jpg,133,106,False
7866,134.Cape_Glossy_Starling/Cape_Glossy_Starling_0050_129274.jpg,133,172,False
7874,135.Bank_Swallow/Bank_Swallow_0013_129563.jpg,134,158,False
7877,135.Bank_Swallow/Bank_Swallow_0038_129830.jpg,134,102,False
7879,135.Bank_Swallow/Bank_Swallow_0008_129590.jpg,134,14,False
7882,135.Bank_Swallow/Bank_Swallow_0039_129599.jpg,134,112,False
7884,135.Bank_Swallow/Bank_Swallow_0026_129870.jpg,134,39,False
7887,135.Bank_Swallow/Bank_Swallow_0041_129625.jpg,134,114,False
7888,135.Bank_Swallow/Bank_Swallow_0018_129891.jpg,134,96,False
7889,135.Bank_Swallow/Bank_Swallow_0059_129896.jpg,134,52,False
7891,135.Bank_Swallow/Bank_Swallow_0006_129652.jpg,134,134,True
7893,135.Bank_Swallow/Bank_Swallow_0022_129923.jpg,134,167,False
7894,135.Bank_Swallow/Bank_Swallow_0014_129668.jpg,134,195,False
7895,135.Bank_Swallow/Bank_Swallow_0040_129674.jpg,134,161,False
7897,135.Bank_Swallow/Bank_Swallow_0043_129685.jpg,134,170,False
7901,135.Bank_Swallow/Bank_Swallow_0012_129518.jpg,134,182,False
7903,135.Bank_Swallow/Bank_Swallow_0061_129484.jpg,134,113,False
7904,135.Bank_Swallow/Bank_Swallow_0046_129742.jpg,134,144,False
7906,135.Bank_Swallow/Bank_Swallow_0032_129491.jpg,134,143,False
7907,135.Bank_Swallow/Bank_Swallow_0029_129751.jpg,134,151,False
7908,135.Bank_Swallow/Bank_Swallow_0034_129496.jpg,134,149,False
7909,135.Bank_Swallow/Bank_Swallow_0028_129754.jpg,134,21,False
7913,135.Bank_Swallow/Bank_Swallow_0027_129503.jpg,134,136,False
7915,135.Bank_Swallow/Bank_Swallow_0033_129509.jpg,134,91,False
7917,135.Bank_Swallow/Bank_Swallow_0001_129516.jpg,134,120,False
7918,135.Bank_Swallow/Bank_Swallow_0063_129774.jpg,134,153,False
7919,135.Bank_Swallow/Bank_Swallow_0047_129520.jpg,134,171,False
7920,135.Bank_Swallow/Bank_Swallow_0025_129521.jpg,134,136,False
7922,135.Bank_Swallow/Bank_Swallow_0050_129780.jpg,134,103,False
7923,135.Bank_Swallow/Bank_Swallow_0035_129528.jpg,134,44,False
7924,135.Bank_Swallow/Bank_Swallow_0019_129788.jpg,134,98,False
7925,135.Bank_Swallow/Bank_Swallow_0016_129791.jpg,134,166,False
7926,136.Barn_Swallow/Barn_Swallow_0038_132780.jpg,135,34,False
7927,136.Barn_Swallow/Barn_Swallow_0041_131860.jpg,135,36,False
7928,136.Barn_Swallow/Barn_Swallow_0053_130585.jpg,135,106,False
7931,136.Barn_Swallow/Barn_Swallow_0003_130086.jpg,135,76,False
7932,136.Barn_Swallow/Barn_Swallow_0050_130095.jpg,135,131,False
7933,136.Barn_Swallow/Barn_Swallow_0034_130099.jpg,135,3,False
7942,136.Barn_Swallow/Barn_Swallow_0022_130631.jpg,135,92,False
7943,136.Barn_Swallow/Barn_Swallow_0054_131146.jpg,135,56,False
7944,136.Barn_Swallow/Barn_Swallow_0085_132939.jpg,135,156,False
7947,136.Barn_Swallow/Barn_Swallow_0083_132949.jpg,135,125,False
7949,136.Barn_Swallow/Barn_Swallow_0055_131933.jpg,135,81,False
7950,136.Barn_Swallow/Barn_Swallow_0089_131934.jpg,135,129,False
7951,136.Barn_Swallow/Barn_Swallow_0014_130403.jpg,135,132,False
7952,136.Barn_Swallow/Barn_Swallow_0062_132755.jpg,135,98,False
7953,136.Barn_Swallow/Barn_Swallow_0044_132542.jpg,135,137,False
7955,136.Barn_Swallow/Barn_Swallow_0086_132477.jpg,135,143,False
7956,136.Barn_Swallow/Barn_Swallow_0023_130325.jpg,135,16,False
7963,136.Barn_Swallow/Barn_Swallow_0072_130474.jpg,135,136,False
7965,136.Barn_Swallow/Barn_Swallow_0093_130121.jpg,135,142,False
7967,136.Barn_Swallow/Barn_Swallow_0027_129978.jpg,135,131,False
7970,136.Barn_Swallow/Barn_Swallow_0052_131539.jpg,135,34,False
7971,136.Barn_Swallow/Barn_Swallow_0007_131030.jpg,135,115,False
7973,136.Barn_Swallow/Barn_Swallow_0063_132572.jpg,135,109,False
7974,136.Barn_Swallow/Barn_Swallow_0020_132317.jpg,135,111,False
7975,136.Barn_Swallow/Barn_Swallow_0029_132832.jpg,135,118,False
7978,136.Barn_Swallow/Barn_Swallow_0013_131812.jpg,135,51,False
7980,136.Barn_Swallow/Barn_Swallow_0006_131315.jpg,135,137,False
7981,136.Barn_Swallow/Barn_Swallow_0080_131829.jpg,135,100,False
7984,136.Barn_Swallow/Barn_Swallow_0019_130555.jpg,135,29,False
7985,136.Barn_Swallow/Barn_Swallow_0074_132094.jpg,135,97,False
7986,137.Cliff_Swallow/Cliff_Swallow_0012_133527.jpg,136,103,False
7987,137.Cliff_Swallow/Cliff_Swallow_0084_133974.jpg,136,142,False
7989,137.Cliff_Swallow/Cliff_Swallow_0098_133130.jpg,136,54,False
7990,137.Cliff_Swallow/Cliff_Swallow_0039_133645.jpg,136,189,False
7991,137.Cliff_Swallow/Cliff_Swallow_0042_133646.jpg,136,193,False
7994,137.Cliff_Swallow/Cliff_Swallow_0100_133665.jpg,136,34,False
7996,137.Cliff_Swallow/Cliff_Swallow_0031_133164.jpg,136,56,False
7998,137.Cliff_Swallow/Cliff_Swallow_0036_133168.jpg,136,128,False
7999,137.Cliff_Swallow/Cliff_Swallow_0013_133169.jpg,136,129,False
8003,137.Cliff_Swallow/Cliff_Swallow_0038_133701.jpg,136,82,False
8005,137.Cliff_Swallow/Cliff_Swallow_0027_133203.jpg,136,125,False
8009,137.Cliff_Swallow/Cliff_Swallow_0068_134236.jpg,136,161,False
8011,137.Cliff_Swallow/Cliff_Swallow_0099_133948.jpg,136,11,False
8013,137.Cliff_Swallow/Cliff_Swallow_0006_133489.jpg,136,122,False
8015,137.Cliff_Swallow/Cliff_Swallow_0003_133496.jpg,136,16,False
8017,137.Cliff_Swallow/Cliff_Swallow_0061_133259.jpg,136,25,False
8021,137.Cliff_Swallow/Cliff_Swallow_0060_133280.jpg,136,15,False
8022,137.Cliff_Swallow/Cliff_Swallow_0083_133771.jpg,136,23,False
8025,137.Cliff_Swallow/Cliff_Swallow_0089_133545.jpg,136,67,False
8027,137.Cliff_Swallow/Cliff_Swallow_0017_133806.jpg,136,198,False
8028,137.Cliff_Swallow/Cliff_Swallow_0093_133052.jpg,136,145,False
8029,137.Cliff_Swallow/Cliff_Swallow_0052_133055.jpg,136,75,False
8030,137.Cliff_Swallow/Cliff_Swallow_0085_134338.jpg,136,150,False
8032,137.Cliff_Swallow/Cliff_Swallow_0056_133921.jpg,136,80,False
8033,137.Cliff_Swallow/Cliff_Swallow_0033_133836.jpg,136,51,False
8036,137.Cliff_Swallow/Cliff_Swallow_0063_133852.jpg,136,158,False
8037,137.Cliff_Swallow/Cliff_Swallow_0041_134111.jpg,136,103,False
8039,137.Cliff_Swallow/Cliff_Swallow_0081_134119.jpg,136,82,False
8040,137.Cliff_Swallow/Cliff_Swallow_0035_133097.jpg,136,162,False
8045,137.Cliff_Swallow/Cliff_Swallow_0073_133116.jpg,136,109,False
8049,138.Tree_Swallow/Tree_Swallow_0100_137493.jpg,137,6,False
8050,138.Tree_Swallow/Tree_Swallow_0032_136216.jpg,137,13,False
8051,138.Tree_Swallow/Tree_Swallow_0098_134916.jpg,137,171,False
8054,138.Tree_Swallow/Tree_Swallow_0107_136223.jpg,137,81,False
8056,138.Tree_Swallow/Tree_Swallow_0092_136236.jpg,137,167,False
8058,138.Tree_Swallow/Tree_Swallow_0044_135984.jpg,137,175,False
8059,138.Tree_Swallow/Tree_Swallow_0074_135219.jpg,137,164,False
8061,138.Tree_Swallow/Tree_Swallow_0061_134712.jpg,137,9,False
8063,138.Tree_Swallow/Tree_Swallow_0008_135352.jpg,137,143,False
8068,138.Tree_Swallow/Tree_Swallow_0082_135006.jpg,137,36,False
8069,138.Tree_Swallow/Tree_Swallow_0083_136800.jpg,137,80,False
8071,138.Tree_Swallow/Tree_Swallow_0066_135788.jpg,137,42,False
8072,138.Tree_Swallow/Tree_Swallow_0016_135549.jpg,137,21,False
8073,138.Tree_Swallow/Tree_Swallow_0039_135038.jpg,137,6,False
8077,138.Tree_Swallow/Tree_Swallow_0037_134647.jpg,137,194,False
8079,138.Tree_Swallow/Tree_Swallow_0020_136587.jpg,137,84,False
8080,138.Tree_Swallow/Tree_Swallow_0035_136589.jpg,137,57,False
8081,138.Tree_Swallow/Tree_Swallow_0113_136849.jpg,137,53,False
8082,138.Tree_Swallow/Tree_Swallow_0095_135829.jpg,137,109,False
8084,138.Tree_Swallow/Tree_Swallow_0115_135832.jpg,137,56,False
8086,138.Tree_Swallow/Tree_Swallow_0090_135325.jpg,137,74,False
8087,138.Tree_Swallow/Tree_Swallow_0075_136081.jpg,137,39,False
8088,138.Tree_Swallow/Tree_Swallow_0091_136870.jpg,137,127,False
8091,138.Tree_Swallow/Tree_Swallow_0023_135345.jpg,137,21,False
8093,138.Tree_Swallow/Tree_Swallow_0050_135104.jpg,137,61,False
8095,138.Tree_Swallow/Tree_Swallow_0042_136401.jpg,137,54,False
8097,138.Tree_Swallow/Tree_Swallow_0110_136921.jpg,137,122,False
8098,138.Tree_Swallow/Tree_Swallow_0029_134882.jpg,137,17,False
8100,138.Tree_Swallow/Tree_Swallow_0056_135079.jpg,137,34,False
8105,138.Tree_Swallow/Tree_Swallow_0073_134997.jpg,137,78,False
8106,139.Scarlet_Tanager/Scarlet_Tanager_0116_138242.jpg,138,154,False
8108,139.Scarlet_Tanager/Scarlet_Tanager_0121_138255.jpg,138,101,False
8109,139.Scarlet_Tanager/Scarlet_Tanager_0129_137745.jpg,138,0,False
8111,139.Scarlet_Tanager/Scarlet_Tanager_0068_137758.jpg,138,117,False
8118,139.Scarlet_Tanager/Scarlet_Tanager_0099_137783.jpg,138,121,False
8119,139.Scarlet_Tanager/Scarlet_Tanager_0014_138298.jpg,138,129,False
8122,139.Scarlet_Tanager/Scarlet_Tanager_0050_137874.jpg,138,73,False
8124,139.Scarlet_Tanager/Scarlet_Tanager_0012_138410.jpg,138,124,False
8126,139.Scarlet_Tanager/Scarlet_Tanager_0087_137937.jpg,138,124,False
8128,139.Scarlet_Tanager/Scarlet_Tanager_0082_137978.jpg,138,113,False
8130,139.Scarlet_Tanager/Scarlet_Tanager_0021_138199.jpg,138,95,False
8134,139.Scarlet_Tanager/Scarlet_Tanager_0039_138010.jpg,138,74,False
8135,139.Scarlet_Tanager/Scarlet_Tanager_0096_138022.jpg,138,96,False
8136,139.Scarlet_Tanager/Scarlet_Tanager_0022_138049.jpg,138,147,False
8137,139.Scarlet_Tanager/Scarlet_Tanager_0054_138210.jpg,138,164,False
8139,139.Scarlet_Tanager/Scarlet_Tanager_0009_138076.jpg,138,120,False
8140,139.Scarlet_Tanager/Scarlet_Tanager_0073_138108.jpg,138,81,False
8143,139.Scarlet_Tanager/Scarlet_Tanager_0008_137607.jpg,138,162,False
8148,139.Scarlet_Tanager/Scarlet_Tanager_0065_138683.jpg,138,33,False
8149,139.Scarlet_Tanager/Scarlet_Tanager_0092_138688.jpg,138,63,False
8150,139.Scarlet_Tanager/Scarlet_Tanager_0112_138695.jpg,138,21,False
8152,139.Scarlet_Tanager/Scarlet_Tanager_0038_138198.jpg,138,63,False
8154,139.Scarlet_Tanager/Scarlet_Tanager_0025_138712.jpg,138,48,False
8155,139.Scarlet_Tanager/Scarlet_Tanager_0109_137698.jpg,138,35,False
8156,139.Scarlet_Tanager/Scarlet_Tanager_0135_137699.jpg,138,13,False
8157,139.Scarlet_Tanager/Scarlet_Tanager_0076_137702.jpg,138,113,False
8159,139.Scarlet_Tanager/Scarlet_Tanager_0043_138236.jpg,138,3,False
8162,139.Scarlet_Tanager/Scarlet_Tanager_0063_138227.jpg,138,54,False
8164,139.Scarlet_Tanager/Scarlet_Tanager_0097_137717.jpg,138,59,False
8165,139.Scarlet_Tanager/Scarlet_Tanager_0003_137724.jpg,138,90,False
8166,140.Summer_Tanager/Summer_Tanager_0103_139267.jpg,139,84,False
8168,140.Summer_Tanager/Summer_Tanager_0071_140289.jpg,139,109,False
8171,140.Summer_Tanager/Summer_Tanager_0106_139801.jpg,139,175,False
8173,140.Summer_Tanager/Summer_Tanager_0052_139804.jpg,139,42,False
8174,140.Summer_Tanager/Summer_Tanager_0127_139297.jpg,139,87,False
8175,140.Summer_Tanager/Summer_Tanager_0059_140582.jpg,139,54,False
8176,140.Summer_Tanager/Summer_Tanager_0101_139441.jpg,139,173,False
8182,140.Summer_Tanager/Summer_Tanager_0117_140812.jpg,139,44,False
8184,140.Summer_Tanager/Summer_Tanager_0080_140110.jpg,139,24,False
8185,140.Summer_Tanager/Summer_Tanager_0075_139858.jpg,139,152,False
8186,140.Summer_Tanager/Summer_Tanager_0023_139859.jpg,139,110,False
8188,140.Summer_Tanager/Summer_Tanager_0094_139351.jpg,139,3,False
8189,140.Summer_Tanager/Summer_Tanager_0062_140633.jpg,139,3,False
8190,140.Summer_Tanager/Summer_Tanager_0050_139358.jpg,139,35,False
8195,140.Summer_Tanager/Summer_Tanager_0038_139371.jpg,139,198,False
8196,140.Summer_Tanager/Summer_Tanager_0043_139884.jpg,139,131,False
8197,140.Summer_Tanager/Summer_Tanager_0073_139379.jpg,139,148,False
8199,140.Summer_Tanager/Summer_Tanager_0041_139902.jpg,139,186,False
8200,140.Summer_Tanager/Summer_Tanager_0074_139592.jpg,139,81,False
8204,140.Summer_Tanager/Summer_Tanager_0017_140173.jpg,139,186,False
8207,140.Summer_Tanager/Summer_Tanager_0047_140164.jpg,139,159,False
8210,140.Summer_Tanager/Summer_Tanager_0069_139941.jpg,139,197,False
8213,140.Summer_Tanager/Summer_Tanager_0064_140725.jpg,139,154,False
8215,140.Summer_Tanager/Summer_Tanager_0124_139963.jpg,139,159,False
8216,140.Summer_Tanager/Summer_Tanager_0044_140611.jpg,139,194,False
8220,140.Summer_Tanager/Summer_Tanager_0107_139488.jpg,139,186,False
8222,140.Summer_Tanager/Summer_Tanager_0091_139602.jpg,139,113,False
8223,140.Summer_Tanager/Summer_Tanager_0070_137714.jpg,139,40,False
8224,140.Summer_Tanager/Summer_Tanager_0115_139253.jpg,139,60,False
8225,140.Summer_Tanager/Summer_Tanager_0093_139517.jpg,139,124,False
8227,141.Artic_Tern/Artic_Tern_0015_141829.jpg,140,61,False
8228,141.Artic_Tern/Artic_Tern_0035_143366.jpg,140,130,False
8232,141.Artic_Tern/Artic_Tern_0048_142372.jpg,140,142,False
8234,141.Artic_Tern/Artic_Tern_0059_141876.jpg,140,124,False
8235,141.Artic_Tern/Artic_Tern_0093_141880.jpg,140,86,False
8238,141.Artic_Tern/Artic_Tern_0129_141395.jpg,140,112,False
8242,141.Artic_Tern/Artic_Tern_0019_141922.jpg,140,146,False
8243,141.Artic_Tern/Artic_Tern_0127_142440.jpg,140,194,False
8244,141.Artic_Tern/Artic_Tern_0036_142447.jpg,140,66,False
8246,141.Artic_Tern/Artic_Tern_0102_141453.jpg,140,43,False
8248,141.Artic_Tern/Artic_Tern_0060_141955.jpg,140,57,False
8249,141.Artic_Tern/Artic_Tern_0023_140898.jpg,140,158,False
8252,141.Artic_Tern/Artic_Tern_0138_142527.jpg,140,108,False
8253,141.Artic_Tern/Artic_Tern_0034_142022.jpg,140,4,False
8254,141.Artic_Tern/Artic_Tern_0117_143394.jpg,140,145,False
8257,141.Artic_Tern/Artic_Tern_0115_142570.jpg,140,189,False
8260,141.Artic_Tern/Artic_Tern_0142_142078.jpg,140,95,False
8261,141.Artic_Tern/Artic_Tern_0041_142079.jpg,140,139,False
8262,141.Artic_Tern/Artic_Tern_0083_141579.jpg,140,105,False
8266,141.Artic_Tern/Artic_Tern_0027_141617.jpg,140,147,False
8268,141.Artic_Tern/Artic_Tern_0082_142127.jpg,140,73,False
8270,141.Artic_Tern/Artic_Tern_0044_142151.jpg,140,159,False
8272,141.Artic_Tern/Artic_Tern_0037_141141.jpg,140,100,False
8273,141.Artic_Tern/Artic_Tern_0119_142682.jpg,140,163,False
8275,141.Artic_Tern/Artic_Tern_0014_141716.jpg,140,53,False
8277,141.Artic_Tern/Artic_Tern_0029_142220.jpg,140,197,False
8278,141.Artic_Tern/Artic_Tern_0024_143268.jpg,140,100,False
8282,141.Artic_Tern/Artic_Tern_0030_141816.jpg,140,144,False
8283,141.Artic_Tern/Artic_Tern_0011_143355.jpg,140,50,False
8284,142.Black_Tern/Black_Tern_0017_143876.jpg,141,55,False
8285,142.Black_Tern/Black_Tern_0006_144646.jpg,141,142,False
8293,142.Black_Tern/Black_Tern_0056_143906.jpg,141,92,False
8296,142.Black_Tern/Black_Tern_0096_143917.jpg,141,106,False
8298,142.Black_Tern/Black_Tern_0014_143939.jpg,141,25,False
8300,142.Black_Tern/Black_Tern_0094_144466.jpg,141,146,False
8304,142.Black_Tern/Black_Tern_0008_143965.jpg,141,43,False
8307,142.Black_Tern/Black_Tern_0058_143981.jpg,141,22,False
8308,142.Black_Tern/Black_Tern_0023_143985.jpg,141,124,False
8310,142.Black_Tern/Black_Tern_0064_143990.jpg,141,44,False
8311,142.Black_Tern/Black_Tern_0025_144503.jpg,141,193,False
8313,142.Black_Tern/Black_Tern_0107_144661.jpg,141,64,False
8314,142.Black_Tern/Black_Tern_0050_144000.jpg,141,109,False
8315,142.Black_Tern/Black_Tern_0048_144001.jpg,141,46,False
8316,142.Black_Tern/Black_Tern_0044_144021.jpg,141,106,False
8317,142.Black_Tern/Black_Tern_0032_144029.jpg,141,100,False
8318,142.Black_Tern/Black_Tern_0070_144292.jpg,141,142,False
8319,142.Black_Tern/Black_Tern_0104_144038.jpg,141,22,False
8320,142.Black_Tern/Black_Tern_0024_144039.jpg,141,89,False
8325,142.Black_Tern/Black_Tern_0091_144063.jpg,141,146,False
8326,142.Black_Tern/Black_Tern_0033_144328.jpg,141,148,False
8327,142.Black_Tern/Black_Tern_0065_144076.jpg,141,194,False
8328,142.Black_Tern/Black_Tern_0101_144331.jpg,141,63,False
8330,142.Black_Tern/Black_Tern_0073_144638.jpg,141,44,False
8331,142.Black_Tern/Black_Tern_0100_144597.jpg,141,119,False
8332,142.Black_Tern/Black_Tern_0102_144344.jpg,141,115,False
8333,142.Black_Tern/Black_Tern_0098_144089.jpg,141,7,False
8334,142.Black_Tern/Black_Tern_0012_144091.jpg,141,5,False
8338,142.Black_Tern/Black_Tern_0034_144106.jpg,141,192,False
8342,142.Black_Tern/Black_Tern_0105_144380.jpg,141,80,False
8345,143.Caspian_Tern/Caspian_Tern_0024_146033.jpg,142,113,False
8346,143.Caspian_Tern/Caspian_Tern_0097_145923.jpg,142,139,False
8347,143.Caspian_Tern/Caspian_Tern_0115_145927.jpg,142,70,False
8348,143.Caspian_Tern/Caspian_Tern_0102_145928.jpg,142,100,False
8349,143.Caspian_Tern/Caspian_Tern_0005_145929.jpg,142,12,False
8351,143.Caspian_Tern/Caspian_Tern_0069_145931.jpg,142,82,False
8352,143.Caspian_Tern/Caspian_Tern_0079_145777.jpg,142,61,False
8353,143.Caspian_Tern/Caspian_Tern_0099_145939.jpg,142,185,False
8356,143.Caspian_Tern/Caspian_Tern_0010_145667.jpg,142,165,False
8357,143.Caspian_Tern/Caspian_Tern_0074_145964.jpg,142,46,False
8359,143.Caspian_Tern/Caspian_Tern_0062_145981.jpg,142,105,False
8360,143.Caspian_Tern/Caspian_Tern_0041_144964.jpg,142,82,False
8362,143.Caspian_Tern/Caspian_Tern_0111_145995.jpg,142,75,False
8364,143.Caspian_Tern/Caspian_Tern_0119_145492.jpg,142,58,False
8365,143.Caspian_Tern/Caspian_Tern_0060_146007.jpg,142,195,False
8367,143.Caspian_Tern/Caspian_Tern_0018_146010.jpg,142,48,False
8372,143.Caspian_Tern/Caspian_Tern_0108_145278.jpg,142,75,False
8375,143.Caspian_Tern/Caspian_Tern_0113_146828.jpg,142,116,False
8380,143.Caspian_Tern/Caspian_Tern_0063_146082.jpg,142,142,True
8382,143.Caspian_Tern/Caspian_Tern_0012_147632.jpg,142,70,False
8383,143.Caspian_Tern/Caspian_Tern_0068_146615.jpg,142,7,False
8386,143.Caspian_Tern/Caspian_Tern_0106_147645.jpg,142,147,False
8387,143.Caspian_Tern/Caspian_Tern_0048_145672.jpg,142,36,False
8388,143.Caspian_Tern/Caspian_Tern_0016_145314.jpg,142,110,False
8389,143.Caspian_Tern/Caspian_Tern_0022_144922.jpg,142,70,False
8393,143.Caspian_Tern/Caspian_Tern_0067_145107.jpg,142,88,False
8395,143.Caspian_Tern/Caspian_Tern_0058_145886.jpg,142,88,False
8396,143.Caspian_Tern/Caspian_Tern_0054_145890.jpg,142,70,False
8397,143.Caspian_Tern/Caspian_Tern_0026_145125.jpg,142,44,False
8399,143.Caspian_Tern/Caspian_Tern_0014_145640.jpg,142,49,False
8404,144.Common_Tern/Common_Tern_0040_147973.jpg,143,146,False
8412,144.Common_Tern/Common_Tern_0075_148528.jpg,143,40,False
8414,144.Common_Tern/Common_Tern_0045_150067.jpg,143,26,False
8417,144.Common_Tern/Common_Tern_0056_148549.jpg,143,28,False
8418,144.Common_Tern/Common_Tern_0063_147789.jpg,143,196,False
8420,144.Common_Tern/Common_Tern_0037_148048.jpg,143,84,False
8421,144.Common_Tern/Common_Tern_0105_149841.jpg,143,103,False
8423,144.Common_Tern/Common_Tern_0088_147941.jpg,143,8,False
8424,144.Common_Tern/Common_Tern_0027_150113.jpg,143,85,False
8425,144.Common_Tern/Common_Tern_0028_150117.jpg,143,84,False
8426,144.Common_Tern/Common_Tern_0009_149609.jpg,143,151,False
8428,144.Common_Tern/Common_Tern_0087_147945.jpg,143,98,False
8432,144.Common_Tern/Common_Tern_0097_148874.jpg,143,92,False
8433,144.Common_Tern/Common_Tern_0092_147779.jpg,143,47,False
8434,144.Common_Tern/Common_Tern_0055_149486.jpg,143,109,False
8438,144.Common_Tern/Common_Tern_0108_149672.jpg,143,183,False
8439,144.Common_Tern/Common_Tern_0078_149161.jpg,143,157,False
8440,144.Common_Tern/Common_Tern_0106_149345.jpg,143,94,False
8442,144.Common_Tern/Common_Tern_0042_147897.jpg,143,70,False
8443,144.Common_Tern/Common_Tern_0120_148670.jpg,143,44,False
8444,144.Common_Tern/Common_Tern_0050_148928.jpg,143,108,False
8446,144.Common_Tern/Common_Tern_0051_150469.jpg,143,70,False
8447,144.Common_Tern/Common_Tern_0044_148680.jpg,143,185,False
8448,144.Common_Tern/Common_Tern_0047_149195.jpg,143,57,False
8451,144.Common_Tern/Common_Tern_0004_148977.jpg,143,139,False
8454,144.Common_Tern/Common_Tern_0103_149733.jpg,143,147,False
8455,144.Common_Tern/Common_Tern_0014_149194.jpg,143,90,False
8457,144.Common_Tern/Common_Tern_0115_149482.jpg,143,99,False
8461,144.Common_Tern/Common_Tern_0057_149749.jpg,143,29,False
8463,144.Common_Tern/Common_Tern_0012_148477.jpg,143,8,False
8464,145.Elegant_Tern/Elegant_Tern_0093_150534.jpg,144,108,False
8465,145.Elegant_Tern/Elegant_Tern_0080_150538.jpg,144,14,False
8467,145.Elegant_Tern/Elegant_Tern_0077_150548.jpg,144,1,False
8468,145.Elegant_Tern/Elegant_Tern_0030_151067.jpg,144,190,False
8469,145.Elegant_Tern/Elegant_Tern_0096_151068.jpg,144,88,False
8474,145.Elegant_Tern/Elegant_Tern_0085_151091.jpg,144,175,False
8475,145.Elegant_Tern/Elegant_Tern_0060_150837.jpg,144,81,False
8476,145.Elegant_Tern/Elegant_Tern_0024_150852.jpg,144,135,False
8477,145.Elegant_Tern/Elegant_Tern_0058_150853.jpg,144,91,False
8478,145.Elegant_Tern/Elegant_Tern_0089_150854.jpg,144,71,False
8481,145.Elegant_Tern/Elegant_Tern_0106_150872.jpg,144,186,False
8485,145.Elegant_Tern/Elegant_Tern_0090_45924.jpg,144,51,False
8487,145.Elegant_Tern/Elegant_Tern_0023_150654.jpg,144,35,False
8488,145.Elegant_Tern/Elegant_Tern_0072_150911.jpg,144,182,False
8489,145.Elegant_Tern/Elegant_Tern_0053_150507.jpg,144,193,False
8490,145.Elegant_Tern/Elegant_Tern_0084_150922.jpg,144,65,False
8492,145.Elegant_Tern/Elegant_Tern_0067_151185.jpg,144,44,False
8493,145.Elegant_Tern/Elegant_Tern_0042_150851.jpg,144,141,False
8495,145.Elegant_Tern/Elegant_Tern_0099_150682.jpg,144,64,False
8497,145.Elegant_Tern/Elegant_Tern_0033_150687.jpg,144,134,False
8501,145.Elegant_Tern/Elegant_Tern_0079_150953.jpg,144,53,False
8503,145.Elegant_Tern/Elegant_Tern_0107_150960.jpg,144,43,False
8504,145.Elegant_Tern/Elegant_Tern_0006_150963.jpg,144,130,False
8505,145.Elegant_Tern/Elegant_Tern_0005_150708.jpg,144,59,False
8506,145.Elegant_Tern/Elegant_Tern_0101_150715.jpg,144,3,False
8507,145.Elegant_Tern/Elegant_Tern_0036_150972.jpg,144,46,False
8508,145.Elegant_Tern/Elegant_Tern_0039_150944.jpg,144,64,False
8509,145.Elegant_Tern/Elegant_Tern_0044_150946.jpg,144,158,False
8511,145.Elegant_Tern/Elegant_Tern_0035_150744.jpg,144,70,False
8519,145.Elegant_Tern/Elegant_Tern_0082_150517.jpg,144,21,False
8524,146.Forsters_Tern/Forsters_Tern_0012_151558.jpg,145,121,False
8525,146.Forsters_Tern/Forsters_Tern_0098_151258.jpg,145,57,False
8528,146.Forsters_Tern/Forsters_Tern_0057_151570.jpg,145,1,False
8529,146.Forsters_Tern/Forsters_Tern_0109_152094.jpg,145,165,False
8530,146.Forsters_Tern/Forsters_Tern_0076_151330.jpg,145,136,False
8531,146.Forsters_Tern/Forsters_Tern_0043_151332.jpg,145,47,False
8535,146.Forsters_Tern/Forsters_Tern_0092_152119.jpg,145,144,False
8537,146.Forsters_Tern/Forsters_Tern_0071_152142.jpg,145,88,False
8538,146.Forsters_Tern/Forsters_Tern_0049_151631.jpg,145,104,False
8539,146.Forsters_Tern/Forsters_Tern_0041_149586.jpg,145,48,False
8541,146.Forsters_Tern/Forsters_Tern_0091_151895.jpg,145,133,False
8542,146.Forsters_Tern/Forsters_Tern_0032_151384.jpg,145,45,False
8546,146.Forsters_Tern/Forsters_Tern_0042_151644.jpg,145,71,False
8547,146.Forsters_Tern/Forsters_Tern_0021_144734.jpg,145,85,False
8552,146.Forsters_Tern/Forsters_Tern_0082_151937.jpg,145,44,False
8554,146.Forsters_Tern/Forsters_Tern_0116_151688.jpg,145,2,False
8555,146.Forsters_Tern/Forsters_Tern_0065_152206.jpg,145,183,False
8558,146.Forsters_Tern/Forsters_Tern_0064_152047.jpg,145,48,False
8560,146.Forsters_Tern/Forsters_Tern_0086_152738.jpg,145,80,False
8561,146.Forsters_Tern/Forsters_Tern_0097_151731.jpg,145,37,False
8563,146.Forsters_Tern/Forsters_Tern_0087_151226.jpg,145,101,False
8565,146.Forsters_Tern/Forsters_Tern_0029_151228.jpg,145,23,False
8571,146.Forsters_Tern/Forsters_Tern_0010_151243.jpg,145,64,False
8573,146.Forsters_Tern/Forsters_Tern_0126_151257.jpg,145,121,False
8575,146.Forsters_Tern/Forsters_Tern_0003_151547.jpg,145,7,False
8577,146.Forsters_Tern/Forsters_Tern_0059_151269.jpg,145,167,False
8578,146.Forsters_Tern/Forsters_Tern_0099_152529.jpg,145,195,False
8580,146.Forsters_Tern/Forsters_Tern_0095_152067.jpg,145,105,False
8581,146.Forsters_Tern/Forsters_Tern_0083_151282.jpg,145,118,False
8582,146.Forsters_Tern/Forsters_Tern_0004_152358.jpg,145,120,False
8586,147.Least_Tern/Least_Tern_0127_154141.jpg,146,61,False
8590,147.Least_Tern/Least_Tern_0007_153661.jpg,146,33,False
8591,147.Least_Tern/Least_Tern_0025_153678.jpg,146,8,False
8593,147.Least_Tern/Least_Tern_0026_153702.jpg,146,29,False
8594,147.Least_Tern/Least_Tern_0116_153715.jpg,146,49,False
8595,147.Least_Tern/Least_Tern_0011_153722.jpg,146,135,False
8596,147.Least_Tern/Least_Tern_0128_153732.jpg,146,173,False
8600,147.Least_Tern/Least_Tern_0058_153747.jpg,146,143,False
8601,147.Least_Tern/Least_Tern_0014_153757.jpg,146,143,False
8604,147.Least_Tern/Least_Tern_0028_153781.jpg,146,10,False
8608,147.Least_Tern/Least_Tern_0098_153820.jpg,146,49,False
8610,147.Least_Tern/Least_Tern_0008_153313.jpg,146,147,False
8611,147.Least_Tern/Least_Tern_0024_153317.jpg,146,75,False
8613,147.Least_Tern/Least_Tern_0096_153868.jpg,146,121,False
8617,147.Least_Tern/Least_Tern_0111_153308.jpg,146,1,False
8618,147.Least_Tern/Least_Tern_0132_154149.jpg,146,15,False
8619,147.Least_Tern/Least_Tern_0113_153415.jpg,146,80,False
8620,147.Least_Tern/Least_Tern_0089_152912.jpg,146,137,False
8622,147.Least_Tern/Least_Tern_0035_152932.jpg,146,37,False
8623,147.Least_Tern/Least_Tern_0129_153449.jpg,146,182,False
8624,147.Least_Tern/Least_Tern_0034_153963.jpg,146,142,False
8627,147.Least_Tern/Least_Tern_0100_153461.jpg,146,120,False
8628,147.Least_Tern/Least_Tern_0104_152950.jpg,146,105,False
8629,147.Least_Tern/Least_Tern_0021_153979.jpg,146,88,False
8630,147.Least_Tern/Least_Tern_0041_153470.jpg,146,145,False
8631,147.Least_Tern/Least_Tern_0131_153983.jpg,146,103,False
8633,147.Least_Tern/Least_Tern_0125_153996.jpg,146,197,False
8634,147.Least_Tern/Least_Tern_0107_154015.jpg,146,91,False
8639,147.Least_Tern/Least_Tern_0040_153039.jpg,146,40,False
8640,147.Least_Tern/Least_Tern_0029_154064.jpg,146,62,False
8644,148.Green_tailed_Towhee/Green_Tailed_Towhee_0109_797440.jpg,147,171,False
8645,148.Green_tailed_Towhee/Green_Tailed_Towhee_0061_154880.jpg,147,139,False
8649,148.Green_tailed_Towhee/Green_Tailed_Towhee_0035_154888.jpg,147,108,False
8651,148.Green_tailed_Towhee/Green_Tailed_Towhee_0050_154898.jpg,147,20,False
8652,148.Green_tailed_Towhee/Green_Tailed_Towhee_0101_154907.jpg,147,35,False
8654,148.Green_tailed_Towhee/Green_Tailed_Towhee_0021_797404.jpg,147,6,False
8655,148.Green_tailed_Towhee/Green_Tailed_Towhee_0044_154934.jpg,147,182,False
8658,148.Green_tailed_Towhee/Green_Tailed_Towhee_0072_154946.jpg,147,113,False
8659,148.Green_tailed_Towhee/Green_Tailed_Towhee_0004_154951.jpg,147,120,False
8660,148.Green_tailed_Towhee/Green_Tailed_Towhee_0100_154966.jpg,147,93,False
8664,148.Green_tailed_Towhee/Green_Tailed_Towhee_0079_154764.jpg,147,59,False
8665,148.Green_tailed_Towhee/Green_Tailed_Towhee_0051_154768.jpg,147,98,False
8667,148.Green_tailed_Towhee/Green_Tailed_Towhee_0047_154776.jpg,147,172,False
8669,148.Green_tailed_Towhee/Green_Tailed_Towhee_0005_154784.jpg,147,141,False
8672,148.Green_tailed_Towhee/Green_Tailed_Towhee_0053_154921.jpg,147,157,False
8675,148.Green_tailed_Towhee/Green_Tailed_Towhee_0085_154822.jpg,147,79,False
8678,148.Green_tailed_Towhee/Green_Tailed_Towhee_0082_797395.jpg,147,86,False
8680,148.Green_tailed_Towhee/Green_Tailed_Towhee_0092_797397.jpg,147,8,False
8682,148.Green_tailed_Towhee/Green_Tailed_Towhee_0017_797400.jpg,147,109,False
8684,148.Green_tailed_Towhee/Green_Tailed_Towhee_0104_797403.jpg,147,13,False
8686,148.Green_tailed_Towhee/Green_Tailed_Towhee_0037_797405.jpg,147,143,False
8690,148.Green_tailed_Towhee/Green_Tailed_Towhee_0003_797414.jpg,147,53,False
8691,148.Green_tailed_Towhee/Green_Tailed_Towhee_0014_797415.jpg,147,72,False
8692,148.Green_tailed_Towhee/Green_Tailed_Towhee_0030_797417.jpg,147,121,False
8693,148.Green_tailed_Towhee/Green_Tailed_Towhee_0102_797420.jpg,147,153,False
8694,148.Green_tailed_Towhee/Green_Tailed_Towhee_0062_797424.jpg,147,14,False
8695,148.Green_tailed_Towhee/Green_Tailed_Towhee_0015_797425.jpg,147,104,False
8696,148.Green_tailed_Towhee/Green_Tailed_Towhee_0067_797426.jpg,147,149,False
8697,148.Green_tailed_Towhee/Green_Tailed_Towhee_0110_154868.jpg,147,1,False
8699,148.Green_tailed_Towhee/Green_Tailed_Towhee_0010_797431.jpg,147,8,False
8705,149.Brown_Thrasher/Brown_Thrasher_0061_155140.jpg,148,38,False
8706,149.Brown_Thrasher/Brown_Thrasher_0054_155145.jpg,148,8,False
8709,149.Brown_Thrasher/Brown_Thrasher_0046_155154.jpg,148,115,False
8712,149.Brown_Thrasher/Brown_Thrasher_0057_155164.jpg,148,28,False
8713,149.Brown_Thrasher/Brown_Thrasher_0015_155165.jpg,148,197,False
8715,149.Brown_Thrasher/Brown_Thrasher_0005_155176.jpg,148,73,False
8719,149.Brown_Thrasher/Brown_Thrasher_0084_155189.jpg,148,98,False
8720,149.Brown_Thrasher/Brown_Thrasher_0127_155193.jpg,148,10,False
8722,149.Brown_Thrasher/Brown_Thrasher_0080_155200.jpg,148,55,False
8723,149.Brown_Thrasher/Brown_Thrasher_0042_155213.jpg,148,189,False
8726,149.Brown_Thrasher/Brown_Thrasher_0020_155223.jpg,148,144,False
8727,149.Brown_Thrasher/Brown_Thrasher_0065_155229.jpg,148,106,False
8729,149.Brown_Thrasher/Brown_Thrasher_0038_155246.jpg,148,123,False
8735,149.Brown_Thrasher/Brown_Thrasher_0132_155337.jpg,148,13,False
8737,149.Brown_Thrasher/Brown_Thrasher_0070_155343.jpg,148,181,False
8739,149.Brown_Thrasher/Brown_Thrasher_0130_155350.jpg,148,3,False
8740,149.Brown_Thrasher/Brown_Thrasher_0024_155363.jpg,148,177,False
8741,149.Brown_Thrasher/Brown_Thrasher_0135_155366.jpg,148,109,False
8742,149.Brown_Thrasher/Brown_Thrasher_0011_155370.jpg,148,151,False
8743,149.Brown_Thrasher/Brown_Thrasher_0073_155376.jpg,148,74,False
8747,149.Brown_Thrasher/Brown_Thrasher_0096_155412.jpg,148,193,False
8748,149.Brown_Thrasher/Brown_Thrasher_0092_155415.jpg,148,71,False
8749,149.Brown_Thrasher/Brown_Thrasher_0014_155421.jpg,148,163,False
8752,149.Brown_Thrasher/Brown_Thrasher_0056_155048.jpg,148,111,False
8753,149.Brown_Thrasher/Brown_Thrasher_0124_155052.jpg,148,118,False
8757,149.Brown_Thrasher/Brown_Thrasher_0049_155110.jpg,148,118,False
8758,149.Brown_Thrasher/Brown_Thrasher_0113_155111.jpg,148,187,False
8760,149.Brown_Thrasher/Brown_Thrasher_0063_155127.jpg,148,47,False
8762,149.Brown_Thrasher/Brown_Thrasher_0120_155133.jpg,148,6,False
8763,150.Sage_Thrasher/Sage_Thrasher_0097_155564.jpg,149,112,False
8768,150.Sage_Thrasher/Sage_Thrasher_0036_796444.jpg,149,111,False
8771,150.Sage_Thrasher/Sage_Thrasher_0098_796448.jpg,149,84,False
8775,150.Sage_Thrasher/Sage_Thrasher_0056_796457.jpg,149,126,False
8776,150.Sage_Thrasher/Sage_Thrasher_0029_796459.jpg,149,109,False
8777,150.Sage_Thrasher/Sage_Thrasher_0062_796462.jpg,149,163,False
8778,150.Sage_Thrasher/Sage_Thrasher_0024_796463.jpg,149,199,False
8779,150.Sage_Thrasher/Sage_Thrasher_0003_155479.jpg,149,11,False
8780,150.Sage_Thrasher/Sage_Thrasher_0022_155447.jpg,149,175,False
8783,150.Sage_Thrasher/Sage_Thrasher_0068_155452.jpg,149,179,False
8784,150.Sage_Thrasher/Sage_Thrasher_0002_155455.jpg,149,126,False
8785,150.Sage_Thrasher/Sage_Thrasher_0090_155713.jpg,149,152,False
8788,150.Sage_Thrasher/Sage_Thrasher_0055_155467.jpg,149,151,False
8789,150.Sage_Thrasher/Sage_Thrasher_0081_155724.jpg,149,3,False
8791,150.Sage_Thrasher/Sage_Thrasher_0050_155475.jpg,149,32,False
8793,150.Sage_Thrasher/Sage_Thrasher_0006_155478.jpg,149,121,False
8795,150.Sage_Thrasher/Sage_Thrasher_0057_155488.jpg,149,115,False
8796,150.Sage_Thrasher/Sage_Thrasher_0084_155490.jpg,149,3,False
8797,150.Sage_Thrasher/Sage_Thrasher_0038_155498.jpg,149,107,False
8802,150.Sage_Thrasher/Sage_Thrasher_0064_155531.jpg,149,186,False
8803,150.Sage_Thrasher/Sage_Thrasher_0072_155539.jpg,149,104,False
8807,150.Sage_Thrasher/Sage_Thrasher_0061_155462.jpg,149,33,False
8808,150.Sage_Thrasher/Sage_Thrasher_0085_155562.jpg,149,147,False
8809,150.Sage_Thrasher/Sage_Thrasher_0009_155463.jpg,149,173,False
8811,150.Sage_Thrasher/Sage_Thrasher_0016_155566.jpg,149,143,False
8812,150.Sage_Thrasher/Sage_Thrasher_0005_155569.jpg,149,73,False
8817,150.Sage_Thrasher/Sage_Thrasher_0044_155610.jpg,149,148,False
8818,150.Sage_Thrasher/Sage_Thrasher_0073_155614.jpg,149,57,False
8821,150.Sage_Thrasher/Sage_Thrasher_0023_796458.jpg,149,17,False
8822,150.Sage_Thrasher/Sage_Thrasher_0026_155646.jpg,149,47,False
8825,151.Black_capped_Vireo/Black_Capped_Vireo_0031_797446.jpg,150,31,False
8826,151.Black_capped_Vireo/Black_Capped_Vireo_0034_797448.jpg,150,25,False
8827,151.Black_capped_Vireo/Black_Capped_Vireo_0048_797449.jpg,150,88,False
8834,151.Black_capped_Vireo/Black_Capped_Vireo_0051_797456.jpg,150,123,False
8840,151.Black_capped_Vireo/Black_Capped_Vireo_0045_797464.jpg,150,32,False
8841,151.Black_capped_Vireo/Black_Capped_Vireo_0038_797465.jpg,150,16,False
8844,151.Black_capped_Vireo/Black_Capped_Vireo_0049_797468.jpg,150,33,False
8846,151.Black_capped_Vireo/Black_Capped_Vireo_0032_797470.jpg,150,185,False
8849,151.Black_capped_Vireo/Black_Capped_Vireo_0033_797474.jpg,150,186,False
8850,151.Black_capped_Vireo/Black_Capped_Vireo_0036_797475.jpg,150,14,False
8854,151.Black_capped_Vireo/Black_Capped_Vireo_0021_797480.jpg,150,127,False
8856,151.Black_capped_Vireo/Black_Capped_Vireo_0042_797483.jpg,150,183,False
8857,151.Black_capped_Vireo/Black_Capped_Vireo_0023_797486.jpg,150,150,True
8858,151.Black_capped_Vireo/Black_Capped_Vireo_0052_797487.jpg,150,170,False
8859,151.Black_capped_Vireo/Black_Capped_Vireo_0011_797488.jpg,150,157,False
8862,151.Black_capped_Vireo/Black_Capped_Vireo_0017_797492.jpg,150,109,False
8864,151.Black_capped_Vireo/Black_Capped_Vireo_0046_797494.jpg,150,182,False
8865,151.Black_capped_Vireo/Black_Capped_Vireo_0037_797495.jpg,150,40,False
8867,151.Black_capped_Vireo/Black_Capped_Vireo_0050_155836.jpg,150,192,False
8872,151.Black_capped_Vireo/Black_Capped_Vireo_0026_155745.jpg,150,151,False
8873,151.Black_capped_Vireo/Black_Capped_Vireo_0019_797479.jpg,150,57,False
8874,152.Blue_headed_Vireo/Blue_Headed_Vireo_0088_156416.jpg,151,186,False
8876,152.Blue_headed_Vireo/Blue_Headed_Vireo_0012_156434.jpg,151,18,False
8879,152.Blue_headed_Vireo/Blue_Headed_Vireo_0022_156184.jpg,151,181,False
8880,152.Blue_headed_Vireo/Blue_Headed_Vireo_0123_156443.jpg,151,84,False
8882,152.Blue_headed_Vireo/Blue_Headed_Vireo_0091_155934.jpg,151,32,False
8883,152.Blue_headed_Vireo/Blue_Headed_Vireo_0118_156193.jpg,151,6,False
8887,152.Blue_headed_Vireo/Blue_Headed_Vireo_0087_156461.jpg,151,188,False
8888,152.Blue_headed_Vireo/Blue_Headed_Vireo_0008_155950.jpg,151,21,False
8890,152.Blue_headed_Vireo/Blue_Headed_Vireo_0076_156209.jpg,151,118,False
8891,152.Blue_headed_Vireo/Blue_Headed_Vireo_0037_155955.jpg,151,109,False
8892,152.Blue_headed_Vireo/Blue_Headed_Vireo_0028_156217.jpg,151,57,False
8895,152.Blue_headed_Vireo/Blue_Headed_Vireo_0105_156229.jpg,151,177,False
8897,152.Blue_headed_Vireo/Blue_Headed_Vireo_0032_156239.jpg,151,81,False
8898,152.Blue_headed_Vireo/Blue_Headed_Vireo_0002_156241.jpg,151,105,False
8899,152.Blue_headed_Vireo/Blue_Headed_Vireo_0072_155987.jpg,151,14,False
8900,152.Blue_headed_Vireo/Blue_Headed_Vireo_0086_156244.jpg,151,113,False
8904,152.Blue_headed_Vireo/Blue_Headed_Vireo_0117_156026.jpg,151,127,False
8905,152.Blue_headed_Vireo/Blue_Headed_Vireo_0027_155999.jpg,151,154,False
8906,152.Blue_headed_Vireo/Blue_Headed_Vireo_0111_156258.jpg,151,150,False
8909,152.Blue_headed_Vireo/Blue_Headed_Vireo_0058_156261.jpg,151,97,False
8910,152.Blue_headed_Vireo/Blue_Headed_Vireo_0005_156007.jpg,151,21,False
8919,152.Blue_headed_Vireo/Blue_Headed_Vireo_0017_156063.jpg,151,148,False
8920,152.Blue_headed_Vireo/Blue_Headed_Vireo_0113_156332.jpg,151,30,False
8921,152.Blue_headed_Vireo/Blue_Headed_Vireo_0044_156080.jpg,151,163,False
8922,152.Blue_headed_Vireo/Blue_Headed_Vireo_0049_156082.jpg,151,133,False
8923,152.Blue_headed_Vireo/Blue_Headed_Vireo_0079_156086.jpg,151,184,False
8926,152.Blue_headed_Vireo/Blue_Headed_Vireo_0115_156099.jpg,151,133,False
8930,152.Blue_headed_Vireo/Blue_Headed_Vireo_0107_156111.jpg,151,169,False
8931,152.Blue_headed_Vireo/Blue_Headed_Vireo_0103_156382.jpg,151,12,False
8932,152.Blue_headed_Vireo/Blue_Headed_Vireo_0116_156049.jpg,151,56,False
8934,153.Philadelphia_Vireo/Philadelphia_Vireo_0044_156548.jpg,152,130,False
8936,153.Philadelphia_Vireo/Philadelphia_Vireo_0008_156551.jpg,152,97,False
8937,153.Philadelphia_Vireo/Philadelphia_Vireo_0060_156555.jpg,152,105,False
8939,153.Philadelphia_Vireo/Philadelphia_Vireo_0056_156502.jpg,152,94,False
8940,153.Philadelphia_Vireo/Philadelphia_Vireo_0028_156510.jpg,152,13,False
8942,153.Philadelphia_Vireo/Philadelphia_Vireo_0057_156525.jpg,152,31,False
8945,153.Philadelphia_Vireo/Philadelphia_Vireo_0050_156538.jpg,152,55,False
8946,153.Philadelphia_Vireo/Philadelphia_Vireo_0022_156546.jpg,152,25,False
8950,153.Philadelphia_Vireo/Philadelphia_Vireo_0038_794759.jpg,152,181,False
8952,153.Philadelphia_Vireo/Philadelphia_Vireo_0083_794761.jpg,152,3,False
8956,153.Philadelphia_Vireo/Philadelphia_Vireo_0021_794765.jpg,152,15,False
8959,153.Philadelphia_Vireo/Philadelphia_Vireo_0010_794769.jpg,152,186,False
8960,153.Philadelphia_Vireo/Philadelphia_Vireo_0037_794770.jpg,152,31,False
8965,153.Philadelphia_Vireo/Philadelphia_Vireo_0062_794777.jpg,152,93,False
8967,153.Philadelphia_Vireo/Philadelphia_Vireo_0063_794781.jpg,152,173,False
8968,153.Philadelphia_Vireo/Philadelphia_Vireo_0082_156574.jpg,152,132,False
8969,153.Philadelphia_Vireo/Philadelphia_Vireo_0055_156575.jpg,152,182,False
8971,153.Philadelphia_Vireo/Philadelphia_Vireo_0084_794790.jpg,152,105,False
8973,153.Philadelphia_Vireo/Philadelphia_Vireo_0027_156585.jpg,152,48,False
8976,153.Philadelphia_Vireo/Philadelphia_Vireo_0023_794797.jpg,152,74,False
8978,153.Philadelphia_Vireo/Philadelphia_Vireo_0059_794799.jpg,152,16,False
8979,153.Philadelphia_Vireo/Philadelphia_Vireo_0035_156596.jpg,152,82,False
8980,153.Philadelphia_Vireo/Philadelphia_Vireo_0016_156598.jpg,152,183,False
8981,153.Philadelphia_Vireo/Philadelphia_Vireo_0005_156599.jpg,152,106,False
8984,153.Philadelphia_Vireo/Philadelphia_Vireo_0058_156558.jpg,152,112,False
8986,153.Philadelphia_Vireo/Philadelphia_Vireo_0031_156632.jpg,152,154,False
8988,153.Philadelphia_Vireo/Philadelphia_Vireo_0041_156642.jpg,152,148,False
8990,153.Philadelphia_Vireo/Philadelphia_Vireo_0072_156655.jpg,152,181,False
8992,153.Philadelphia_Vireo/Philadelphia_Vireo_0020_156663.jpg,152,153,False
8993,154.Red_eyed_Vireo/Red_Eyed_Vireo_0052_157185.jpg,153,4,False
8994,154.Red_eyed_Vireo/Red_Eyed_Vireo_0132_156686.jpg,153,198,False
8995,154.Red_eyed_Vireo/Red_Eyed_Vireo_0061_157202.jpg,153,88,False
8996,154.Red_eyed_Vireo/Red_Eyed_Vireo_0141_157205.jpg,153,180,False
8998,154.Red_eyed_Vireo/Red_Eyed_Vireo_0044_156708.jpg,153,166,False
8999,154.Red_eyed_Vireo/Red_Eyed_Vireo_0004_157224.jpg,153,173,False
9001,154.Red_eyed_Vireo/Red_Eyed_Vireo_0036_156727.jpg,153,114,False
9003,154.Red_eyed_Vireo/Red_Eyed_Vireo_0026_156751.jpg,153,193,False
9004,154.Red_eyed_Vireo/Red_Eyed_Vireo_0046_157265.jpg,153,17,False
9007,154.Red_eyed_Vireo/Red_Eyed_Vireo_0123_156780.jpg,153,137,False
9008,154.Red_eyed_Vireo/Red_Eyed_Vireo_0129_156781.jpg,153,145,False
9009,154.Red_eyed_Vireo/Red_Eyed_Vireo_0049_156785.jpg,153,109,False
9010,154.Red_eyed_Vireo/Red_Eyed_Vireo_0138_156798.jpg,153,167,False
9011,154.Red_eyed_Vireo/Red_Eyed_Vireo_0023_156800.jpg,153,189,False
9013,154.Red_eyed_Vireo/Red_Eyed_Vireo_0020_156875.jpg,153,47,False
9015,154.Red_eyed_Vireo/Red_Eyed_Vireo_0032_156897.jpg,153,108,False
9016,154.Red_eyed_Vireo/Red_Eyed_Vireo_0134_156919.jpg,153,92,False
9025,154.Red_eyed_Vireo/Red_Eyed_Vireo_0016_156971.jpg,153,17,False
9026,154.Red_eyed_Vireo/Red_Eyed_Vireo_0059_156974.jpg,153,124,False
9033,154.Red_eyed_Vireo/Red_Eyed_Vireo_0096_157013.jpg,153,26,False
9034,154.Red_eyed_Vireo/Red_Eyed_Vireo_0065_157019.jpg,153,180,False
9038,154.Red_eyed_Vireo/Red_Eyed_Vireo_0014_157062.jpg,153,54,False
9044,154.Red_eyed_Vireo/Red_Eyed_Vireo_0075_158151.jpg,153,93,False
9045,154.Red_eyed_Vireo/Red_Eyed_Vireo_0054_157158.jpg,153,81,False
9046,154.Red_eyed_Vireo/Red_Eyed_Vireo_0133_156668.jpg,153,198,False
9047,154.Red_eyed_Vireo/Red_Eyed_Vireo_0043_157162.jpg,153,54,False
9048,154.Red_eyed_Vireo/Red_Eyed_Vireo_0074_157170.jpg,153,79,False
9049,154.Red_eyed_Vireo/Red_Eyed_Vireo_0025_157173.jpg,153,90,False
9050,154.Red_eyed_Vireo/Red_Eyed_Vireo_0079_158198.jpg,153,31,False
9052,154.Red_eyed_Vireo/Red_Eyed_Vireo_0126_157179.jpg,153,139,False
9053,155.Warbling_Vireo/Warbling_Vireo_0009_158721.jpg,154,152,False
9054,155.Warbling_Vireo/Warbling_Vireo_0105_158727.jpg,154,104,False
9056,155.Warbling_Vireo/Warbling_Vireo_0047_158250.jpg,154,171,False
9057,155.Warbling_Vireo/Warbling_Vireo_0036_158268.jpg,154,185,False
9061,155.Warbling_Vireo/Warbling_Vireo_0083_158284.jpg,154,194,False
9064,155.Warbling_Vireo/Warbling_Vireo_0018_158304.jpg,154,118,False
9066,155.Warbling_Vireo/Warbling_Vireo_0019_158313.jpg,154,182,False
9069,155.Warbling_Vireo/Warbling_Vireo_0054_158321.jpg,154,173,False
9071,155.Warbling_Vireo/Warbling_Vireo_0081_158344.jpg,154,176,False
9072,155.Warbling_Vireo/Warbling_Vireo_0099_158744.jpg,154,182,False
9073,155.Warbling_Vireo/Warbling_Vireo_0087_158355.jpg,154,30,False
9075,155.Warbling_Vireo/Warbling_Vireo_0001_158397.jpg,154,174,False
9077,155.Warbling_Vireo/Warbling_Vireo_0090_158403.jpg,154,77,False
9079,155.Warbling_Vireo/Warbling_Vireo_0091_158419.jpg,154,13,False
9081,155.Warbling_Vireo/Warbling_Vireo_0072_158422.jpg,154,146,False
9082,155.Warbling_Vireo/Warbling_Vireo_0111_158423.jpg,154,64,False
9084,155.Warbling_Vireo/Warbling_Vireo_0064_158437.jpg,154,196,False
9085,155.Warbling_Vireo/Warbling_Vireo_0088_158452.jpg,154,33,False
9088,155.Warbling_Vireo/Warbling_Vireo_0006_158467.jpg,154,116,False
9095,155.Warbling_Vireo/Warbling_Vireo_0089_158519.jpg,154,160,False
9096,155.Warbling_Vireo/Warbling_Vireo_0131_158522.jpg,154,114,False
9097,155.Warbling_Vireo/Warbling_Vireo_0052_158534.jpg,154,188,False
9098,155.Warbling_Vireo/Warbling_Vireo_0058_158539.jpg,154,188,False
9099,155.Warbling_Vireo/Warbling_Vireo_0086_158564.jpg,154,39,False
9102,155.Warbling_Vireo/Warbling_Vireo_0113_158588.jpg,154,1,False
9103,155.Warbling_Vireo/Warbling_Vireo_0127_158601.jpg,154,20,False
9108,155.Warbling_Vireo/Warbling_Vireo_0068_158684.jpg,154,48,False
9109,155.Warbling_Vireo/Warbling_Vireo_0092_158688.jpg,154,13,False
9110,155.Warbling_Vireo/Warbling_Vireo_0126_158696.jpg,154,65,False
9111,155.Warbling_Vireo/Warbling_Vireo_0102_158704.jpg,154,80,False
9113,156.White_eyed_Vireo/White_Eyed_Vireo_0045_159232.jpg,155,19,False
9114,156.White_eyed_Vireo/White_Eyed_Vireo_0001_159237.jpg,155,54,False
9121,156.White_eyed_Vireo/White_Eyed_Vireo_0120_158991.jpg,155,121,False
9124,156.White_eyed_Vireo/White_Eyed_Vireo_0132_158908.jpg,155,98,False
9127,156.White_eyed_Vireo/White_Eyed_Vireo_0049_158835.jpg,155,48,False
9128,156.White_eyed_Vireo/White_Eyed_Vireo_0046_158849.jpg,155,177,False
9130,156.White_eyed_Vireo/White_Eyed_Vireo_0111_158864.jpg,155,159,False
9131,156.White_eyed_Vireo/White_Eyed_Vireo_0078_159382.jpg,155,147,False
9132,156.White_eyed_Vireo/White_Eyed_Vireo_0095_158886.jpg,155,81,False
9133,156.White_eyed_Vireo/White_Eyed_Vireo_0134_158889.jpg,155,51,False
9135,156.White_eyed_Vireo/White_Eyed_Vireo_0115_158932.jpg,155,106,False
9136,156.White_eyed_Vireo/White_Eyed_Vireo_0099_158933.jpg,155,24,False
9137,156.White_eyed_Vireo/White_Eyed_Vireo_0018_159450.jpg,155,185,False
9139,156.White_eyed_Vireo/White_Eyed_Vireo_0135_158955.jpg,155,186,False
9140,156.White_eyed_Vireo/White_Eyed_Vireo_0090_158958.jpg,155,32,False
9141,156.White_eyed_Vireo/White_Eyed_Vireo_0026_158963.jpg,155,86,False
9147,156.White_eyed_Vireo/White_Eyed_Vireo_0116_159028.jpg,155,178,False
9148,156.White_eyed_Vireo/White_Eyed_Vireo_0041_159032.jpg,155,57,False
9149,156.White_eyed_Vireo/White_Eyed_Vireo_0051_159033.jpg,155,33,False
9151,156.White_eyed_Vireo/White_Eyed_Vireo_0022_159037.jpg,155,132,False
9152,156.White_eyed_Vireo/White_Eyed_Vireo_0061_159042.jpg,155,174,False
9153,156.White_eyed_Vireo/White_Eyed_Vireo_0091_159045.jpg,155,108,False
9155,156.White_eyed_Vireo/White_Eyed_Vireo_0130_159075.jpg,155,92,False
9159,156.White_eyed_Vireo/White_Eyed_Vireo_0088_159084.jpg,155,149,False
9165,156.White_eyed_Vireo/White_Eyed_Vireo_0112_159147.jpg,155,180,False
9168,156.White_eyed_Vireo/White_Eyed_Vireo_0024_159193.jpg,155,178,False
9169,156.White_eyed_Vireo/White_Eyed_Vireo_0086_159202.jpg,155,193,False
9170,156.White_eyed_Vireo/White_Eyed_Vireo_0083_159203.jpg,155,182,False
9171,156.White_eyed_Vireo/White_Eyed_Vireo_0114_159206.jpg,155,36,False
9172,156.White_eyed_Vireo/White_Eyed_Vireo_0059_159225.jpg,155,128,False
9173,157.Yellow_throated_Vireo/Yellow_Throated_Vireo_0072_794969.jpg,156,8,False
9174,157.Yellow_throated_Vireo/Yellow_Throated_Vireo_0022_795012.jpg,156,9,False
9175,157.Yellow_throated_Vireo/Yellow_Throated_Vireo_0085_159580.jpg,156,158,False
9176,157.Yellow_throated_Vireo/Yellow_Throated_Vireo_0013_159531.jpg,156,177,False
9177,157.Yellow_throated_Vireo/Yellow_Throated_Vireo_0055_159532.jpg,156,166,False
9179,157.Yellow_throated_Vireo/Yellow_Throated_Vireo_0005_159588.jpg,156,27,False
9180,157.Yellow_throated_Vireo/Yellow_Throated_Vireo_0023_159584.jpg,156,105,False
9181,157.Yellow_throated_Vireo/Yellow_Throated_Vireo_0076_794984.jpg,156,148,False
9182,157.Yellow_throated_Vireo/Yellow_Throated_Vireo_0057_159570.jpg,156,15,False
9183,157.Yellow_throated_Vireo/Yellow_Throated_Vireo_0074_159571.jpg,156,74,False
9186,157.Yellow_throated_Vireo/Yellow_Throated_Vireo_0059_794970.jpg,156,53,False
9187,157.Yellow_throated_Vireo/Yellow_Throated_Vireo_0021_794971.jpg,156,52,False
9188,157.Yellow_throated_Vireo/Yellow_Throated_Vireo_0007_794972.jpg,156,9,False
9194,157.Yellow_throated_Vireo/Yellow_Throated_Vireo_0050_794979.jpg,156,25,False
9195,157.Yellow_throated_Vireo/Yellow_Throated_Vireo_0016_794981.jpg,156,125,False
9196,157.Yellow_throated_Vireo/Yellow_Throated_Vireo_0048_794982.jpg,156,190,False
9198,157.Yellow_throated_Vireo/Yellow_Throated_Vireo_0011_794986.jpg,156,119,False
9201,157.Yellow_throated_Vireo/Yellow_Throated_Vireo_0027_794989.jpg,156,64,False
9205,157.Yellow_throated_Vireo/Yellow_Throated_Vireo_0034_794993.jpg,156,153,False
9208,157.Yellow_throated_Vireo/Yellow_Throated_Vireo_0010_795000.jpg,156,59,False
9213,157.Yellow_throated_Vireo/Yellow_Throated_Vireo_0068_159620.jpg,156,119,False
9215,157.Yellow_throated_Vireo/Yellow_Throated_Vireo_0002_159625.jpg,156,21,False
9216,157.Yellow_throated_Vireo/Yellow_Throated_Vireo_0043_159628.jpg,156,120,False
9217,157.Yellow_throated_Vireo/Yellow_Throated_Vireo_0082_159597.jpg,156,187,False
9219,157.Yellow_throated_Vireo/Yellow_Throated_Vireo_0020_159634.jpg,156,13,False
9222,157.Yellow_throated_Vireo/Yellow_Throated_Vireo_0042_159655.jpg,156,105,False
9229,157.Yellow_throated_Vireo/Yellow_Throated_Vireo_0071_159707.jpg,156,191,False
9230,157.Yellow_throated_Vireo/Yellow_Throated_Vireo_0014_159709.jpg,156,159,False
9231,157.Yellow_throated_Vireo/Yellow_Throated_Vireo_0031_159712.jpg,156,137,False
9233,158.Bay_breasted_Warbler/Bay_Breasted_Warbler_0080_159749.jpg,157,54,False
9238,158.Bay_breasted_Warbler/Bay_Breasted_Warbler_0013_159787.jpg,157,179,False
9239,158.Bay_breasted_Warbler/Bay_Breasted_Warbler_0032_797150.jpg,157,179,False
9240,158.Bay_breasted_Warbler/Bay_Breasted_Warbler_0057_159818.jpg,157,193,False
9243,158.Bay_breasted_Warbler/Bay_Breasted_Warbler_0034_159861.jpg,157,123,False
9245,158.Bay_breasted_Warbler/Bay_Breasted_Warbler_0065_159722.jpg,157,6,False
9246,158.Bay_breasted_Warbler/Bay_Breasted_Warbler_0019_159871.jpg,157,99,False
9248,158.Bay_breasted_Warbler/Bay_Breasted_Warbler_0102_159887.jpg,157,14,False
9249,158.Bay_breasted_Warbler/Bay_Breasted_Warbler_0067_159895.jpg,157,74,False
9250,158.Bay_breasted_Warbler/Bay_Breasted_Warbler_0018_159897.jpg,157,152,False
9252,158.Bay_breasted_Warbler/Bay_Breasted_Warbler_0085_797107.jpg,157,34,False
9254,158.Bay_breasted_Warbler/Bay_Breasted_Warbler_0064_797109.jpg,157,183,False
9257,158.Bay_breasted_Warbler/Bay_Breasted_Warbler_0008_797115.jpg,157,127,False
9258,158.Bay_breasted_Warbler/Bay_Breasted_Warbler_0007_797118.jpg,157,180,False
9259,158.Bay_breasted_Warbler/Bay_Breasted_Warbler_0028_797119.jpg,157,47,False
9260,158.Bay_breasted_Warbler/Bay_Breasted_Warbler_0082_797121.jpg,157,48,False
9262,158.Bay_breasted_Warbler/Bay_Breasted_Warbler_0054_797124.jpg,157,133,False
9264,158.Bay_breasted_Warbler/Bay_Breasted_Warbler_0090_797128.jpg,157,90,False
9266,158.Bay_breasted_Warbler/Bay_Breasted_Warbler_0051_797132.jpg,157,125,False
9267,158.Bay_breasted_Warbler/Bay_Breasted_Warbler_0068_797133.jpg,157,165,False
9268,158.Bay_breasted_Warbler/Bay_Breasted_Warbler_0016_797134.jpg,157,175,False
9270,158.Bay_breasted_Warbler/Bay_Breasted_Warbler_0031_797137.jpg,157,37,False
9272,158.Bay_breasted_Warbler/Bay_Breasted_Warbler_0025_159957.jpg,157,81,False
9276,158.Bay_breasted_Warbler/Bay_Breasted_Warbler_0101_797146.jpg,157,97,False
9278,158.Bay_breasted_Warbler/Bay_Breasted_Warbler_0039_797152.jpg,157,3,False
9279,158.Bay_breasted_Warbler/Bay_Breasted_Warbler_0043_797154.jpg,157,157,True
9280,158.Bay_breasted_Warbler/Bay_Breasted_Warbler_0053_797157.jpg,157,93,False
9282,158.Bay_breasted_Warbler/Bay_Breasted_Warbler_0042_797160.jpg,157,103,False
9285,158.Bay_breasted_Warbler/Bay_Breasted_Warbler_0110_159735.jpg,157,50,False
9289,158.Bay_breasted_Warbler/Bay_Breasted_Warbler_0076_159996.jpg,157,154,False
9294,159.Black_and_white_Warbler/Black_And_White_Warbler_0128_160803.jpg,158,119,False
9296,159.Black_and_white_Warbler/Black_And_White_Warbler_0071_160308.jpg,158,198,False
9297,159.Black_and_white_Warbler/Black_And_White_Warbler_0135_160334.jpg,158,113,False
9298,159.Black_and_white_Warbler/Black_And_White_Warbler_0111_160342.jpg,158,35,False
9301,159.Black_and_white_Warbler/Black_And_White_Warbler_0070_160354.jpg,158,21,False
9303,159.Black_and_white_Warbler/Black_And_White_Warbler_0118_160363.jpg,158,104,False
9306,159.Black_and_white_Warbler/Black_And_White_Warbler_0089_160370.jpg,158,171,False
9309,159.Black_and_white_Warbler/Black_And_White_Warbler_0002_160376.jpg,158,132,False
9310,159.Black_and_white_Warbler/Black_And_White_Warbler_0091_160896.jpg,158,103,False
9312,159.Black_and_white_Warbler/Black_And_White_Warbler_0061_160404.jpg,158,99,False
9316,159.Black_and_white_Warbler/Black_And_White_Warbler_0125_160482.jpg,158,21,False
9319,159.Black_and_white_Warbler/Black_And_White_Warbler_0106_160014.jpg,158,11,False
9320,159.Black_and_white_Warbler/Black_And_White_Warbler_0114_160537.jpg,158,176,False
9321,159.Black_and_white_Warbler/Black_And_White_Warbler_0073_160539.jpg,158,123,False
9323,159.Black_and_white_Warbler/Black_And_White_Warbler_0047_160547.jpg,158,114,False
9325,159.Black_and_white_Warbler/Black_And_White_Warbler_0024_160057.jpg,158,169,False
9327,159.Black_and_white_Warbler/Black_And_White_Warbler_0025_160584.jpg,158,112,False
9329,159.Black_and_white_Warbler/Black_And_White_Warbler_0030_160592.jpg,158,31,False
9330,159.Black_and_white_Warbler/Black_And_White_Warbler_0032_160569.jpg,158,160,False
9333,159.Black_and_white_Warbler/Black_And_White_Warbler_0122_160106.jpg,158,152,False
9334,159.Black_and_white_Warbler/Black_And_White_Warbler_0085_160110.jpg,158,7,False
9338,159.Black_and_white_Warbler/Black_And_White_Warbler_0083_160237.jpg,158,181,False
9339,159.Black_and_white_Warbler/Black_And_White_Warbler_0088_160668.jpg,158,178,False
9341,159.Black_and_white_Warbler/Black_And_White_Warbler_0076_160173.jpg,158,134,False
9343,159.Black_and_white_Warbler/Black_And_White_Warbler_0034_160695.jpg,158,150,False
9344,159.Black_and_white_Warbler/Black_And_White_Warbler_0010_160200.jpg,158,122,False
9346,159.Black_and_white_Warbler/Black_And_White_Warbler_0090_160247.jpg,158,86,False
9347,159.Black_and_white_Warbler/Black_And_White_Warbler_0003_160228.jpg,158,56,False
9348,159.Black_and_white_Warbler/Black_And_White_Warbler_0049_160749.jpg,158,169,False
9349,159.Black_and_white_Warbler/Black_And_White_Warbler_0109_160245.jpg,158,35,False
9352,160.Black_throated_Blue_Warbler/Black_Throated_Blue_Warbler_0129_161399.jpg,159,106,False
9353,160.Black_throated_Blue_Warbler/Black_Throated_Blue_Warbler_0136_161400.jpg,159,180,False
9355,160.Black_throated_Blue_Warbler/Black_Throated_Blue_Warbler_0113_161407.jpg,159,75,False
9356,160.Black_throated_Blue_Warbler/Black_Throated_Blue_Warbler_0119_161416.jpg,159,177,False
9362,160.Black_throated_Blue_Warbler/Black_Throated_Blue_Warbler_0101_161510.jpg,159,21,False
9363,160.Black_throated_Blue_Warbler/Black_Throated_Blue_Warbler_0047_161511.jpg,159,24,False
9366,160.Black_throated_Blue_Warbler/Black_Throated_Blue_Warbler_0022_161520.jpg,159,177,False
9368,160.Black_throated_Blue_Warbler/Black_Throated_Blue_Warbler_0099_161524.jpg,159,29,False
9370,160.Black_throated_Blue_Warbler/Black_Throated_Blue_Warbler_0009_161534.jpg,159,96,False
9375,160.Black_throated_Blue_Warbler/Black_Throated_Blue_Warbler_0111_161615.jpg,159,146,False
9377,160.Black_throated_Blue_Warbler/Black_Throated_Blue_Warbler_0085_161621.jpg,159,80,False
9378,160.Black_throated_Blue_Warbler/Black_Throated_Blue_Warbler_0100_161622.jpg,159,13,False
9379,160.Black_throated_Blue_Warbler/Black_Throated_Blue_Warbler_0109_161635.jpg,159,199,False
9380,160.Black_throated_Blue_Warbler/Black_Throated_Blue_Warbler_0072_161636.jpg,159,61,False
9383,160.Black_throated_Blue_Warbler/Black_Throated_Blue_Warbler_0096_161654.jpg,159,39,False
9384,160.Black_throated_Blue_Warbler/Black_Throated_Blue_Warbler_0064_161656.jpg,159,151,False
9385,160.Black_throated_Blue_Warbler/Black_Throated_Blue_Warbler_0048_161665.jpg,159,36,False
9389,160.Black_throated_Blue_Warbler/Black_Throated_Blue_Warbler_0102_161161.jpg,159,94,False
9390,160.Black_throated_Blue_Warbler/Black_Throated_Blue_Warbler_0076_161162.jpg,159,83,False
9392,160.Black_throated_Blue_Warbler/Black_Throated_Blue_Warbler_0080_161681.jpg,159,152,False
9395,160.Black_throated_Blue_Warbler/Black_Throated_Blue_Warbler_0104_161686.jpg,159,108,False
9396,160.Black_throated_Blue_Warbler/Black_Throated_Blue_Warbler_0127_161176.jpg,159,30,False
9397,160.Black_throated_Blue_Warbler/Black_Throated_Blue_Warbler_0027_104004.jpg,159,104,False
9398,160.Black_throated_Blue_Warbler/Black_Throated_Blue_Warbler_0001_161189.jpg,159,53,False
9399,160.Black_throated_Blue_Warbler/Black_Throated_Blue_Warbler_0079_161194.jpg,159,22,False
9401,160.Black_throated_Blue_Warbler/Black_Throated_Blue_Warbler_0128_161708.jpg,159,122,False
9403,160.Black_throated_Blue_Warbler/Black_Throated_Blue_Warbler_0086_161716.jpg,159,115,False
9407,160.Black_throated_Blue_Warbler/Black_Throated_Blue_Warbler_0110_161726.jpg,159,11,False
9410,160.Black_throated_Blue_Warbler/Black_Throated_Blue_Warbler_0107_161214.jpg,159,187,False
9412,161.Blue_winged_Warbler/Blue_Winged_Warbler_0050_162057.jpg,160,30,False
9413,161.Blue_winged_Warbler/Blue_Winged_Warbler_0041_161802.jpg,160,119,False
9416,161.Blue_winged_Warbler/Blue_Winged_Warbler_0063_161810.jpg,160,164,False
9418,161.Blue_winged_Warbler/Blue_Winged_Warbler_0026_161813.jpg,160,194,False
9419,161.Blue_winged_Warbler/Blue_Winged_Warbler_0013_161816.jpg,160,158,False
9420,161.Blue_winged_Warbler/Blue_Winged_Warbler_0057_162085.jpg,160,149,False
9422,161.Blue_winged_Warbler/Blue_Winged_Warbler_0030_162088.jpg,160,6,False
9426,161.Blue_winged_Warbler/Blue_Winged_Warbler_0049_161856.jpg,160,73,False
9428,161.Blue_winged_Warbler/Blue_Winged_Warbler_0067_161860.jpg,160,109,False
9431,161.Blue_winged_Warbler/Blue_Winged_Warbler_0042_161869.jpg,160,172,False
9433,161.Blue_winged_Warbler/Blue_Winged_Warbler_0025_161873.jpg,160,93,False
9435,161.Blue_winged_Warbler/Blue_Winged_Warbler_0066_162062.jpg,160,168,False
9436,161.Blue_winged_Warbler/Blue_Winged_Warbler_0017_161878.jpg,160,132,False
9439,161.Blue_winged_Warbler/Blue_Winged_Warbler_0060_161888.jpg,160,65,False
9440,161.Blue_winged_Warbler/Blue_Winged_Warbler_0078_161889.jpg,160,75,False
9443,161.Blue_winged_Warbler/Blue_Winged_Warbler_0053_161896.jpg,160,128,False
9448,161.Blue_winged_Warbler/Blue_Winged_Warbler_0061_161984.jpg,160,66,False
9449,161.Blue_winged_Warbler/Blue_Winged_Warbler_0072_161991.jpg,160,148,False
9451,161.Blue_winged_Warbler/Blue_Winged_Warbler_0052_161739.jpg,160,66,False
9452,161.Blue_winged_Warbler/Blue_Winged_Warbler_0055_161996.jpg,160,109,False
9453,161.Blue_winged_Warbler/Blue_Winged_Warbler_0045_161997.jpg,160,3,False
9455,161.Blue_winged_Warbler/Blue_Winged_Warbler_0004_162005.jpg,160,198,False
9456,161.Blue_winged_Warbler/Blue_Winged_Warbler_0056_162013.jpg,160,113,False
9457,161.Blue_winged_Warbler/Blue_Winged_Warbler_0093_162014.jpg,160,53,False
9459,161.Blue_winged_Warbler/Blue_Winged_Warbler_0088_162018.jpg,160,148,False
9462,161.Blue_winged_Warbler/Blue_Winged_Warbler_0089_162026.jpg,160,102,False
9463,161.Blue_winged_Warbler/Blue_Winged_Warbler_0086_162027.jpg,160,148,False
9466,161.Blue_winged_Warbler/Blue_Winged_Warbler_0065_162030.jpg,160,10,False
9467,161.Blue_winged_Warbler/Blue_Winged_Warbler_0007_161785.jpg,160,26,False
9470,161.Blue_winged_Warbler/Blue_Winged_Warbler_0094_161790.jpg,160,128,False
9471,162.Canada_Warbler/Canada_Warbler_0094_26880.jpg,161,58,False
9472,162.Canada_Warbler/Canada_Warbler_0119_162307.jpg,161,53,False
9473,162.Canada_Warbler/Canada_Warbler_0115_162309.jpg,161,8,False
9475,162.Canada_Warbler/Canada_Warbler_0067_162314.jpg,161,80,False
9476,162.Canada_Warbler/Canada_Warbler_0063_162324.jpg,161,25,False
9479,162.Canada_Warbler/Canada_Warbler_0006_103959.jpg,161,172,False
9482,162.Canada_Warbler/Canada_Warbler_0103_162339.jpg,161,161,True
9486,162.Canada_Warbler/Canada_Warbler_0104_162345.jpg,161,175,False
9487,162.Canada_Warbler/Canada_Warbler_0022_157106.jpg,161,75,False
9489,162.Canada_Warbler/Canada_Warbler_0020_162354.jpg,161,194,False
9490,162.Canada_Warbler/Canada_Warbler_0093_162356.jpg,161,171,False
9492,162.Canada_Warbler/Canada_Warbler_0074_162366.jpg,161,20,False
9493,162.Canada_Warbler/Canada_Warbler_0105_162372.jpg,161,3,False
9494,162.Canada_Warbler/Canada_Warbler_0013_162375.jpg,161,90,False
9495,162.Canada_Warbler/Canada_Warbler_0035_162377.jpg,161,105,False
9498,162.Canada_Warbler/Canada_Warbler_0023_162383.jpg,161,148,False
9500,162.Canada_Warbler/Canada_Warbler_0015_162388.jpg,161,20,False
9504,162.Canada_Warbler/Canada_Warbler_0117_162394.jpg,161,30,False
9505,162.Canada_Warbler/Canada_Warbler_0114_162396.jpg,161,64,False
9507,162.Canada_Warbler/Canada_Warbler_0095_162401.jpg,161,132,False
9509,162.Canada_Warbler/Canada_Warbler_0037_162405.jpg,161,178,False
9510,162.Canada_Warbler/Canada_Warbler_0056_162407.jpg,161,31,False
9514,162.Canada_Warbler/Canada_Warbler_0008_162416.jpg,161,83,False
9518,162.Canada_Warbler/Canada_Warbler_0002_162426.jpg,161,28,False
9520,162.Canada_Warbler/Canada_Warbler_0090_162432.jpg,161,168,False
9523,162.Canada_Warbler/Canada_Warbler_0107_162440.jpg,161,54,False
9524,162.Canada_Warbler/Canada_Warbler_0051_162447.jpg,161,148,False
9527,162.Canada_Warbler/Canada_Warbler_0122_162219.jpg,161,13,False
9528,162.Canada_Warbler/Canada_Warbler_0027_162223.jpg,161,37,False
9529,162.Canada_Warbler/Canada_Warbler_0109_93363.jpg,161,9,False
9533,163.Cape_May_Warbler/Cape_May_Warbler_0117_163079.jpg,162,91,False
9534,163.Cape_May_Warbler/Cape_May_Warbler_0093_163089.jpg,162,9,False
9535,163.Cape_May_Warbler/Cape_May_Warbler_0096_163093.jpg,162,106,False
9537,163.Cape_May_Warbler/Cape_May_Warbler_0115_163121.jpg,162,62,False
9539,163.Cape_May_Warbler/Cape_May_Warbler_0122_163131.jpg,162,40,False
9541,163.Cape_May_Warbler/Cape_May_Warbler_0033_162657.jpg,162,160,False
9542,163.Cape_May_Warbler/Cape_May_Warbler_0085_162628.jpg,162,73,False
9547,163.Cape_May_Warbler/Cape_May_Warbler_0048_162915.jpg,162,38,False
9548,163.Cape_May_Warbler/Cape_May_Warbler_0129_163157.jpg,162,198,False
9549,163.Cape_May_Warbler/Cape_May_Warbler_0015_163159.jpg,162,109,False
9550,163.Cape_May_Warbler/Cape_May_Warbler_0007_163087.jpg,162,90,False
9552,163.Cape_May_Warbler/Cape_May_Warbler_0046_163167.jpg,162,80,False
9554,163.Cape_May_Warbler/Cape_May_Warbler_0026_162913.jpg,162,71,False
9555,163.Cape_May_Warbler/Cape_May_Warbler_0035_162658.jpg,162,167,False
9556,163.Cape_May_Warbler/Cape_May_Warbler_0055_163171.jpg,162,127,False
9558,163.Cape_May_Warbler/Cape_May_Warbler_0003_162920.jpg,162,22,False
9560,163.Cape_May_Warbler/Cape_May_Warbler_0100_162923.jpg,162,177,False
9561,163.Cape_May_Warbler/Cape_May_Warbler_0004_162928.jpg,162,130,False
9564,163.Cape_May_Warbler/Cape_May_Warbler_0107_162941.jpg,162,119,False
9566,163.Cape_May_Warbler/Cape_May_Warbler_0060_162949.jpg,162,199,False
9567,163.Cape_May_Warbler/Cape_May_Warbler_0053_162950.jpg,162,193,False
9569,163.Cape_May_Warbler/Cape_May_Warbler_0062_162955.jpg,162,12,False
9571,163.Cape_May_Warbler/Cape_May_Warbler_0104_162958.jpg,162,121,False
9573,163.Cape_May_Warbler/Cape_May_Warbler_0095_162965.jpg,162,69,False
9577,163.Cape_May_Warbler/Cape_May_Warbler_0119_162976.jpg,162,53,False
9580,163.Cape_May_Warbler/Cape_May_Warbler_0092_163057.jpg,162,84,False
9584,163.Cape_May_Warbler/Cape_May_Warbler_0008_163062.jpg,162,173,False
9586,163.Cape_May_Warbler/Cape_May_Warbler_0124_163037.jpg,162,185,False
9587,163.Cape_May_Warbler/Cape_May_Warbler_0067_162539.jpg,162,174,False
9588,163.Cape_May_Warbler/Cape_May_Warbler_0044_163055.jpg,162,132,False
9591,164.Cerulean_Warbler/Cerulean_Warbler_0019_797186.jpg,163,155,False
9593,164.Cerulean_Warbler/Cerulean_Warbler_0022_797189.jpg,163,159,False
9595,164.Cerulean_Warbler/Cerulean_Warbler_0088_797194.jpg,163,109,False
9597,164.Cerulean_Warbler/Cerulean_Warbler_0093_797196.jpg,163,168,False
9598,164.Cerulean_Warbler/Cerulean_Warbler_0053_797197.jpg,163,12,False
9599,164.Cerulean_Warbler/Cerulean_Warbler_0017_797198.jpg,163,26,False
9600,164.Cerulean_Warbler/Cerulean_Warbler_0004_797199.jpg,163,197,False
9602,164.Cerulean_Warbler/Cerulean_Warbler_0009_797201.jpg,163,126,False
9604,164.Cerulean_Warbler/Cerulean_Warbler_0043_797203.jpg,163,21,False
9606,164.Cerulean_Warbler/Cerulean_Warbler_0005_797206.jpg,163,93,False
9610,164.Cerulean_Warbler/Cerulean_Warbler_0037_797212.jpg,163,183,False
9611,164.Cerulean_Warbler/Cerulean_Warbler_0007_797215.jpg,163,126,False
9613,164.Cerulean_Warbler/Cerulean_Warbler_0067_797220.jpg,163,107,False
9614,164.Cerulean_Warbler/Cerulean_Warbler_0046_797222.jpg,163,185,False
9615,164.Cerulean_Warbler/Cerulean_Warbler_0042_797223.jpg,163,40,False
9618,164.Cerulean_Warbler/Cerulean_Warbler_0075_797233.jpg,163,130,False
9619,164.Cerulean_Warbler/Cerulean_Warbler_0054_797235.jpg,163,160,False
9623,164.Cerulean_Warbler/Cerulean_Warbler_0024_163406.jpg,163,123,False
9628,164.Cerulean_Warbler/Cerulean_Warbler_0092_163455.jpg,163,26,False
9631,164.Cerulean_Warbler/Cerulean_Warbler_0040_163219.jpg,163,188,False
9633,164.Cerulean_Warbler/Cerulean_Warbler_0057_163227.jpg,163,168,False
9634,164.Cerulean_Warbler/Cerulean_Warbler_0051_163244.jpg,163,198,False
9636,164.Cerulean_Warbler/Cerulean_Warbler_0016_163265.jpg,163,189,False
9637,164.Cerulean_Warbler/Cerulean_Warbler_0055_163524.jpg,163,106,False
9640,164.Cerulean_Warbler/Cerulean_Warbler_0041_163535.jpg,163,115,False
9641,164.Cerulean_Warbler/Cerulean_Warbler_0002_797219.jpg,163,149,False
9643,164.Cerulean_Warbler/Cerulean_Warbler_0028_163302.jpg,163,114,False
9645,164.Cerulean_Warbler/Cerulean_Warbler_0025_797232.jpg,163,44,False
9648,164.Cerulean_Warbler/Cerulean_Warbler_0081_797179.jpg,163,193,False
9649,164.Cerulean_Warbler/Cerulean_Warbler_0082_797180.jpg,163,104,False
9652,165.Chestnut_sided_Warbler/Chestnut_Sided_Warbler_0038_164354.jpg,164,158,False
9654,165.Chestnut_sided_Warbler/Chestnut_Sided_Warbler_0108_164356.jpg,164,12,False
9655,165.Chestnut_sided_Warbler/Chestnut_Sided_Warbler_0030_163847.jpg,164,132,False
9658,165.Chestnut_sided_Warbler/Chestnut_Sided_Warbler_0046_163856.jpg,164,117,False
9659,165.Chestnut_sided_Warbler/Chestnut_Sided_Warbler_0096_163672.jpg,164,158,False
9661,165.Chestnut_sided_Warbler/Chestnut_Sided_Warbler_0062_163859.jpg,164,46,False
9662,165.Chestnut_sided_Warbler/Chestnut_Sided_Warbler_0127_163860.jpg,164,122,False
9663,165.Chestnut_sided_Warbler/Chestnut_Sided_Warbler_0033_163607.jpg,164,4,False
9667,165.Chestnut_sided_Warbler/Chestnut_Sided_Warbler_0084_163872.jpg,164,45,False
9668,165.Chestnut_sided_Warbler/Chestnut_Sided_Warbler_0036_163622.jpg,164,30,False
9669,165.Chestnut_sided_Warbler/Chestnut_Sided_Warbler_0090_163629.jpg,164,3,False
9673,165.Chestnut_sided_Warbler/Chestnut_Sided_Warbler_0034_163911.jpg,164,48,False
9676,165.Chestnut_sided_Warbler/Chestnut_Sided_Warbler_0103_163669.jpg,164,16,False
9678,165.Chestnut_sided_Warbler/Chestnut_Sided_Warbler_0068_164184.jpg,164,104,False
9683,165.Chestnut_sided_Warbler/Chestnut_Sided_Warbler_0057_163957.jpg,164,73,False
9684,165.Chestnut_sided_Warbler/Chestnut_Sided_Warbler_0087_164221.jpg,164,189,False
9686,165.Chestnut_sided_Warbler/Chestnut_Sided_Warbler_0037_164233.jpg,164,198,False
9687,165.Chestnut_sided_Warbler/Chestnut_Sided_Warbler_0061_163978.jpg,164,165,False
9688,165.Chestnut_sided_Warbler/Chestnut_Sided_Warbler_0052_163728.jpg,164,8,False
9689,165.Chestnut_sided_Warbler/Chestnut_Sided_Warbler_0058_163990.jpg,164,116,False
9690,165.Chestnut_sided_Warbler/Chestnut_Sided_Warbler_0049_163735.jpg,164,193,False
9692,165.Chestnut_sided_Warbler/Chestnut_Sided_Warbler_0008_164001.jpg,164,92,False
9696,165.Chestnut_sided_Warbler/Chestnut_Sided_Warbler_0004_164279.jpg,164,129,False
9697,165.Chestnut_sided_Warbler/Chestnut_Sided_Warbler_0086_164024.jpg,164,89,False
9698,165.Chestnut_sided_Warbler/Chestnut_Sided_Warbler_0089_163776.jpg,164,112,False
9699,165.Chestnut_sided_Warbler/Chestnut_Sided_Warbler_0125_164247.jpg,164,177,False
9702,165.Chestnut_sided_Warbler/Chestnut_Sided_Warbler_0083_164056.jpg,164,161,False
9705,165.Chestnut_sided_Warbler/Chestnut_Sided_Warbler_0005_164061.jpg,164,166,False
9706,165.Chestnut_sided_Warbler/Chestnut_Sided_Warbler_0117_164066.jpg,164,56,False
9708,165.Chestnut_sided_Warbler/Chestnut_Sided_Warbler_0001_163813.jpg,164,114,False
9711,166.Golden_winged_Warbler/Golden_Winged_Warbler_0035_164362.jpg,165,55,False
9714,166.Golden_winged_Warbler/Golden_Winged_Warbler_0041_164379.jpg,165,97,False
9716,166.Golden_winged_Warbler/Golden_Winged_Warbler_0075_794848.jpg,165,140,False
9717,166.Golden_winged_Warbler/Golden_Winged_Warbler_0077_164432.jpg,165,158,False
9718,166.Golden_winged_Warbler/Golden_Winged_Warbler_0042_164437.jpg,165,90,False
9720,166.Golden_winged_Warbler/Golden_Winged_Warbler_0070_164460.jpg,165,75,False
9722,166.Golden_winged_Warbler/Golden_Winged_Warbler_0084_164541.jpg,165,103,False
9727,166.Golden_winged_Warbler/Golden_Winged_Warbler_0043_164476.jpg,165,92,False
9728,166.Golden_winged_Warbler/Golden_Winged_Warbler_0081_164487.jpg,165,168,False
9730,166.Golden_winged_Warbler/Golden_Winged_Warbler_0049_164509.jpg,165,198,False
9732,166.Golden_winged_Warbler/Golden_Winged_Warbler_0034_794800.jpg,165,104,False
9733,166.Golden_winged_Warbler/Golden_Winged_Warbler_0052_164529.jpg,165,157,False
9737,166.Golden_winged_Warbler/Golden_Winged_Warbler_0091_794808.jpg,165,131,False
9738,166.Golden_winged_Warbler/Golden_Winged_Warbler_0095_794809.jpg,165,44,False
9739,166.Golden_winged_Warbler/Golden_Winged_Warbler_0087_794810.jpg,165,84,False
9742,166.Golden_winged_Warbler/Golden_Winged_Warbler_0082_164544.jpg,165,34,False
9743,166.Golden_winged_Warbler/Golden_Winged_Warbler_0036_794817.jpg,165,198,False
9744,166.Golden_winged_Warbler/Golden_Winged_Warbler_0039_794818.jpg,165,121,False
9752,166.Golden_winged_Warbler/Golden_Winged_Warbler_0022_794833.jpg,165,140,False
9754,166.Golden_winged_Warbler/Golden_Winged_Warbler_0090_794830.jpg,165,12,False
9755,166.Golden_winged_Warbler/Golden_Winged_Warbler_0037_794839.jpg,165,11,False
9756,166.Golden_winged_Warbler/Golden_Winged_Warbler_0031_794840.jpg,165,183,False
9758,166.Golden_winged_Warbler/Golden_Winged_Warbler_0065_794842.jpg,165,165,True
9759,166.Golden_winged_Warbler/Golden_Winged_Warbler_0086_794844.jpg,165,121,False
9761,166.Golden_winged_Warbler/Golden_Winged_Warbler_0067_794846.jpg,165,151,False
9763,166.Golden_winged_Warbler/Golden_Winged_Warbler_0032_794849.jpg,165,198,False
9766,166.Golden_winged_Warbler/Golden_Winged_Warbler_0050_164589.jpg,165,126,False
9767,166.Golden_winged_Warbler/Golden_Winged_Warbler_0076_164591.jpg,165,160,False
9768,166.Golden_winged_Warbler/Golden_Winged_Warbler_0040_164605.jpg,165,72,False
9771,167.Hooded_Warbler/Hooded_Warbler_0106_164869.jpg,166,24,False
9772,167.Hooded_Warbler/Hooded_Warbler_0068_164872.jpg,166,19,False
9773,167.Hooded_Warbler/Hooded_Warbler_0028_164883.jpg,166,183,False
9775,167.Hooded_Warbler/Hooded_Warbler_0051_164892.jpg,166,117,False
9776,167.Hooded_Warbler/Hooded_Warbler_0042_164895.jpg,166,112,False
9777,167.Hooded_Warbler/Hooded_Warbler_0030_164897.jpg,166,155,False
9778,167.Hooded_Warbler/Hooded_Warbler_0017_164911.jpg,166,125,False
9782,167.Hooded_Warbler/Hooded_Warbler_0125_164925.jpg,166,132,False
9785,167.Hooded_Warbler/Hooded_Warbler_0128_164620.jpg,166,140,False
9787,167.Hooded_Warbler/Hooded_Warbler_0072_22097.jpg,166,176,False
9789,167.Hooded_Warbler/Hooded_Warbler_0118_164991.jpg,166,107,False
9790,167.Hooded_Warbler/Hooded_Warbler_0133_165016.jpg,166,110,False
9791,167.Hooded_Warbler/Hooded_Warbler_0035_165040.jpg,166,99,False
9795,167.Hooded_Warbler/Hooded_Warbler_0105_165095.jpg,166,93,False
9796,167.Hooded_Warbler/Hooded_Warbler_0117_165106.jpg,166,46,False
9798,167.Hooded_Warbler/Hooded_Warbler_0048_164622.jpg,166,39,False
9800,167.Hooded_Warbler/Hooded_Warbler_0116_164630.jpg,166,33,False
9802,167.Hooded_Warbler/Hooded_Warbler_0007_164633.jpg,166,40,False
9803,167.Hooded_Warbler/Hooded_Warbler_0122_164635.jpg,166,105,False
9805,167.Hooded_Warbler/Hooded_Warbler_0089_164640.jpg,166,138,False
9807,167.Hooded_Warbler/Hooded_Warbler_0112_164650.jpg,166,55,False
9809,167.Hooded_Warbler/Hooded_Warbler_0050_164662.jpg,166,155,False
9813,167.Hooded_Warbler/Hooded_Warbler_0033_165213.jpg,166,169,False
9816,167.Hooded_Warbler/Hooded_Warbler_0095_164709.jpg,166,146,False
9817,167.Hooded_Warbler/Hooded_Warbler_0019_164710.jpg,166,112,False
9818,167.Hooded_Warbler/Hooded_Warbler_0096_164739.jpg,166,113,False
9819,167.Hooded_Warbler/Hooded_Warbler_0067_164743.jpg,166,193,False
9820,167.Hooded_Warbler/Hooded_Warbler_0036_164779.jpg,166,94,False
9821,167.Hooded_Warbler/Hooded_Warbler_0090_164794.jpg,166,21,False
9823,167.Hooded_Warbler/Hooded_Warbler_0101_164806.jpg,166,77,False
9830,168.Kentucky_Warbler/Kentucky_Warbler_0063_795904.jpg,167,109,False
9832,168.Kentucky_Warbler/Kentucky_Warbler_0076_795907.jpg,167,19,False
9835,168.Kentucky_Warbler/Kentucky_Warbler_0019_165389.jpg,167,193,False
9836,168.Kentucky_Warbler/Kentucky_Warbler_0005_795919.jpg,167,44,False
9837,168.Kentucky_Warbler/Kentucky_Warbler_0014_165336.jpg,167,194,False
9838,168.Kentucky_Warbler/Kentucky_Warbler_0067_165404.jpg,167,57,False
9842,168.Kentucky_Warbler/Kentucky_Warbler_0044_165436.jpg,167,132,False
9843,168.Kentucky_Warbler/Kentucky_Warbler_0058_165441.jpg,167,102,False
9845,168.Kentucky_Warbler/Kentucky_Warbler_0002_795886.jpg,167,26,False
9847,168.Kentucky_Warbler/Kentucky_Warbler_0021_165230.jpg,167,20,False
9848,168.Kentucky_Warbler/Kentucky_Warbler_0043_165240.jpg,167,174,False
9849,168.Kentucky_Warbler/Kentucky_Warbler_0023_165247.jpg,167,31,False
9851,168.Kentucky_Warbler/Kentucky_Warbler_0074_165269.jpg,167,45,False
9854,168.Kentucky_Warbler/Kentucky_Warbler_0048_165360.jpg,167,115,False
9856,168.Kentucky_Warbler/Kentucky_Warbler_0047_165298.jpg,167,98,False
9860,168.Kentucky_Warbler/Kentucky_Warbler_0049_165313.jpg,167,183,False
9863,168.Kentucky_Warbler/Kentucky_Warbler_0053_165332.jpg,167,172,False
9865,168.Kentucky_Warbler/Kentucky_Warbler_0009_795865.jpg,167,35,False
9866,168.Kentucky_Warbler/Kentucky_Warbler_0015_795867.jpg,167,158,False
9868,168.Kentucky_Warbler/Kentucky_Warbler_0082_795869.jpg,167,126,False
9870,168.Kentucky_Warbler/Kentucky_Warbler_0036_795872.jpg,167,149,False
9872,168.Kentucky_Warbler/Kentucky_Warbler_0012_795875.jpg,167,147,False
9873,168.Kentucky_Warbler/Kentucky_Warbler_0057_165349.jpg,167,186,False
9876,168.Kentucky_Warbler/Kentucky_Warbler_0022_795882.jpg,167,188,False
9877,168.Kentucky_Warbler/Kentucky_Warbler_0083_795883.jpg,167,113,False
9879,168.Kentucky_Warbler/Kentucky_Warbler_0030_795885.jpg,167,120,False
9883,168.Kentucky_Warbler/Kentucky_Warbler_0003_795892.jpg,167,118,False
9885,168.Kentucky_Warbler/Kentucky_Warbler_0073_795895.jpg,167,188,False
9887,168.Kentucky_Warbler/Kentucky_Warbler_0065_795899.jpg,167,193,False
9889,169.Magnolia_Warbler/Magnolia_Warbler_0113_166401.jpg,168,161,False
9891,169.Magnolia_Warbler/Magnolia_Warbler_0047_165900.jpg,168,114,False
9892,169.Magnolia_Warbler/Magnolia_Warbler_0021_165919.jpg,168,163,False
9894,169.Magnolia_Warbler/Magnolia_Warbler_0122_165940.jpg,168,180,False
9897,169.Magnolia_Warbler/Magnolia_Warbler_0045_165448.jpg,168,182,False
9900,169.Magnolia_Warbler/Magnolia_Warbler_0120_165462.jpg,168,104,False
9903,169.Magnolia_Warbler/Magnolia_Warbler_0111_165478.jpg,168,6,False
9904,169.Magnolia_Warbler/Magnolia_Warbler_0067_165484.jpg,168,129,False
9905,169.Magnolia_Warbler/Magnolia_Warbler_0026_165498.jpg,168,75,False
9907,169.Magnolia_Warbler/Magnolia_Warbler_0039_165532.jpg,168,117,False
9908,169.Magnolia_Warbler/Magnolia_Warbler_0072_165534.jpg,168,157,False
9911,169.Magnolia_Warbler/Magnolia_Warbler_0139_166081.jpg,168,58,False
9913,169.Magnolia_Warbler/Magnolia_Warbler_0034_166097.jpg,168,168,True
9914,169.Magnolia_Warbler/Magnolia_Warbler_0095_166098.jpg,168,32,False
9915,169.Magnolia_Warbler/Magnolia_Warbler_0044_165599.jpg,168,178,False
9917,169.Magnolia_Warbler/Magnolia_Warbler_0046_166150.jpg,168,13,False
9918,169.Magnolia_Warbler/Magnolia_Warbler_0051_165646.jpg,168,145,False
9919,169.Magnolia_Warbler/Magnolia_Warbler_0103_165647.jpg,168,3,False
9920,169.Magnolia_Warbler/Magnolia_Warbler_0105_165661.jpg,168,117,False
9921,169.Magnolia_Warbler/Magnolia_Warbler_0066_166184.jpg,168,72,False
9922,169.Magnolia_Warbler/Magnolia_Warbler_0057_165673.jpg,168,164,False
9925,169.Magnolia_Warbler/Magnolia_Warbler_0131_166197.jpg,168,126,False
9927,169.Magnolia_Warbler/Magnolia_Warbler_0022_165693.jpg,168,56,False
9931,169.Magnolia_Warbler/Magnolia_Warbler_0043_165774.jpg,168,148,False
9932,169.Magnolia_Warbler/Magnolia_Warbler_0020_166211.jpg,168,5,False
9934,169.Magnolia_Warbler/Magnolia_Warbler_0079_165783.jpg,168,122,False
9942,169.Magnolia_Warbler/Magnolia_Warbler_0048_165862.jpg,168,109,False
9943,169.Magnolia_Warbler/Magnolia_Warbler_0140_165543.jpg,168,121,False
9945,169.Magnolia_Warbler/Magnolia_Warbler_0136_166388.jpg,168,9,False
9949,170.Mourning_Warbler/Mourning_Warbler_0009_166429.jpg,169,30,False
9952,170.Mourning_Warbler/Mourning_Warbler_0055_166436.jpg,169,109,False
9957,170.Mourning_Warbler/Mourning_Warbler_0056_166476.jpg,169,79,False
9958,170.Mourning_Warbler/Mourning_Warbler_0033_166489.jpg,169,183,False
9959,170.Mourning_Warbler/Mourning_Warbler_0066_166491.jpg,169,101,False
9961,170.Mourning_Warbler/Mourning_Warbler_0031_166494.jpg,169,115,False
9971,170.Mourning_Warbler/Mourning_Warbler_0039_166546.jpg,169,75,False
9972,170.Mourning_Warbler/Mourning_Warbler_0038_166549.jpg,169,50,False
9976,170.Mourning_Warbler/Mourning_Warbler_0077_166567.jpg,169,15,False
9978,170.Mourning_Warbler/Mourning_Warbler_0045_166575.jpg,169,96,False
9980,170.Mourning_Warbler/Mourning_Warbler_0006_166595.jpg,169,31,False
9981,170.Mourning_Warbler/Mourning_Warbler_0048_166596.jpg,169,121,False
9982,170.Mourning_Warbler/Mourning_Warbler_0061_166598.jpg,169,121,False
9983,170.Mourning_Warbler/Mourning_Warbler_0057_795342.jpg,169,157,False
9984,170.Mourning_Warbler/Mourning_Warbler_0050_795343.jpg,169,48,False
9985,170.Mourning_Warbler/Mourning_Warbler_0025_166608.jpg,169,160,False
9986,170.Mourning_Warbler/Mourning_Warbler_0053_795345.jpg,169,120,False
9987,170.Mourning_Warbler/Mourning_Warbler_0019_795347.jpg,169,80,False
9989,170.Mourning_Warbler/Mourning_Warbler_0067_795353.jpg,169,21,False
9990,170.Mourning_Warbler/Mourning_Warbler_0060_795355.jpg,169,40,False
9991,170.Mourning_Warbler/Mourning_Warbler_0041_795358.jpg,169,164,False
9992,170.Mourning_Warbler/Mourning_Warbler_0023_795362.jpg,169,6,False
9993,170.Mourning_Warbler/Mourning_Warbler_0024_795363.jpg,169,13,False
9996,170.Mourning_Warbler/Mourning_Warbler_0040_795370.jpg,169,33,False
9997,170.Mourning_Warbler/Mourning_Warbler_0005_795372.jpg,169,158,False
9998,170.Mourning_Warbler/Mourning_Warbler_0047_795373.jpg,169,174,False
9999,170.Mourning_Warbler/Mourning_Warbler_0065_795374.jpg,169,15,False
10000,170.Mourning_Warbler/Mourning_Warbler_0083_795376.jpg,169,47,False
10006,170.Mourning_Warbler/Mourning_Warbler_0018_795386.jpg,169,6,False
10007,170.Mourning_Warbler/Mourning_Warbler_0054_795387.jpg,169,180,False
10010,171.Myrtle_Warbler/Myrtle_Warbler_0094_166922.jpg,170,118,False
10011,171.Myrtle_Warbler/Myrtle_Warbler_0086_166926.jpg,170,152,False
10017,171.Myrtle_Warbler/Myrtle_Warbler_0071_166692.jpg,170,75,False
10021,171.Myrtle_Warbler/Myrtle_Warbler_0039_166709.jpg,170,198,False
10022,171.Myrtle_Warbler/Myrtle_Warbler_0045_166710.jpg,170,159,False
10024,171.Myrtle_Warbler/Myrtle_Warbler_0034_166720.jpg,170,37,False
10028,171.Myrtle_Warbler/Myrtle_Warbler_0054_166985.jpg,170,8,False
10029,171.Myrtle_Warbler/Myrtle_Warbler_0093_166986.jpg,170,107,False
10030,171.Myrtle_Warbler/Myrtle_Warbler_0047_166987.jpg,170,56,False
10031,171.Myrtle_Warbler/Myrtle_Warbler_0016_166736.jpg,170,29,False
10032,171.Myrtle_Warbler/Myrtle_Warbler_0083_166738.jpg,170,183,False
10033,171.Myrtle_Warbler/Myrtle_Warbler_0020_166997.jpg,170,104,False
10035,171.Myrtle_Warbler/Myrtle_Warbler_0097_167001.jpg,170,154,False
10037,171.Myrtle_Warbler/Myrtle_Warbler_0077_166749.jpg,170,103,False
10039,171.Myrtle_Warbler/Myrtle_Warbler_0091_166762.jpg,170,57,False
10041,171.Myrtle_Warbler/Myrtle_Warbler_0001_166770.jpg,170,58,False
10042,171.Myrtle_Warbler/Myrtle_Warbler_0087_166783.jpg,170,142,False
10044,171.Myrtle_Warbler/Myrtle_Warbler_0068_166892.jpg,170,196,False
10047,171.Myrtle_Warbler/Myrtle_Warbler_0028_166905.jpg,170,39,False
10048,171.Myrtle_Warbler/Myrtle_Warbler_0061_166816.jpg,170,94,False
10052,171.Myrtle_Warbler/Myrtle_Warbler_0014_166831.jpg,170,14,False
10054,171.Myrtle_Warbler/Myrtle_Warbler_0113_166834.jpg,170,58,False
10055,171.Myrtle_Warbler/Myrtle_Warbler_0032_166847.jpg,170,122,False
10056,171.Myrtle_Warbler/Myrtle_Warbler_0063_93378.jpg,170,107,False
10057,171.Myrtle_Warbler/Myrtle_Warbler_0044_166852.jpg,170,148,False
10058,171.Myrtle_Warbler/Myrtle_Warbler_0005_166853.jpg,170,56,False
10059,171.Myrtle_Warbler/Myrtle_Warbler_0030_166732.jpg,170,156,False
10062,171.Myrtle_Warbler/Myrtle_Warbler_0078_166875.jpg,170,165,False
10064,171.Myrtle_Warbler/Myrtle_Warbler_0074_166637.jpg,170,31,False
10065,171.Myrtle_Warbler/Myrtle_Warbler_0088_166639.jpg,170,66,False
10068,172.Nashville_Warbler/Nashville_Warbler_0109_167428.jpg,171,133,False
10069,172.Nashville_Warbler/Nashville_Warbler_0015_167429.jpg,171,175,False
10070,172.Nashville_Warbler/Nashville_Warbler_0105_167452.jpg,171,173,False
10077,172.Nashville_Warbler/Nashville_Warbler_0127_167494.jpg,171,25,False
10079,172.Nashville_Warbler/Nashville_Warbler_0057_167008.jpg,171,121,False
10080,172.Nashville_Warbler/Nashville_Warbler_0115_167039.jpg,171,53,False
10081,172.Nashville_Warbler/Nashville_Warbler_0029_167044.jpg,171,148,False
10082,172.Nashville_Warbler/Nashville_Warbler_0086_167045.jpg,171,96,False
10084,172.Nashville_Warbler/Nashville_Warbler_0041_167534.jpg,171,117,False
10088,172.Nashville_Warbler/Nashville_Warbler_0130_167101.jpg,171,35,False
10089,172.Nashville_Warbler/Nashville_Warbler_0005_167103.jpg,171,190,False
10090,172.Nashville_Warbler/Nashville_Warbler_0001_167117.jpg,171,124,False
10091,172.Nashville_Warbler/Nashville_Warbler_0056_167123.jpg,171,81,False
10092,172.Nashville_Warbler/Nashville_Warbler_0004_167146.jpg,171,8,False
10093,172.Nashville_Warbler/Nashville_Warbler_0120_167149.jpg,171,186,False
10094,172.Nashville_Warbler/Nashville_Warbler_0107_167186.jpg,171,43,False
10095,172.Nashville_Warbler/Nashville_Warbler_0014_167190.jpg,171,31,False
10096,172.Nashville_Warbler/Nashville_Warbler_0018_167191.jpg,171,154,False
10098,172.Nashville_Warbler/Nashville_Warbler_0020_167198.jpg,171,10,False
10100,172.Nashville_Warbler/Nashville_Warbler_0027_167224.jpg,171,182,False
10105,172.Nashville_Warbler/Nashville_Warbler_0054_167258.jpg,171,133,False
10109,172.Nashville_Warbler/Nashville_Warbler_0126_167274.jpg,171,26,False
10110,172.Nashville_Warbler/Nashville_Warbler_0037_167280.jpg,171,121,False
10112,172.Nashville_Warbler/Nashville_Warbler_0124_167285.jpg,171,147,False
10115,172.Nashville_Warbler/Nashville_Warbler_0123_167324.jpg,171,66,False
10116,172.Nashville_Warbler/Nashville_Warbler_0013_167326.jpg,171,121,False
10118,172.Nashville_Warbler/Nashville_Warbler_0042_167346.jpg,171,177,False
10121,172.Nashville_Warbler/Nashville_Warbler_0061_167355.jpg,171,19,False
10122,172.Nashville_Warbler/Nashville_Warbler_0044_167357.jpg,171,167,False
10127,172.Nashville_Warbler/Nashville_Warbler_0075_167419.jpg,171,25,False
10130,173.Orange_crowned_Warbler/Orange_Crowned_Warbler_0065_167952.jpg,172,74,False
10131,173.Orange_crowned_Warbler/Orange_Crowned_Warbler_0064_166929.jpg,172,65,False
10133,173.Orange_crowned_Warbler/Orange_Crowned_Warbler_0078_167964.jpg,172,175,False
10135,173.Orange_crowned_Warbler/Orange_Crowned_Warbler_0037_167687.jpg,172,109,False
10136,173.Orange_crowned_Warbler/Orange_Crowned_Warbler_0113_167984.jpg,172,189,False
10137,173.Orange_crowned_Warbler/Orange_Crowned_Warbler_0117_167987.jpg,172,194,False
10138,173.Orange_crowned_Warbler/Orange_Crowned_Warbler_0033_167991.jpg,172,147,False
10139,173.Orange_crowned_Warbler/Orange_Crowned_Warbler_0006_167998.jpg,172,124,False
10141,173.Orange_crowned_Warbler/Orange_Crowned_Warbler_0097_168004.jpg,172,118,False
10142,173.Orange_crowned_Warbler/Orange_Crowned_Warbler_0090_167607.jpg,172,189,False
10145,173.Orange_crowned_Warbler/Orange_Crowned_Warbler_0040_168029.jpg,172,78,False
10147,173.Orange_crowned_Warbler/Orange_Crowned_Warbler_0088_168052.jpg,172,131,False
10150,173.Orange_crowned_Warbler/Orange_Crowned_Warbler_0007_167545.jpg,172,161,False
10151,173.Orange_crowned_Warbler/Orange_Crowned_Warbler_0016_168082.jpg,172,160,False
10154,173.Orange_crowned_Warbler/Orange_Crowned_Warbler_0094_167584.jpg,172,148,False
10161,173.Orange_crowned_Warbler/Orange_Crowned_Warbler_0048_167610.jpg,172,114,False
10163,173.Orange_crowned_Warbler/Orange_Crowned_Warbler_0011_167615.jpg,172,121,False
10164,173.Orange_crowned_Warbler/Orange_Crowned_Warbler_0019_167626.jpg,172,15,False
10167,173.Orange_crowned_Warbler/Orange_Crowned_Warbler_0081_167647.jpg,172,29,False
10172,173.Orange_crowned_Warbler/Orange_Crowned_Warbler_0102_168189.jpg,172,188,False
10173,173.Orange_crowned_Warbler/Orange_Crowned_Warbler_0015_168196.jpg,172,28,False
10174,173.Orange_crowned_Warbler/Orange_Crowned_Warbler_0009_168228.jpg,172,166,False
10175,173.Orange_crowned_Warbler/Orange_Crowned_Warbler_0114_167732.jpg,172,104,False
10176,173.Orange_crowned_Warbler/Orange_Crowned_Warbler_0059_168259.jpg,172,11,False
10177,173.Orange_crowned_Warbler/Orange_Crowned_Warbler_0021_168263.jpg,172,73,False
10178,173.Orange_crowned_Warbler/Orange_Crowned_Warbler_0005_168314.jpg,172,45,False
10181,173.Orange_crowned_Warbler/Orange_Crowned_Warbler_0027_168381.jpg,172,193,False
10182,173.Orange_crowned_Warbler/Orange_Crowned_Warbler_0038_168384.jpg,172,65,False
10185,173.Orange_crowned_Warbler/Orange_Crowned_Warbler_0112_168437.jpg,172,105,False
10187,173.Orange_crowned_Warbler/Orange_Crowned_Warbler_0126_168445.jpg,172,77,False
10188,174.Palm_Warbler/Palm_Warbler_0007_169473.jpg,173,16,False
10192,174.Palm_Warbler/Palm_Warbler_0051_169487.jpg,173,156,False
10193,174.Palm_Warbler/Palm_Warbler_0110_169490.jpg,173,167,False
10195,174.Palm_Warbler/Palm_Warbler_0002_169527.jpg,173,178,False
10196,174.Palm_Warbler/Palm_Warbler_0050_170042.jpg,173,25,False
10198,174.Palm_Warbler/Palm_Warbler_0077_169042.jpg,173,109,False
10201,174.Palm_Warbler/Palm_Warbler_0106_169571.jpg,173,13,False
10205,174.Palm_Warbler/Palm_Warbler_0107_170620.jpg,173,73,False
10206,174.Palm_Warbler/Palm_Warbler_0046_169837.jpg,173,31,False
10210,174.Palm_Warbler/Palm_Warbler_0111_169663.jpg,173,169,False
10211,174.Palm_Warbler/Palm_Warbler_0086_169676.jpg,173,17,False
10216,174.Palm_Warbler/Palm_Warbler_0068_170243.jpg,173,31,False
10217,174.Palm_Warbler/Palm_Warbler_0082_168709.jpg,173,166,False
10218,174.Palm_Warbler/Palm_Warbler_0100_168725.jpg,173,115,False
10219,174.Palm_Warbler/Palm_Warbler_0081_169256.jpg,173,97,False
10221,174.Palm_Warbler/Palm_Warbler_0075_168751.jpg,173,185,False
10222,174.Palm_Warbler/Palm_Warbler_0073_169781.jpg,173,102,False
10224,174.Palm_Warbler/Palm_Warbler_0066_169284.jpg,173,108,False
10226,174.Palm_Warbler/Palm_Warbler_0116_170319.jpg,173,151,False
10228,174.Palm_Warbler/Palm_Warbler_0067_169318.jpg,173,37,False
10229,174.Palm_Warbler/Palm_Warbler_0044_169319.jpg,173,109,False
10231,174.Palm_Warbler/Palm_Warbler_0034_170352.jpg,173,96,False
10232,174.Palm_Warbler/Palm_Warbler_0096_170867.jpg,173,14,False
10233,174.Palm_Warbler/Palm_Warbler_0102_168829.jpg,173,196,False
10234,174.Palm_Warbler/Palm_Warbler_0047_169354.jpg,173,182,False
10235,174.Palm_Warbler/Palm_Warbler_0039_170894.jpg,173,186,False
10238,174.Palm_Warbler/Palm_Warbler_0105_170429.jpg,173,17,False
10239,174.Palm_Warbler/Palm_Warbler_0005_169918.jpg,173,181,False
10241,174.Palm_Warbler/Palm_Warbler_0013_169411.jpg,173,95,False
10242,174.Palm_Warbler/Palm_Warbler_0108_169426.jpg,173,90,False
10251,175.Pine_Warbler/Pine_Warbler_0005_171548.jpg,174,122,False
10253,175.Pine_Warbler/Pine_Warbler_0119_171551.jpg,174,93,False
10254,175.Pine_Warbler/Pine_Warbler_0111_171040.jpg,174,147,False
10256,175.Pine_Warbler/Pine_Warbler_0095_171588.jpg,174,27,False
10257,175.Pine_Warbler/Pine_Warbler_0076_172104.jpg,174,122,False
10258,175.Pine_Warbler/Pine_Warbler_0065_172119.jpg,174,152,False
10259,175.Pine_Warbler/Pine_Warbler_0035_98396.jpg,174,30,False
10261,175.Pine_Warbler/Pine_Warbler_0044_171104.jpg,174,125,False
10268,175.Pine_Warbler/Pine_Warbler_0133_171641.jpg,174,35,False
10272,175.Pine_Warbler/Pine_Warbler_0045_171150.jpg,174,149,False
10274,175.Pine_Warbler/Pine_Warbler_0104_171668.jpg,174,68,False
10276,175.Pine_Warbler/Pine_Warbler_0097_171671.jpg,174,7,False
10279,175.Pine_Warbler/Pine_Warbler_0002_171176.jpg,174,189,False
10282,175.Pine_Warbler/Pine_Warbler_0050_159442.jpg,174,195,False
10285,175.Pine_Warbler/Pine_Warbler_0141_171263.jpg,174,148,False
10286,175.Pine_Warbler/Pine_Warbler_0122_171274.jpg,174,145,False
10288,175.Pine_Warbler/Pine_Warbler_0054_171287.jpg,174,132,False
10289,175.Pine_Warbler/Pine_Warbler_0120_172340.jpg,174,165,False
10290,175.Pine_Warbler/Pine_Warbler_0008_171330.jpg,174,115,False
10292,175.Pine_Warbler/Pine_Warbler_0052_171380.jpg,174,117,False
10293,175.Pine_Warbler/Pine_Warbler_0136_171382.jpg,174,175,False
10294,175.Pine_Warbler/Pine_Warbler_0084_172409.jpg,174,147,False
10295,175.Pine_Warbler/Pine_Warbler_0038_171386.jpg,174,75,False
10296,175.Pine_Warbler/Pine_Warbler_0103_171922.jpg,174,13,False
10297,175.Pine_Warbler/Pine_Warbler_0075_171933.jpg,174,64,False
10298,175.Pine_Warbler/Pine_Warbler_0132_171936.jpg,174,93,False
10299,175.Pine_Warbler/Pine_Warbler_0113_172456.jpg,174,199,False
10301,175.Pine_Warbler/Pine_Warbler_0080_171975.jpg,174,72,False
10302,175.Pine_Warbler/Pine_Warbler_0020_171989.jpg,174,35,False
10307,175.Pine_Warbler/Pine_Warbler_0101_171501.jpg,174,43,False
10308,176.Prairie_Warbler/Prairie_Warbler_0113_172544.jpg,175,109,False
10310,176.Prairie_Warbler/Prairie_Warbler_0010_172547.jpg,175,23,False
10312,176.Prairie_Warbler/Prairie_Warbler_0037_172550.jpg,175,72,False
10313,176.Prairie_Warbler/Prairie_Warbler_0108_172559.jpg,175,35,False
10316,176.Prairie_Warbler/Prairie_Warbler_0058_172573.jpg,175,34,False
10317,176.Prairie_Warbler/Prairie_Warbler_0096_172577.jpg,175,94,False
10318,176.Prairie_Warbler/Prairie_Warbler_0048_173095.jpg,175,123,False
10320,176.Prairie_Warbler/Prairie_Warbler_0091_172597.jpg,175,181,False
10323,176.Prairie_Warbler/Prairie_Warbler_0130_172609.jpg,175,33,False
10325,176.Prairie_Warbler/Prairie_Warbler_0028_173123.jpg,175,78,False
10327,176.Prairie_Warbler/Prairie_Warbler_0029_172618.jpg,175,70,False
10329,176.Prairie_Warbler/Prairie_Warbler_0071_173140.jpg,175,98,False
10332,176.Prairie_Warbler/Prairie_Warbler_0138_172695.jpg,175,133,False
10334,176.Prairie_Warbler/Prairie_Warbler_0132_172705.jpg,175,176,False
10337,176.Prairie_Warbler/Prairie_Warbler_0078_172729.jpg,175,81,False
10338,176.Prairie_Warbler/Prairie_Warbler_0079_172735.jpg,175,3,False
10339,176.Prairie_Warbler/Prairie_Warbler_0011_172744.jpg,175,8,False
10341,176.Prairie_Warbler/Prairie_Warbler_0118_173261.jpg,175,13,False
10342,176.Prairie_Warbler/Prairie_Warbler_0062_172755.jpg,175,17,False
10343,176.Prairie_Warbler/Prairie_Warbler_0133_173279.jpg,175,13,False
10351,176.Prairie_Warbler/Prairie_Warbler_0066_173350.jpg,175,27,False
10352,176.Prairie_Warbler/Prairie_Warbler_0094_91950.jpg,175,174,False
10355,176.Prairie_Warbler/Prairie_Warbler_0052_173400.jpg,175,109,False
10356,176.Prairie_Warbler/Prairie_Warbler_0021_172902.jpg,175,117,False
10358,176.Prairie_Warbler/Prairie_Warbler_0127_172913.jpg,175,168,False
10359,176.Prairie_Warbler/Prairie_Warbler_0126_172931.jpg,175,120,False
10361,176.Prairie_Warbler/Prairie_Warbler_0027_172465.jpg,175,153,False
10364,176.Prairie_Warbler/Prairie_Warbler_0009_173022.jpg,175,104,False
10366,176.Prairie_Warbler/Prairie_Warbler_0125_172536.jpg,175,128,False
10367,176.Prairie_Warbler/Prairie_Warbler_0014_172542.jpg,175,150,False
10369,177.Prothonotary_Warbler/Prothonotary_Warbler_0102_174595.jpg,176,172,False
10371,177.Prothonotary_Warbler/Prothonotary_Warbler_0105_174097.jpg,176,176,True
10374,177.Prothonotary_Warbler/Prothonotary_Warbler_0117_174622.jpg,176,118,False
10377,177.Prothonotary_Warbler/Prothonotary_Warbler_0094_173607.jpg,176,174,False
10380,177.Prothonotary_Warbler/Prothonotary_Warbler_0033_174123.jpg,176,64,False
10381,177.Prothonotary_Warbler/Prothonotary_Warbler_0089_174636.jpg,176,166,False
10383,177.Prothonotary_Warbler/Prothonotary_Warbler_0121_174643.jpg,176,161,False
10384,177.Prothonotary_Warbler/Prothonotary_Warbler_0022_174138.jpg,176,176,True
10385,177.Prothonotary_Warbler/Prothonotary_Warbler_0127_174149.jpg,176,195,False
10386,177.Prothonotary_Warbler/Prothonotary_Warbler_0090_174183.jpg,176,198,False
10387,177.Prothonotary_Warbler/Prothonotary_Warbler_0018_174196.jpg,176,174,False
10389,177.Prothonotary_Warbler/Prothonotary_Warbler_0071_173690.jpg,176,124,False
10390,177.Prothonotary_Warbler/Prothonotary_Warbler_0069_174210.jpg,176,160,False
10391,177.Prothonotary_Warbler/Prothonotary_Warbler_0049_174213.jpg,176,124,False
10392,177.Prothonotary_Warbler/Prothonotary_Warbler_0106_174221.jpg,176,194,False
10393,177.Prothonotary_Warbler/Prothonotary_Warbler_0023_173788.jpg,176,27,False
10396,177.Prothonotary_Warbler/Prothonotary_Warbler_0057_173865.jpg,176,63,False
10399,177.Prothonotary_Warbler/Prothonotary_Warbler_0047_174340.jpg,176,179,False
10400,177.Prothonotary_Warbler/Prothonotary_Warbler_0085_173829.jpg,176,75,False
10401,177.Prothonotary_Warbler/Prothonotary_Warbler_0019_173838.jpg,176,8,False
10408,177.Prothonotary_Warbler/Prothonotary_Warbler_0107_173921.jpg,176,106,False
10412,177.Prothonotary_Warbler/Prothonotary_Warbler_0065_173422.jpg,176,133,False
10415,177.Prothonotary_Warbler/Prothonotary_Warbler_0059_173434.jpg,176,180,False
10417,177.Prothonotary_Warbler/Prothonotary_Warbler_0074_173443.jpg,176,81,False
10419,177.Prothonotary_Warbler/Prothonotary_Warbler_0040_173447.jpg,176,185,False
10421,177.Prothonotary_Warbler/Prothonotary_Warbler_0004_173475.jpg,176,131,False
10422,177.Prothonotary_Warbler/Prothonotary_Warbler_0081_173510.jpg,176,29,False
10423,177.Prothonotary_Warbler/Prothonotary_Warbler_0100_174539.jpg,176,175,False
10425,177.Prothonotary_Warbler/Prothonotary_Warbler_0054_174556.jpg,176,130,False
10427,177.Prothonotary_Warbler/Prothonotary_Warbler_0031_174578.jpg,176,144,False
10431,178.Swainson_Warbler/Swainson_Warbler_0029_794883.jpg,177,187,False
10432,178.Swainson_Warbler/Swainson_Warbler_0010_174724.jpg,177,115,False
10434,178.Swainson_Warbler/Swainson_Warbler_0008_794886.jpg,177,109,False
10438,178.Swainson_Warbler/Swainson_Warbler_0015_794891.jpg,177,47,False
10439,178.Swainson_Warbler/Swainson_Warbler_0013_794892.jpg,177,115,False
10442,178.Swainson_Warbler/Swainson_Warbler_0042_794895.jpg,177,102,False
10443,178.Swainson_Warbler/Swainson_Warbler_0028_794896.jpg,177,43,False
10445,178.Swainson_Warbler/Swainson_Warbler_0012_174739.jpg,177,40,False
10447,178.Swainson_Warbler/Swainson_Warbler_0035_174741.jpg,177,162,False
10449,178.Swainson_Warbler/Swainson_Warbler_0026_794884.jpg,177,147,False
10450,178.Swainson_Warbler/Swainson_Warbler_0009_174746.jpg,177,161,False
10453,178.Swainson_Warbler/Swainson_Warbler_0005_794888.jpg,177,165,False
10454,178.Swainson_Warbler/Swainson_Warbler_0033_794856.jpg,177,149,False
10456,178.Swainson_Warbler/Swainson_Warbler_0053_174678.jpg,177,187,False
10463,178.Swainson_Warbler/Swainson_Warbler_0031_174696.jpg,177,124,False
10464,178.Swainson_Warbler/Swainson_Warbler_0006_794857.jpg,177,122,False
10465,178.Swainson_Warbler/Swainson_Warbler_0014_794858.jpg,177,162,False
10468,178.Swainson_Warbler/Swainson_Warbler_0050_794861.jpg,177,170,False
10471,178.Swainson_Warbler/Swainson_Warbler_0016_174705.jpg,177,197,False
10472,178.Swainson_Warbler/Swainson_Warbler_0003_794866.jpg,177,178,False
10473,178.Swainson_Warbler/Swainson_Warbler_0055_794899.jpg,177,166,False
10475,178.Swainson_Warbler/Swainson_Warbler_0001_794869.jpg,177,177,True
10477,178.Swainson_Warbler/Swainson_Warbler_0056_794871.jpg,177,146,False
10478,178.Swainson_Warbler/Swainson_Warbler_0046_794872.jpg,177,148,False
10480,178.Swainson_Warbler/Swainson_Warbler_0052_794875.jpg,177,36,False
10482,178.Swainson_Warbler/Swainson_Warbler_0027_794877.jpg,177,160,False
10485,179.Tennessee_Warbler/Tennessee_Warbler_0050_174851.jpg,178,15,False
10488,179.Tennessee_Warbler/Tennessee_Warbler_0014_175126.jpg,178,183,False
10489,179.Tennessee_Warbler/Tennessee_Warbler_0039_174883.jpg,178,81,False
10490,179.Tennessee_Warbler/Tennessee_Warbler_0002_174884.jpg,178,149,False
10493,179.Tennessee_Warbler/Tennessee_Warbler_0003_175154.jpg,178,118,False
10494,179.Tennessee_Warbler/Tennessee_Warbler_0041_174900.jpg,178,83,False
10496,179.Tennessee_Warbler/Tennessee_Warbler_0088_175163.jpg,178,119,False
10499,179.Tennessee_Warbler/Tennessee_Warbler_0054_174914.jpg,178,20,False
10500,179.Tennessee_Warbler/Tennessee_Warbler_0040_174933.jpg,178,25,False
10501,179.Tennessee_Warbler/Tennessee_Warbler_0009_174937.jpg,178,126,False
10504,179.Tennessee_Warbler/Tennessee_Warbler_0085_156530.jpg,178,25,False
10505,179.Tennessee_Warbler/Tennessee_Warbler_0087_174968.jpg,178,160,False
10506,179.Tennessee_Warbler/Tennessee_Warbler_0025_174973.jpg,178,53,False
10514,179.Tennessee_Warbler/Tennessee_Warbler_0049_175006.jpg,178,19,False
10515,179.Tennessee_Warbler/Tennessee_Warbler_0065_174757.jpg,178,59,False
10517,179.Tennessee_Warbler/Tennessee_Warbler_0038_174760.jpg,178,188,False
10519,179.Tennessee_Warbler/Tennessee_Warbler_0075_174763.jpg,178,176,False
10520,179.Tennessee_Warbler/Tennessee_Warbler_0089_174764.jpg,178,19,False
10521,179.Tennessee_Warbler/Tennessee_Warbler_0070_174962.jpg,178,125,False
10522,179.Tennessee_Warbler/Tennessee_Warbler_0081_174771.jpg,178,17,False
10525,179.Tennessee_Warbler/Tennessee_Warbler_0042_175092.jpg,178,21,False
10528,179.Tennessee_Warbler/Tennessee_Warbler_0007_174796.jpg,178,165,False
10529,179.Tennessee_Warbler/Tennessee_Warbler_0080_167714.jpg,178,10,False
10532,179.Tennessee_Warbler/Tennessee_Warbler_0098_174800.jpg,178,93,False
10534,179.Tennessee_Warbler/Tennessee_Warbler_0027_174805.jpg,178,64,False
10535,179.Tennessee_Warbler/Tennessee_Warbler_0076_174807.jpg,178,130,False
10536,179.Tennessee_Warbler/Tennessee_Warbler_0092_174810.jpg,178,193,False
10537,179.Tennessee_Warbler/Tennessee_Warbler_0013_163552.jpg,178,90,False
10538,179.Tennessee_Warbler/Tennessee_Warbler_0048_175079.jpg,178,179,False
10543,180.Wilson_Warbler/Wilson_Warbler_0007_175618.jpg,179,13,False
10546,180.Wilson_Warbler/Wilson_Warbler_0133_175626.jpg,179,139,False
10547,180.Wilson_Warbler/Wilson_Warbler_0127_175637.jpg,179,65,False
10548,180.Wilson_Warbler/Wilson_Warbler_0074_175645.jpg,179,47,False
10549,180.Wilson_Warbler/Wilson_Warbler_0066_117820.jpg,179,150,False
10551,180.Wilson_Warbler/Wilson_Warbler_0019_175175.jpg,179,124,False
10554,180.Wilson_Warbler/Wilson_Warbler_0055_175183.jpg,179,155,False
10557,180.Wilson_Warbler/Wilson_Warbler_0075_175234.jpg,179,118,False
10563,180.Wilson_Warbler/Wilson_Warbler_0080_175770.jpg,179,3,False
10565,180.Wilson_Warbler/Wilson_Warbler_0067_175261.jpg,179,104,False
10567,180.Wilson_Warbler/Wilson_Warbler_0118_175779.jpg,179,130,False
10568,180.Wilson_Warbler/Wilson_Warbler_0131_175268.jpg,179,1,False
10569,180.Wilson_Warbler/Wilson_Warbler_0056_175269.jpg,179,181,False
10570,180.Wilson_Warbler/Wilson_Warbler_0024_175278.jpg,179,120,False
10572,180.Wilson_Warbler/Wilson_Warbler_0027_175290.jpg,179,147,False
10576,180.Wilson_Warbler/Wilson_Warbler_0012_175328.jpg,179,91,False
10577,180.Wilson_Warbler/Wilson_Warbler_0040_175347.jpg,179,7,False
10578,180.Wilson_Warbler/Wilson_Warbler_0064_175361.jpg,179,123,False
10581,180.Wilson_Warbler/Wilson_Warbler_0134_175374.jpg,179,178,False
10584,180.Wilson_Warbler/Wilson_Warbler_0029_175417.jpg,179,34,False
10585,180.Wilson_Warbler/Wilson_Warbler_0060_175420.jpg,179,15,False
10587,180.Wilson_Warbler/Wilson_Warbler_0034_175443.jpg,179,131,False
10588,180.Wilson_Warbler/Wilson_Warbler_0072_175958.jpg,179,13,False
10591,180.Wilson_Warbler/Wilson_Warbler_0092_175676.jpg,179,186,False
10592,180.Wilson_Warbler/Wilson_Warbler_0043_175491.jpg,179,90,False
10594,180.Wilson_Warbler/Wilson_Warbler_0016_175532.jpg,179,103,False
10596,180.Wilson_Warbler/Wilson_Warbler_0099_175559.jpg,179,13,False
10597,180.Wilson_Warbler/Wilson_Warbler_0002_175571.jpg,179,101,False
10600,180.Wilson_Warbler/Wilson_Warbler_0109_175578.jpg,179,41,False
10601,180.Wilson_Warbler/Wilson_Warbler_0095_175595.jpg,179,127,False
10604,181.Worm_eating_Warbler/Worm_Eating_Warbler_0075_176045.jpg,180,163,False
10608,181.Worm_eating_Warbler/Worm_Eating_Warbler_0066_92460.jpg,180,120,False
10610,181.Worm_eating_Warbler/Worm_Eating_Warbler_0046_176053.jpg,180,178,False
10611,181.Worm_eating_Warbler/Worm_Eating_Warbler_0069_176055.jpg,180,11,False
10615,181.Worm_eating_Warbler/Worm_Eating_Warbler_0005_175977.jpg,180,107,False
10616,181.Worm_eating_Warbler/Worm_Eating_Warbler_0087_175978.jpg,180,104,False
10618,181.Worm_eating_Warbler/Worm_Eating_Warbler_0045_795518.jpg,180,117,False
10619,181.Worm_eating_Warbler/Worm_Eating_Warbler_0067_795520.jpg,180,117,False
10621,181.Worm_eating_Warbler/Worm_Eating_Warbler_0090_795523.jpg,180,57,False
10623,181.Worm_eating_Warbler/Worm_Eating_Warbler_0016_795528.jpg,180,167,False
10625,181.Worm_eating_Warbler/Worm_Eating_Warbler_0002_795533.jpg,180,175,False
10627,181.Worm_eating_Warbler/Worm_Eating_Warbler_0061_795537.jpg,180,26,False
10629,181.Worm_eating_Warbler/Worm_Eating_Warbler_0021_795545.jpg,180,196,False
10631,181.Worm_eating_Warbler/Worm_Eating_Warbler_0056_795547.jpg,180,178,False
10635,181.Worm_eating_Warbler/Worm_Eating_Warbler_0019_795554.jpg,180,198,False
10637,181.Worm_eating_Warbler/Worm_Eating_Warbler_0079_176036.jpg,180,89,False
10639,181.Worm_eating_Warbler/Worm_Eating_Warbler_0072_795559.jpg,180,148,False
10641,181.Worm_eating_Warbler/Worm_Eating_Warbler_0014_176042.jpg,180,31,False
10642,181.Worm_eating_Warbler/Worm_Eating_Warbler_0098_795565.jpg,180,93,False
10644,181.Worm_eating_Warbler/Worm_Eating_Warbler_0062_795568.jpg,180,48,False
10646,181.Worm_eating_Warbler/Worm_Eating_Warbler_0042_795571.jpg,180,198,False
10647,181.Worm_eating_Warbler/Worm_Eating_Warbler_0036_795573.jpg,180,13,False
10649,181.Worm_eating_Warbler/Worm_Eating_Warbler_0027_176062.jpg,180,126,False
10650,181.Worm_eating_Warbler/Worm_Eating_Warbler_0051_176068.jpg,180,97,False
10652,181.Worm_eating_Warbler/Worm_Eating_Warbler_0086_176073.jpg,180,145,False
10653,181.Worm_eating_Warbler/Worm_Eating_Warbler_0031_176075.jpg,180,132,False
10654,181.Worm_eating_Warbler/Worm_Eating_Warbler_0053_176079.jpg,180,55,False
10655,181.Worm_eating_Warbler/Worm_Eating_Warbler_0076_176086.jpg,180,96,False
10661,181.Worm_eating_Warbler/Worm_Eating_Warbler_0039_176120.jpg,180,148,False
10662,182.Yellow_Warbler/Yellow_Warbler_0038_176388.jpg,181,181,True
10664,182.Yellow_Warbler/Yellow_Warbler_0071_176655.jpg,181,169,False
10666,182.Yellow_Warbler/Yellow_Warbler_0061_176559.jpg,181,172,False
10667,182.Yellow_Warbler/Yellow_Warbler_0080_176542.jpg,181,3,False
10668,182.Yellow_Warbler/Yellow_Warbler_0118_176409.jpg,181,181,True
10669,182.Yellow_Warbler/Yellow_Warbler_0014_176414.jpg,181,17,False
10671,182.Yellow_Warbler/Yellow_Warbler_0057_176675.jpg,181,186,False
10672,182.Yellow_Warbler/Yellow_Warbler_0011_176676.jpg,181,175,False
10673,182.Yellow_Warbler/Yellow_Warbler_0003_176429.jpg,181,60,False
10675,182.Yellow_Warbler/Yellow_Warbler_0122_176182.jpg,181,119,False
10678,182.Yellow_Warbler/Yellow_Warbler_0016_176452.jpg,181,63,False
10679,182.Yellow_Warbler/Yellow_Warbler_0047_176456.jpg,181,26,False
10680,182.Yellow_Warbler/Yellow_Warbler_0114_176201.jpg,181,4,False
10684,182.Yellow_Warbler/Yellow_Warbler_0123_176471.jpg,181,21,False
10685,182.Yellow_Warbler/Yellow_Warbler_0073_176218.jpg,181,12,False
10688,182.Yellow_Warbler/Yellow_Warbler_0093_176490.jpg,181,15,False
10689,182.Yellow_Warbler/Yellow_Warbler_0040_176954.jpg,181,72,False
10695,182.Yellow_Warbler/Yellow_Warbler_0031_176282.jpg,181,112,False
10697,182.Yellow_Warbler/Yellow_Warbler_0063_176800.jpg,181,170,False
10699,182.Yellow_Warbler/Yellow_Warbler_0112_176301.jpg,181,46,False
10703,182.Yellow_Warbler/Yellow_Warbler_0042_176460.jpg,181,57,False
10705,182.Yellow_Warbler/Yellow_Warbler_0088_176336.jpg,181,7,False
10706,182.Yellow_Warbler/Yellow_Warbler_0026_176337.jpg,181,34,False
10707,182.Yellow_Warbler/Yellow_Warbler_0029_176855.jpg,181,24,False
10712,182.Yellow_Warbler/Yellow_Warbler_0101_176864.jpg,181,29,False
10713,182.Yellow_Warbler/Yellow_Warbler_0105_176849.jpg,181,108,False
10714,182.Yellow_Warbler/Yellow_Warbler_0035_176360.jpg,181,75,False
10719,182.Yellow_Warbler/Yellow_Warbler_0017_176888.jpg,181,3,False
10720,182.Yellow_Warbler/Yellow_Warbler_0058_176891.jpg,181,182,False
10721,182.Yellow_Warbler/Yellow_Warbler_0106_176383.jpg,181,120,False
10722,183.Northern_Waterthrush/Northern_Waterthrush_0077_177152.jpg,182,115,False
10725,183.Northern_Waterthrush/Northern_Waterthrush_0046_176984.jpg,182,124,False
10726,183.Northern_Waterthrush/Northern_Waterthrush_0038_177027.jpg,182,116,False
10729,183.Northern_Waterthrush/Northern_Waterthrush_0021_177187.jpg,182,148,False
10730,183.Northern_Waterthrush/Northern_Waterthrush_0041_177199.jpg,182,121,False
10732,183.Northern_Waterthrush/Northern_Waterthrush_0060_177213.jpg,182,91,False
10733,183.Northern_Waterthrush/Northern_Waterthrush_0033_177214.jpg,182,121,False
10736,183.Northern_Waterthrush/Northern_Waterthrush_0081_176972.jpg,182,147,False
10737,183.Northern_Waterthrush/Northern_Waterthrush_0075_176978.jpg,182,11,False
10740,183.Northern_Waterthrush/Northern_Waterthrush_0082_177243.jpg,182,29,False
10742,183.Northern_Waterthrush/Northern_Waterthrush_0023_177002.jpg,182,154,False
10744,183.Northern_Waterthrush/Northern_Waterthrush_0096_177007.jpg,182,183,False
10745,183.Northern_Waterthrush/Northern_Waterthrush_0079_177008.jpg,182,132,False
10746,183.Northern_Waterthrush/Northern_Waterthrush_0042_177272.jpg,182,77,False
10748,183.Northern_Waterthrush/Northern_Waterthrush_0036_177274.jpg,182,180,False
10749,183.Northern_Waterthrush/Northern_Waterthrush_0005_177023.jpg,182,6,False
10751,183.Northern_Waterthrush/Northern_Waterthrush_0027_177286.jpg,182,119,False
10752,183.Northern_Waterthrush/Northern_Waterthrush_0057_177291.jpg,182,157,False
10754,183.Northern_Waterthrush/Northern_Waterthrush_0097_177045.jpg,182,41,False
10755,183.Northern_Waterthrush/Northern_Waterthrush_0047_177304.jpg,182,109,False
10759,183.Northern_Waterthrush/Northern_Waterthrush_0073_177063.jpg,182,121,False
10762,183.Northern_Waterthrush/Northern_Waterthrush_0110_177074.jpg,182,61,False
10768,183.Northern_Waterthrush/Northern_Waterthrush_0063_177346.jpg,182,114,False
10769,183.Northern_Waterthrush/Northern_Waterthrush_0086_177358.jpg,182,3,False
10770,183.Northern_Waterthrush/Northern_Waterthrush_0062_177364.jpg,182,178,False
10773,183.Northern_Waterthrush/Northern_Waterthrush_0098_177116.jpg,182,46,False
10775,183.Northern_Waterthrush/Northern_Waterthrush_0072_177121.jpg,182,33,False
10778,183.Northern_Waterthrush/Northern_Waterthrush_0093_177141.jpg,182,140,False
10779,183.Northern_Waterthrush/Northern_Waterthrush_0058_177143.jpg,182,21,False
10780,183.Northern_Waterthrush/Northern_Waterthrush_0087_177148.jpg,182,44,False
10782,184.Louisiana_Waterthrush/Louisiana_Waterthrush_0027_177539.jpg,183,21,False
10784,184.Louisiana_Waterthrush/Louisiana_Waterthrush_0078_177444.jpg,183,89,False
10786,184.Louisiana_Waterthrush/Louisiana_Waterthrush_0059_177449.jpg,183,158,False
10787,184.Louisiana_Waterthrush/Louisiana_Waterthrush_0047_177523.jpg,183,149,False
10793,184.Louisiana_Waterthrush/Louisiana_Waterthrush_0054_176977.jpg,183,111,False
10797,184.Louisiana_Waterthrush/Louisiana_Waterthrush_0016_795240.jpg,183,75,False
10798,184.Louisiana_Waterthrush/Louisiana_Waterthrush_0053_795241.jpg,183,105,False
10804,184.Louisiana_Waterthrush/Louisiana_Waterthrush_0030_795248.jpg,183,89,False
10806,184.Louisiana_Waterthrush/Louisiana_Waterthrush_0040_795251.jpg,183,58,False
10807,184.Louisiana_Waterthrush/Louisiana_Waterthrush_0079_795252.jpg,183,133,False
10809,184.Louisiana_Waterthrush/Louisiana_Waterthrush_0010_795255.jpg,183,121,False
10810,184.Louisiana_Waterthrush/Louisiana_Waterthrush_0076_795257.jpg,183,125,False
10811,184.Louisiana_Waterthrush/Louisiana_Waterthrush_0007_795258.jpg,183,63,False
10812,184.Louisiana_Waterthrush/Louisiana_Waterthrush_0066_795259.jpg,183,98,False
10815,184.Louisiana_Waterthrush/Louisiana_Waterthrush_0086_795263.jpg,183,148,False
10816,184.Louisiana_Waterthrush/Louisiana_Waterthrush_0094_795264.jpg,183,47,False
10819,184.Louisiana_Waterthrush/Louisiana_Waterthrush_0057_795270.jpg,183,32,False
10824,184.Louisiana_Waterthrush/Louisiana_Waterthrush_0055_795280.jpg,183,183,True
10825,184.Louisiana_Waterthrush/Louisiana_Waterthrush_0033_795281.jpg,183,148,False
10826,184.Louisiana_Waterthrush/Louisiana_Waterthrush_0081_795283.jpg,183,8,False
10827,184.Louisiana_Waterthrush/Louisiana_Waterthrush_0088_795284.jpg,183,156,False
10828,184.Louisiana_Waterthrush/Louisiana_Waterthrush_0002_795285.jpg,183,7,False
10829,184.Louisiana_Waterthrush/Louisiana_Waterthrush_0073_177558.jpg,183,31,False
10831,184.Louisiana_Waterthrush/Louisiana_Waterthrush_0019_177062.jpg,183,106,False
10833,184.Louisiana_Waterthrush/Louisiana_Waterthrush_0052_177519.jpg,183,108,False
10835,184.Louisiana_Waterthrush/Louisiana_Waterthrush_0046_177604.jpg,183,155,False
10837,184.Louisiana_Waterthrush/Louisiana_Waterthrush_0064_177380.jpg,183,126,False
10838,184.Louisiana_Waterthrush/Louisiana_Waterthrush_0032_177385.jpg,183,21,False
10839,184.Louisiana_Waterthrush/Louisiana_Waterthrush_0058_177388.jpg,183,109,False
10840,184.Louisiana_Waterthrush/Louisiana_Waterthrush_0022_177397.jpg,183,2,False
10844,185.Bohemian_Waxwing/Bohemian_Waxwing_0001_796680.jpg,184,67,False
10845,185.Bohemian_Waxwing/Bohemian_Waxwing_0068_796682.jpg,184,60,False
10846,185.Bohemian_Waxwing/Bohemian_Waxwing_0062_796683.jpg,184,25,False
10847,185.Bohemian_Waxwing/Bohemian_Waxwing_0104_177676.jpg,184,72,False
10848,185.Bohemian_Waxwing/Bohemian_Waxwing_0079_796687.jpg,184,42,False
10856,185.Bohemian_Waxwing/Bohemian_Waxwing_0037_796638.jpg,184,175,False
10857,185.Bohemian_Waxwing/Bohemian_Waxwing_0084_796639.jpg,184,116,False
10858,185.Bohemian_Waxwing/Bohemian_Waxwing_0115_177724.jpg,184,72,False
10860,185.Bohemian_Waxwing/Bohemian_Waxwing_0099_177747.jpg,184,48,False
10861,185.Bohemian_Waxwing/Bohemian_Waxwing_0098_178009.jpg,184,162,False
10862,185.Bohemian_Waxwing/Bohemian_Waxwing_0101_796653.jpg,184,106,False
10864,185.Bohemian_Waxwing/Bohemian_Waxwing_0078_796649.jpg,184,91,False
10865,185.Bohemian_Waxwing/Bohemian_Waxwing_0057_177784.jpg,184,174,False
10866,185.Bohemian_Waxwing/Bohemian_Waxwing_0102_796692.jpg,184,128,False
10868,185.Bohemian_Waxwing/Bohemian_Waxwing_0119_177942.jpg,184,19,False
10869,185.Bohemian_Waxwing/Bohemian_Waxwing_0004_796652.jpg,184,165,False
10872,185.Bohemian_Waxwing/Bohemian_Waxwing_0082_796655.jpg,184,48,False
10875,185.Bohemian_Waxwing/Bohemian_Waxwing_0121_796658.jpg,184,5,False
10876,185.Bohemian_Waxwing/Bohemian_Waxwing_0026_177845.jpg,184,190,False
10879,185.Bohemian_Waxwing/Bohemian_Waxwing_0054_796623.jpg,184,190,False
10881,185.Bohemian_Waxwing/Bohemian_Waxwing_0100_796627.jpg,184,28,False
10882,185.Bohemian_Waxwing/Bohemian_Waxwing_0050_796630.jpg,184,99,False
10883,185.Bohemian_Waxwing/Bohemian_Waxwing_0038_796632.jpg,184,178,False
10886,185.Bohemian_Waxwing/Bohemian_Waxwing_0081_796636.jpg,184,196,False
10887,185.Bohemian_Waxwing/Bohemian_Waxwing_0041_177630.jpg,184,148,False
10889,185.Bohemian_Waxwing/Bohemian_Waxwing_0060_796642.jpg,184,90,False
10891,185.Bohemian_Waxwing/Bohemian_Waxwing_0056_796645.jpg,184,92,False
10892,185.Bohemian_Waxwing/Bohemian_Waxwing_0034_796646.jpg,184,141,False
10898,185.Bohemian_Waxwing/Bohemian_Waxwing_0036_796661.jpg,184,92,False
10900,185.Bohemian_Waxwing/Bohemian_Waxwing_0029_177915.jpg,184,197,False
10902,186.Cedar_Waxwing/Cedar_Waxwing_0034_179715.jpg,185,193,False
10903,186.Cedar_Waxwing/Cedar_Waxwing_0028_179724.jpg,185,147,False
10906,186.Cedar_Waxwing/Cedar_Waxwing_0030_178202.jpg,185,174,False
10908,186.Cedar_Waxwing/Cedar_Waxwing_0049_178723.jpg,185,104,False
10910,186.Cedar_Waxwing/Cedar_Waxwing_0033_178737.jpg,185,111,False
10911,186.Cedar_Waxwing/Cedar_Waxwing_0024_178230.jpg,185,53,False
10912,186.Cedar_Waxwing/Cedar_Waxwing_0083_178743.jpg,185,25,False
10915,186.Cedar_Waxwing/Cedar_Waxwing_0061_179305.jpg,185,33,False
10916,186.Cedar_Waxwing/Cedar_Waxwing_0058_178795.jpg,185,147,False
10917,186.Cedar_Waxwing/Cedar_Waxwing_0015_178818.jpg,185,109,False
10919,186.Cedar_Waxwing/Cedar_Waxwing_0057_178370.jpg,185,32,False
10921,186.Cedar_Waxwing/Cedar_Waxwing_0043_178321.jpg,185,6,False
10922,186.Cedar_Waxwing/Cedar_Waxwing_0069_179310.jpg,185,188,False
10923,186.Cedar_Waxwing/Cedar_Waxwing_0124_178857.jpg,185,32,False
10925,186.Cedar_Waxwing/Cedar_Waxwing_0042_179391.jpg,185,33,False
10927,186.Cedar_Waxwing/Cedar_Waxwing_0074_178888.jpg,185,18,False
10928,186.Cedar_Waxwing/Cedar_Waxwing_0010_178891.jpg,185,36,False
10929,186.Cedar_Waxwing/Cedar_Waxwing_0053_178892.jpg,185,63,False
10930,186.Cedar_Waxwing/Cedar_Waxwing_0051_178385.jpg,185,181,False
10935,186.Cedar_Waxwing/Cedar_Waxwing_0019_178654.jpg,185,182,False
10936,186.Cedar_Waxwing/Cedar_Waxwing_0072_178058.jpg,185,21,False
10937,186.Cedar_Waxwing/Cedar_Waxwing_0070_179007.jpg,185,97,False
10938,186.Cedar_Waxwing/Cedar_Waxwing_0059_178500.jpg,185,23,False
10942,186.Cedar_Waxwing/Cedar_Waxwing_0002_179071.jpg,185,56,False
10945,186.Cedar_Waxwing/Cedar_Waxwing_0107_179098.jpg,185,54,False
10947,186.Cedar_Waxwing/Cedar_Waxwing_0075_179114.jpg,185,15,False
10949,186.Cedar_Waxwing/Cedar_Waxwing_0113_178627.jpg,185,63,False
10951,186.Cedar_Waxwing/Cedar_Waxwing_0011_179149.jpg,185,90,False
10952,186.Cedar_Waxwing/Cedar_Waxwing_0100_178643.jpg,185,17,False
10955,186.Cedar_Waxwing/Cedar_Waxwing_0001_179170.jpg,185,102,False
10962,187.American_Three_toed_Woodpecker/American_Three_Toed_Woodpecker_0048_796163.jpg,186,155,False
10963,187.American_Three_toed_Woodpecker/American_Three_Toed_Woodpecker_0034_796165.jpg,186,151,False
10970,187.American_Three_toed_Woodpecker/American_Three_Toed_Woodpecker_0028_796175.jpg,186,192,False
10971,187.American_Three_toed_Woodpecker/American_Three_Toed_Woodpecker_0040_796180.jpg,186,166,False
10973,187.American_Three_toed_Woodpecker/American_Three_Toed_Woodpecker_0047_796185.jpg,186,116,False
10974,187.American_Three_toed_Woodpecker/American_Three_Toed_Woodpecker_0050_796186.jpg,186,67,False
10976,187.American_Three_toed_Woodpecker/American_Three_Toed_Woodpecker_0019_179870.jpg,186,84,False
10981,187.American_Three_toed_Woodpecker/American_Three_Toed_Woodpecker_0014_179882.jpg,186,35,False
10984,187.American_Three_toed_Woodpecker/American_Three_Toed_Woodpecker_0003_179891.jpg,186,98,False
10985,187.American_Three_toed_Woodpecker/American_Three_Toed_Woodpecker_0020_179828.jpg,186,72,False
10986,187.American_Three_toed_Woodpecker/American_Three_Toed_Woodpecker_0032_796170.jpg,186,139,False
10987,187.American_Three_toed_Woodpecker/American_Three_Toed_Woodpecker_0005_179902.jpg,186,3,False
10990,187.American_Three_toed_Woodpecker/American_Three_Toed_Woodpecker_0023_179909.jpg,186,47,False
10993,187.American_Three_toed_Woodpecker/American_Three_Toed_Woodpecker_0017_179830.jpg,186,48,False
10998,187.American_Three_toed_Woodpecker/American_Three_Toed_Woodpecker_0022_179933.jpg,186,56,False
11002,187.American_Three_toed_Woodpecker/American_Three_Toed_Woodpecker_0036_796146.jpg,186,190,False
11004,187.American_Three_toed_Woodpecker/American_Three_Toed_Woodpecker_0045_796148.jpg,186,186,True
11005,187.American_Three_toed_Woodpecker/American_Three_Toed_Woodpecker_0042_796149.jpg,186,17,False
11010,187.American_Three_toed_Woodpecker/American_Three_Toed_Woodpecker_0026_796157.jpg,186,18,False
11011,187.American_Three_toed_Woodpecker/American_Three_Toed_Woodpecker_0035_796158.jpg,186,104,False
11012,188.Pileated_Woodpecker/Pileated_Woodpecker_0075_180480.jpg,187,155,False
11016,188.Pileated_Woodpecker/Pileated_Woodpecker_0012_179976.jpg,187,102,False
11017,188.Pileated_Woodpecker/Pileated_Woodpecker_0013_180746.jpg,187,177,False
11026,188.Pileated_Woodpecker/Pileated_Woodpecker_0082_180523.jpg,187,31,False
11027,188.Pileated_Woodpecker/Pileated_Woodpecker_0039_180012.jpg,187,117,False
11028,188.Pileated_Woodpecker/Pileated_Woodpecker_0002_180024.jpg,187,17,False
11029,188.Pileated_Woodpecker/Pileated_Woodpecker_0121_180026.jpg,187,31,False
11031,188.Pileated_Woodpecker/Pileated_Woodpecker_0070_180034.jpg,187,55,False
11032,188.Pileated_Woodpecker/Pileated_Woodpecker_0067_179979.jpg,187,116,False
11033,188.Pileated_Woodpecker/Pileated_Woodpecker_0083_180038.jpg,187,27,False
11035,188.Pileated_Woodpecker/Pileated_Woodpecker_0074_180306.jpg,187,156,False
11039,188.Pileated_Woodpecker/Pileated_Woodpecker_0015_180072.jpg,187,121,False
11040,188.Pileated_Woodpecker/Pileated_Woodpecker_0123_180076.jpg,187,186,False
11041,188.Pileated_Woodpecker/Pileated_Woodpecker_0080_180589.jpg,187,109,False
11042,188.Pileated_Woodpecker/Pileated_Woodpecker_0091_180343.jpg,187,90,False
11043,188.Pileated_Woodpecker/Pileated_Woodpecker_0073_180345.jpg,187,148,False
11046,188.Pileated_Woodpecker/Pileated_Woodpecker_0009_180460.jpg,187,147,False
11048,188.Pileated_Woodpecker/Pileated_Woodpecker_0093_180205.jpg,187,59,False
11049,188.Pileated_Woodpecker/Pileated_Woodpecker_0026_180078.jpg,187,115,False
11051,188.Pileated_Woodpecker/Pileated_Woodpecker_0097_180392.jpg,187,136,False
11052,188.Pileated_Woodpecker/Pileated_Woodpecker_0118_180138.jpg,187,160,False
11053,188.Pileated_Woodpecker/Pileated_Woodpecker_0050_180398.jpg,187,189,False
11055,188.Pileated_Woodpecker/Pileated_Woodpecker_0086_180096.jpg,187,178,False
11058,188.Pileated_Woodpecker/Pileated_Woodpecker_0098_180170.jpg,187,46,False
11062,188.Pileated_Woodpecker/Pileated_Woodpecker_0060_180443.jpg,187,199,False
11063,188.Pileated_Woodpecker/Pileated_Woodpecker_0106_180446.jpg,187,18,False
11064,188.Pileated_Woodpecker/Pileated_Woodpecker_0114_180455.jpg,187,151,False
11066,188.Pileated_Woodpecker/Pileated_Woodpecker_0041_180461.jpg,187,155,False
11068,188.Pileated_Woodpecker/Pileated_Woodpecker_0027_179956.jpg,187,186,False
11070,188.Pileated_Woodpecker/Pileated_Woodpecker_0053_179960.jpg,187,6,False
11077,189.Red_bellied_Woodpecker/Red_Bellied_Woodpecker_0079_181010.jpg,188,72,False
11078,189.Red_bellied_Woodpecker/Red_Bellied_Woodpecker_0049_180755.jpg,188,35,False
11079,189.Red_bellied_Woodpecker/Red_Bellied_Woodpecker_0025_180756.jpg,188,89,False
11080,189.Red_bellied_Woodpecker/Red_Bellied_Woodpecker_0106_180757.jpg,188,189,False
11081,189.Red_bellied_Woodpecker/Red_Bellied_Woodpecker_0016_180760.jpg,188,129,False
11085,189.Red_bellied_Woodpecker/Red_Bellied_Woodpecker_0015_182320.jpg,188,140,False
11091,189.Red_bellied_Woodpecker/Red_Bellied_Woodpecker_0075_180788.jpg,188,124,False
11094,189.Red_bellied_Woodpecker/Red_Bellied_Woodpecker_0081_182336.jpg,188,198,False
11097,189.Red_bellied_Woodpecker/Red_Bellied_Woodpecker_0039_180814.jpg,188,81,False
11098,189.Red_bellied_Woodpecker/Red_Bellied_Woodpecker_0032_181587.jpg,188,3,False
11100,189.Red_bellied_Woodpecker/Red_Bellied_Woodpecker_0044_181122.jpg,188,190,False
11102,189.Red_bellied_Woodpecker/Red_Bellied_Woodpecker_0097_181363.jpg,188,168,False
11103,189.Red_bellied_Woodpecker/Red_Bellied_Woodpecker_0008_180858.jpg,188,59,False
11104,189.Red_bellied_Woodpecker/Red_Bellied_Woodpecker_0078_181887.jpg,188,188,True
11105,189.Red_bellied_Woodpecker/Red_Bellied_Woodpecker_0071_180866.jpg,188,79,False
11110,189.Red_bellied_Woodpecker/Red_Bellied_Woodpecker_0089_181907.jpg,188,131,False
11111,189.Red_bellied_Woodpecker/Red_Bellied_Woodpecker_0035_181913.jpg,188,3,False
11114,189.Red_bellied_Woodpecker/Red_Bellied_Woodpecker_0054_182031.jpg,188,103,False
11115,189.Red_bellied_Woodpecker/Red_Bellied_Woodpecker_0070_181182.jpg,188,38,False
11117,189.Red_bellied_Woodpecker/Red_Bellied_Woodpecker_0023_181958.jpg,188,155,False
11118,189.Red_bellied_Woodpecker/Red_Bellied_Woodpecker_0074_180936.jpg,188,173,False
11119,189.Red_bellied_Woodpecker/Red_Bellied_Woodpecker_0091_180938.jpg,188,150,False
11122,189.Red_bellied_Woodpecker/Red_Bellied_Woodpecker_0056_180946.jpg,188,9,False
11123,189.Red_bellied_Woodpecker/Red_Bellied_Woodpecker_0095_180948.jpg,188,150,False
11124,189.Red_bellied_Woodpecker/Red_Bellied_Woodpecker_0068_180949.jpg,188,64,False
11125,189.Red_bellied_Woodpecker/Red_Bellied_Woodpecker_0092_182235.jpg,188,35,False
11126,189.Red_bellied_Woodpecker/Red_Bellied_Woodpecker_0108_180956.jpg,188,147,False
11128,189.Red_bellied_Woodpecker/Red_Bellied_Woodpecker_0007_182242.jpg,188,194,False
11130,189.Red_bellied_Woodpecker/Red_Bellied_Woodpecker_0031_180975.jpg,188,183,False
11131,189.Red_bellied_Woodpecker/Red_Bellied_Woodpecker_0123_182116.jpg,188,115,False
11133,190.Red_cockaded_Woodpecker/Red_Cockaded_Woodpecker_0008_794753.jpg,189,130,False
11136,190.Red_cockaded_Woodpecker/Red_Cockaded_Woodpecker_0041_182408.jpg,189,8,False
11137,190.Red_cockaded_Woodpecker/Red_Cockaded_Woodpecker_0009_182540.jpg,189,161,False
11138,190.Red_cockaded_Woodpecker/Red_Cockaded_Woodpecker_0001_182541.jpg,189,127,False
11140,190.Red_cockaded_Woodpecker/Red_Cockaded_Woodpecker_0042_182373.jpg,189,173,False
11141,190.Red_cockaded_Woodpecker/Red_Cockaded_Woodpecker_0035_182435.jpg,189,198,False
11142,190.Red_cockaded_Woodpecker/Red_Cockaded_Woodpecker_0048_182599.jpg,189,8,False
11144,190.Red_cockaded_Woodpecker/Red_Cockaded_Woodpecker_0049_182452.jpg,189,2,False
11145,190.Red_cockaded_Woodpecker/Red_Cockaded_Woodpecker_0061_794728.jpg,189,43,False
11150,190.Red_cockaded_Woodpecker/Red_Cockaded_Woodpecker_0051_182347.jpg,189,191,False
11152,190.Red_cockaded_Woodpecker/Red_Cockaded_Woodpecker_0003_794695.jpg,189,198,False
11160,190.Red_cockaded_Woodpecker/Red_Cockaded_Woodpecker_0053_794707.jpg,189,85,False
11161,190.Red_cockaded_Woodpecker/Red_Cockaded_Woodpecker_0024_794708.jpg,189,114,False
11163,190.Red_cockaded_Woodpecker/Red_Cockaded_Woodpecker_0025_794710.jpg,189,108,False
11164,190.Red_cockaded_Woodpecker/Red_Cockaded_Woodpecker_0030_794711.jpg,189,174,False
11165,190.Red_cockaded_Woodpecker/Red_Cockaded_Woodpecker_0017_794712.jpg,189,161,False
11167,190.Red_cockaded_Woodpecker/Red_Cockaded_Woodpecker_0016_182493.jpg,189,193,False
11168,190.Red_cockaded_Woodpecker/Red_Cockaded_Woodpecker_0014_794718.jpg,189,11,False
11169,190.Red_cockaded_Woodpecker/Red_Cockaded_Woodpecker_0038_794719.jpg,189,8,False
11170,190.Red_cockaded_Woodpecker/Red_Cockaded_Woodpecker_0034_794720.jpg,189,3,False
11171,190.Red_cockaded_Woodpecker/Red_Cockaded_Woodpecker_0047_794704.jpg,189,189,True
11172,190.Red_cockaded_Woodpecker/Red_Cockaded_Woodpecker_0046_794722.jpg,189,117,False
11175,190.Red_cockaded_Woodpecker/Red_Cockaded_Woodpecker_0057_794725.jpg,189,162,False
11176,190.Red_cockaded_Woodpecker/Red_Cockaded_Woodpecker_0044_182374.jpg,189,189,True
11180,190.Red_cockaded_Woodpecker/Red_Cockaded_Woodpecker_0045_794727.jpg,189,159,False
11182,190.Red_cockaded_Woodpecker/Red_Cockaded_Woodpecker_0056_794734.jpg,189,149,False
11184,190.Red_cockaded_Woodpecker/Red_Cockaded_Woodpecker_0031_794737.jpg,189,191,False
11186,190.Red_cockaded_Woodpecker/Red_Cockaded_Woodpecker_0013_794740.jpg,189,55,False
11187,190.Red_cockaded_Woodpecker/Red_Cockaded_Woodpecker_0050_794743.jpg,189,165,False
11190,191.Red_headed_Woodpecker/Red_Headed_Woodpecker_0073_182784.jpg,190,38,False
11191,191.Red_headed_Woodpecker/Red_Headed_Woodpecker_0024_183297.jpg,190,54,False
11192,191.Red_headed_Woodpecker/Red_Headed_Woodpecker_0092_182787.jpg,190,40,False
11194,191.Red_headed_Woodpecker/Red_Headed_Woodpecker_0087_183271.jpg,190,139,False
11197,191.Red_headed_Woodpecker/Red_Headed_Woodpecker_0034_182806.jpg,190,97,False
11200,191.Red_headed_Woodpecker/Red_Headed_Woodpecker_0029_183337.jpg,190,144,False
11201,191.Red_headed_Woodpecker/Red_Headed_Woodpecker_0058_183086.jpg,190,112,False
11202,191.Red_headed_Woodpecker/Red_Headed_Woodpecker_0045_182832.jpg,190,48,False
11203,191.Red_headed_Woodpecker/Red_Headed_Woodpecker_0042_182834.jpg,190,97,False
11204,191.Red_headed_Woodpecker/Red_Headed_Woodpecker_0031_183096.jpg,190,121,False
11205,191.Red_headed_Woodpecker/Red_Headed_Woodpecker_0086_182715.jpg,190,76,False
11207,191.Red_headed_Woodpecker/Red_Headed_Woodpecker_0065_182863.jpg,190,102,False
11208,191.Red_headed_Woodpecker/Red_Headed_Woodpecker_0006_183383.jpg,190,181,False
11209,191.Red_headed_Woodpecker/Red_Headed_Woodpecker_0109_183385.jpg,190,177,False
11212,191.Red_headed_Woodpecker/Red_Headed_Woodpecker_0044_183141.jpg,190,80,False
11213,191.Red_headed_Woodpecker/Red_Headed_Woodpecker_0091_183144.jpg,190,44,False
11217,191.Red_headed_Woodpecker/Red_Headed_Woodpecker_0049_183229.jpg,190,117,False
11222,191.Red_headed_Woodpecker/Red_Headed_Woodpecker_0089_183435.jpg,190,10,False
11223,191.Red_headed_Woodpecker/Red_Headed_Woodpecker_0093_182925.jpg,190,8,False
11225,191.Red_headed_Woodpecker/Red_Headed_Woodpecker_0039_183446.jpg,190,120,False
11227,191.Red_headed_Woodpecker/Red_Headed_Woodpecker_0018_183455.jpg,190,16,False
11230,191.Red_headed_Woodpecker/Red_Headed_Woodpecker_0067_183710.jpg,190,108,False
11231,191.Red_headed_Woodpecker/Red_Headed_Woodpecker_0032_182815.jpg,190,89,False
11234,191.Red_headed_Woodpecker/Red_Headed_Woodpecker_0051_182724.jpg,190,189,False
11239,191.Red_headed_Woodpecker/Red_Headed_Woodpecker_0085_182703.jpg,190,191,False
11241,191.Red_headed_Woodpecker/Red_Headed_Woodpecker_0084_183004.jpg,190,185,False
11245,191.Red_headed_Woodpecker/Red_Headed_Woodpecker_0099_183524.jpg,190,172,False
11246,191.Red_headed_Woodpecker/Red_Headed_Woodpecker_0038_183280.jpg,190,121,False
11247,191.Red_headed_Woodpecker/Red_Headed_Woodpecker_0027_183029.jpg,190,186,False
11249,191.Red_headed_Woodpecker/Red_Headed_Woodpecker_0107_183290.jpg,190,40,False
11250,192.Downy_Woodpecker/Downy_Woodpecker_0116_184326.jpg,191,177,False
11253,192.Downy_Woodpecker/Downy_Woodpecker_0124_184364.jpg,191,27,False
11255,192.Downy_Woodpecker/Downy_Woodpecker_0078_184375.jpg,191,187,False
11257,192.Downy_Woodpecker/Downy_Woodpecker_0059_184396.jpg,191,152,False
11258,192.Downy_Woodpecker/Downy_Woodpecker_0072_184401.jpg,191,191,True
11259,192.Downy_Woodpecker/Downy_Woodpecker_0132_184408.jpg,191,156,False
11260,192.Downy_Woodpecker/Downy_Woodpecker_0113_184413.jpg,191,159,False
11262,192.Downy_Woodpecker/Downy_Woodpecker_0074_183907.jpg,191,9,False
11263,192.Downy_Woodpecker/Downy_Woodpecker_0056_183913.jpg,191,104,False
11266,192.Downy_Woodpecker/Downy_Woodpecker_0082_183922.jpg,191,198,False
11267,192.Downy_Woodpecker/Downy_Woodpecker_0120_183926.jpg,191,14,False
11270,192.Downy_Woodpecker/Downy_Woodpecker_0027_183940.jpg,191,162,False
11273,192.Downy_Woodpecker/Downy_Woodpecker_0094_184478.jpg,191,162,False
11274,192.Downy_Woodpecker/Downy_Woodpecker_0037_183968.jpg,191,186,False
11275,192.Downy_Woodpecker/Downy_Woodpecker_0001_184484.jpg,191,162,False
11278,192.Downy_Woodpecker/Downy_Woodpecker_0058_184520.jpg,191,114,False
11281,192.Downy_Woodpecker/Downy_Woodpecker_0091_184537.jpg,191,42,False
11282,192.Downy_Woodpecker/Downy_Woodpecker_0006_184538.jpg,191,69,False
11284,192.Downy_Woodpecker/Downy_Woodpecker_0029_184046.jpg,191,195,False
11285,192.Downy_Woodpecker/Downy_Woodpecker_0036_184048.jpg,191,186,False
11287,192.Downy_Woodpecker/Downy_Woodpecker_0131_184446.jpg,191,7,False
11288,192.Downy_Woodpecker/Downy_Woodpecker_0098_184567.jpg,191,127,False
11290,192.Downy_Woodpecker/Downy_Woodpecker_0100_184584.jpg,191,27,False
11296,192.Downy_Woodpecker/Downy_Woodpecker_0028_184131.jpg,191,87,False
11297,192.Downy_Woodpecker/Downy_Woodpecker_0025_184545.jpg,191,198,False
11298,192.Downy_Woodpecker/Downy_Woodpecker_0004_184648.jpg,191,149,False
11301,192.Downy_Woodpecker/Downy_Woodpecker_0048_184164.jpg,191,186,False
11305,192.Downy_Woodpecker/Downy_Woodpecker_0039_184243.jpg,191,189,False
11307,192.Downy_Woodpecker/Downy_Woodpecker_0061_184285.jpg,191,3,False
11308,192.Downy_Woodpecker/Downy_Woodpecker_0125_184656.jpg,191,132,False
11310,193.Bewick_Wren/Bewick_Wren_0056_184834.jpg,192,168,False
11311,193.Bewick_Wren/Bewick_Wren_0087_184918.jpg,192,176,False
11312,193.Bewick_Wren/Bewick_Wren_0139_184839.jpg,192,163,False
11314,193.Bewick_Wren/Bewick_Wren_0060_185366.jpg,192,105,False
11315,193.Bewick_Wren/Bewick_Wren_0032_184870.jpg,192,6,False
11318,193.Bewick_Wren/Bewick_Wren_0070_184892.jpg,192,77,False
11320,193.Bewick_Wren/Bewick_Wren_0061_184898.jpg,192,34,False
11321,193.Bewick_Wren/Bewick_Wren_0092_184901.jpg,192,113,False
11325,193.Bewick_Wren/Bewick_Wren_0051_185425.jpg,192,113,False
11327,193.Bewick_Wren/Bewick_Wren_0066_184928.jpg,192,193,False
11329,193.Bewick_Wren/Bewick_Wren_0121_184765.jpg,192,180,False
11331,193.Bewick_Wren/Bewick_Wren_0085_185474.jpg,192,192,True
11334,193.Bewick_Wren/Bewick_Wren_0016_184999.jpg,192,8,False
11335,193.Bewick_Wren/Bewick_Wren_0106_185013.jpg,192,130,False
11336,193.Bewick_Wren/Bewick_Wren_0082_185021.jpg,192,172,False
11337,193.Bewick_Wren/Bewick_Wren_0075_185046.jpg,192,120,False
11338,193.Bewick_Wren/Bewick_Wren_0073_185049.jpg,192,13,False
11340,193.Bewick_Wren/Bewick_Wren_0123_185069.jpg,192,118,False
11343,193.Bewick_Wren/Bewick_Wren_0113_185113.jpg,192,194,False
11344,193.Bewick_Wren/Bewick_Wren_0017_185127.jpg,192,53,False
11346,193.Bewick_Wren/Bewick_Wren_0096_185139.jpg,192,168,False
11348,193.Bewick_Wren/Bewick_Wren_0118_185169.jpg,192,127,False
11349,193.Bewick_Wren/Bewick_Wren_0109_185170.jpg,192,78,False
11352,193.Bewick_Wren/Bewick_Wren_0005_184699.jpg,192,72,False
11353,193.Bewick_Wren/Bewick_Wren_0027_185212.jpg,192,155,False
11357,193.Bewick_Wren/Bewick_Wren_0055_185230.jpg,192,177,False
11361,193.Bewick_Wren/Bewick_Wren_0127_184756.jpg,192,128,False
11362,193.Bewick_Wren/Bewick_Wren_0052_184760.jpg,192,170,False
11365,193.Bewick_Wren/Bewick_Wren_0014_184810.jpg,192,35,False
11368,193.Bewick_Wren/Bewick_Wren_0037_185332.jpg,192,124,False
11370,194.Cactus_Wren/Cactus_Wren_0040_185859.jpg,193,98,False
11371,194.Cactus_Wren/Cactus_Wren_0009_185871.jpg,193,139,False
11372,194.Cactus_Wren/Cactus_Wren_0088_185873.jpg,193,21,False
11373,194.Cactus_Wren/Cactus_Wren_0056_185626.jpg,193,114,False
11374,194.Cactus_Wren/Cactus_Wren_0101_185627.jpg,193,150,False
11377,194.Cactus_Wren/Cactus_Wren_0095_185633.jpg,193,57,False
11378,194.Cactus_Wren/Cactus_Wren_0007_185634.jpg,193,14,False
11379,194.Cactus_Wren/Cactus_Wren_0027_185893.jpg,193,27,False
11380,194.Cactus_Wren/Cactus_Wren_0115_185895.jpg,193,176,False
11381,194.Cactus_Wren/Cactus_Wren_0096_185898.jpg,193,3,False
11384,194.Cactus_Wren/Cactus_Wren_0102_185902.jpg,193,169,False
11388,194.Cactus_Wren/Cactus_Wren_0116_185927.jpg,193,6,False
11389,194.Cactus_Wren/Cactus_Wren_0002_185680.jpg,193,129,False
11393,194.Cactus_Wren/Cactus_Wren_0092_185951.jpg,193,71,False
11395,194.Cactus_Wren/Cactus_Wren_0120_185956.jpg,193,140,False
11398,194.Cactus_Wren/Cactus_Wren_0014_185993.jpg,193,150,False
11399,194.Cactus_Wren/Cactus_Wren_0017_185745.jpg,193,122,False
11400,194.Cactus_Wren/Cactus_Wren_0077_186003.jpg,193,191,False
11402,194.Cactus_Wren/Cactus_Wren_0124_185501.jpg,193,195,False
11404,194.Cactus_Wren/Cactus_Wren_0046_186017.jpg,193,152,False
11409,194.Cactus_Wren/Cactus_Wren_0042_185514.jpg,193,86,False
11410,194.Cactus_Wren/Cactus_Wren_0085_185515.jpg,193,170,False
11413,194.Cactus_Wren/Cactus_Wren_0067_186034.jpg,193,191,False
11415,194.Cactus_Wren/Cactus_Wren_0114_185532.jpg,193,49,False
11417,194.Cactus_Wren/Cactus_Wren_0004_185797.jpg,193,165,False
11418,194.Cactus_Wren/Cactus_Wren_0076_186067.jpg,193,123,False
11419,194.Cactus_Wren/Cactus_Wren_0045_185556.jpg,193,62,False
11420,194.Cactus_Wren/Cactus_Wren_0079_185560.jpg,193,73,False
11422,194.Cactus_Wren/Cactus_Wren_0036_185563.jpg,193,90,False
11427,194.Cactus_Wren/Cactus_Wren_0063_185589.jpg,193,167,False
11430,195.Carolina_Wren/Carolina_Wren_0130_186369.jpg,194,41,False
11432,195.Carolina_Wren/Carolina_Wren_0062_186390.jpg,194,192,False
11434,195.Carolina_Wren/Carolina_Wren_0080_186919.jpg,194,34,False
11437,195.Carolina_Wren/Carolina_Wren_0082_186421.jpg,194,136,False
11438,195.Carolina_Wren/Carolina_Wren_0090_186942.jpg,194,125,False
11442,195.Carolina_Wren/Carolina_Wren_0001_186455.jpg,194,170,False
11444,195.Carolina_Wren/Carolina_Wren_0125_187009.jpg,194,57,False
11445,195.Carolina_Wren/Carolina_Wren_0002_186506.jpg,194,84,False
11449,195.Carolina_Wren/Carolina_Wren_0028_186526.jpg,194,141,False
11450,195.Carolina_Wren/Carolina_Wren_0019_186527.jpg,194,126,False
11453,195.Carolina_Wren/Carolina_Wren_0032_186566.jpg,194,57,False
11454,195.Carolina_Wren/Carolina_Wren_0078_186570.jpg,194,108,False
11457,195.Carolina_Wren/Carolina_Wren_0073_186587.jpg,194,44,False
11458,195.Carolina_Wren/Carolina_Wren_0108_186089.jpg,194,195,False
11459,195.Carolina_Wren/Carolina_Wren_0005_186109.jpg,194,180,False
11461,195.Carolina_Wren/Carolina_Wren_0044_186645.jpg,194,20,False
11462,195.Carolina_Wren/Carolina_Wren_0126_186654.jpg,194,147,False
11463,195.Carolina_Wren/Carolina_Wren_0119_186153.jpg,194,179,False
11467,195.Carolina_Wren/Carolina_Wren_0021_186683.jpg,194,120,False
11469,195.Carolina_Wren/Carolina_Wren_0031_186713.jpg,194,146,False
11470,195.Carolina_Wren/Carolina_Wren_0036_186722.jpg,194,33,False
11472,195.Carolina_Wren/Carolina_Wren_0069_186230.jpg,194,16,False
11476,195.Carolina_Wren/Carolina_Wren_0077_186294.jpg,194,160,False
11477,195.Carolina_Wren/Carolina_Wren_0060_186296.jpg,194,121,False
11478,195.Carolina_Wren/Carolina_Wren_0066_186818.jpg,194,158,False
11481,195.Carolina_Wren/Carolina_Wren_0068_186830.jpg,194,178,False
11482,195.Carolina_Wren/Carolina_Wren_0083_186324.jpg,194,24,False
11483,195.Carolina_Wren/Carolina_Wren_0102_186332.jpg,194,183,False
11486,195.Carolina_Wren/Carolina_Wren_0006_186742.jpg,194,92,False
11488,195.Carolina_Wren/Carolina_Wren_0011_186871.jpg,194,24,False
11494,196.House_Wren/House_Wren_0061_187911.jpg,195,157,False
11495,196.House_Wren/House_Wren_0004_187448.jpg,195,152,False
11496,196.House_Wren/House_Wren_0012_187973.jpg,195,33,False
11497,196.House_Wren/House_Wren_0103_187466.jpg,195,138,False
11499,196.House_Wren/House_Wren_0064_187489.jpg,195,80,False
11501,196.House_Wren/House_Wren_0005_187493.jpg,195,198,False
11502,196.House_Wren/House_Wren_0016_188006.jpg,195,168,False
11503,196.House_Wren/House_Wren_0114_188016.jpg,195,90,False
11504,196.House_Wren/House_Wren_0057_187157.jpg,195,83,False
11505,196.House_Wren/House_Wren_0047_188036.jpg,195,89,False
11513,196.House_Wren/House_Wren_0123_187095.jpg,195,152,False
11514,196.House_Wren/House_Wren_0042_187098.jpg,195,131,False
11515,196.House_Wren/House_Wren_0092_187100.jpg,195,113,False
11519,196.House_Wren/House_Wren_0110_187111.jpg,195,159,False
11520,196.House_Wren/House_Wren_0034_187120.jpg,195,67,False
11521,196.House_Wren/House_Wren_0101_187133.jpg,195,175,False
11523,196.House_Wren/House_Wren_0025_187160.jpg,195,144,False
11525,196.House_Wren/House_Wren_0139_187177.jpg,195,90,False
11526,196.House_Wren/House_Wren_0137_187273.jpg,195,198,False
11527,196.House_Wren/House_Wren_0023_187192.jpg,195,119,False
11528,196.House_Wren/House_Wren_0062_187194.jpg,195,169,False
11531,196.House_Wren/House_Wren_0043_187224.jpg,195,113,False
11534,196.House_Wren/House_Wren_0099_187240.jpg,195,191,False
11537,196.House_Wren/House_Wren_0090_187762.jpg,195,188,False
11538,196.House_Wren/House_Wren_0125_187251.jpg,195,133,False
11539,196.House_Wren/House_Wren_0086_187815.jpg,195,10,False
11541,196.House_Wren/House_Wren_0017_187330.jpg,195,109,False
11543,196.House_Wren/House_Wren_0022_187848.jpg,195,47,False
11544,196.House_Wren/House_Wren_0098_187368.jpg,195,13,False
11547,196.House_Wren/House_Wren_0118_187383.jpg,195,176,False
11549,197.Marsh_Wren/Marsh_Wren_0043_188426.jpg,196,159,False
11550,197.Marsh_Wren/Marsh_Wren_0110_188434.jpg,196,71,False
11551,197.Marsh_Wren/Marsh_Wren_0115_188443.jpg,196,115,False
11559,197.Marsh_Wren/Marsh_Wren_0049_188540.jpg,196,75,False
11562,197.Marsh_Wren/Marsh_Wren_0106_188100.jpg,196,100,False
11563,197.Marsh_Wren/Marsh_Wren_0099_188579.jpg,196,163,False
11564,197.Marsh_Wren/Marsh_Wren_0053_188276.jpg,196,119,False
11566,197.Marsh_Wren/Marsh_Wren_0076_188108.jpg,196,127,False
11567,197.Marsh_Wren/Marsh_Wren_0071_188111.jpg,196,104,False
11568,197.Marsh_Wren/Marsh_Wren_0055_188123.jpg,196,175,False
11570,197.Marsh_Wren/Marsh_Wren_0102_188654.jpg,196,8,False
11571,197.Marsh_Wren/Marsh_Wren_0050_188657.jpg,196,112,False
11574,197.Marsh_Wren/Marsh_Wren_0117_188676.jpg,196,33,False
11575,197.Marsh_Wren/Marsh_Wren_0082_188699.jpg,196,97,False
11576,197.Marsh_Wren/Marsh_Wren_0004_188188.jpg,196,97,False
11577,197.Marsh_Wren/Marsh_Wren_0145_188193.jpg,196,170,False
11578,197.Marsh_Wren/Marsh_Wren_0042_188195.jpg,196,40,False
11581,197.Marsh_Wren/Marsh_Wren_0070_188205.jpg,196,195,False
11583,197.Marsh_Wren/Marsh_Wren_0134_188213.jpg,196,175,False
11586,197.Marsh_Wren/Marsh_Wren_0072_188764.jpg,196,11,False
11587,197.Marsh_Wren/Marsh_Wren_0051_188260.jpg,196,77,False
11588,197.Marsh_Wren/Marsh_Wren_0069_188776.jpg,196,1,False
11592,197.Marsh_Wren/Marsh_Wren_0108_188788.jpg,196,196,True
11593,197.Marsh_Wren/Marsh_Wren_0022_188280.jpg,196,155,False
11595,197.Marsh_Wren/Marsh_Wren_0028_188797.jpg,196,171,False
11597,197.Marsh_Wren/Marsh_Wren_0080_188812.jpg,196,90,False
11600,197.Marsh_Wren/Marsh_Wren_0015_188852.jpg,196,5,False
11602,197.Marsh_Wren/Marsh_Wren_0147_188367.jpg,196,70,False
11603,197.Marsh_Wren/Marsh_Wren_0048_188370.jpg,196,141,False
11608,197.Marsh_Wren/Marsh_Wren_0119_188404.jpg,196,111,False
11609,198.Rock_Wren/Rock_Wren_0127_188931.jpg,197,107,False
11611,198.Rock_Wren/Rock_Wren_0034_187656.jpg,197,33,False
11615,198.Rock_Wren/Rock_Wren_0098_188947.jpg,197,106,False
11618,198.Rock_Wren/Rock_Wren_0073_188952.jpg,197,8,False
11620,198.Rock_Wren/Rock_Wren_0078_188960.jpg,197,102,False
11625,198.Rock_Wren/Rock_Wren_0041_189227.jpg,197,113,False
11628,198.Rock_Wren/Rock_Wren_0065_188995.jpg,197,128,False
11629,198.Rock_Wren/Rock_Wren_0035_188998.jpg,197,58,False
11630,198.Rock_Wren/Rock_Wren_0025_188897.jpg,197,135,False
11631,198.Rock_Wren/Rock_Wren_0037_189256.jpg,197,48,False
11632,198.Rock_Wren/Rock_Wren_0042_189006.jpg,197,166,False
11637,198.Rock_Wren/Rock_Wren_0066_189034.jpg,197,61,False
11638,198.Rock_Wren/Rock_Wren_0094_189037.jpg,197,148,False
11639,198.Rock_Wren/Rock_Wren_0036_189245.jpg,197,152,False
11641,198.Rock_Wren/Rock_Wren_0062_189045.jpg,197,7,False
11644,198.Rock_Wren/Rock_Wren_0050_189207.jpg,197,112,False
11645,198.Rock_Wren/Rock_Wren_0038_189328.jpg,197,147,False
11646,198.Rock_Wren/Rock_Wren_0023_189075.jpg,197,20,False
11648,198.Rock_Wren/Rock_Wren_0109_189094.jpg,197,22,False
11649,198.Rock_Wren/Rock_Wren_0116_189101.jpg,197,6,False
11650,198.Rock_Wren/Rock_Wren_0071_189213.jpg,197,121,False
11651,198.Rock_Wren/Rock_Wren_0053_189112.jpg,197,10,False
11653,198.Rock_Wren/Rock_Wren_0044_189127.jpg,197,6,False
11654,198.Rock_Wren/Rock_Wren_0058_189346.jpg,197,103,False
11656,198.Rock_Wren/Rock_Wren_0029_189145.jpg,197,169,False
11658,198.Rock_Wren/Rock_Wren_0020_188895.jpg,197,6,False
11659,198.Rock_Wren/Rock_Wren_0067_189152.jpg,197,120,False
11661,198.Rock_Wren/Rock_Wren_0040_189159.jpg,197,86,False
11662,198.Rock_Wren/Rock_Wren_0104_189161.jpg,197,117,False
11665,198.Rock_Wren/Rock_Wren_0100_189426.jpg,197,98,False
11670,199.Winter_Wren/Winter_Wren_0122_189475.jpg,198,34,False
11672,199.Winter_Wren/Winter_Wren_0013_189500.jpg,198,28,False
11673,199.Winter_Wren/Winter_Wren_0062_189501.jpg,198,35,False
11674,199.Winter_Wren/Winter_Wren_0049_189504.jpg,198,161,False
11675,199.Winter_Wren/Winter_Wren_0112_189507.jpg,198,96,False
11676,199.Winter_Wren/Winter_Wren_0056_189508.jpg,198,113,False
11678,199.Winter_Wren/Winter_Wren_0038_189510.jpg,198,149,False
11679,199.Winter_Wren/Winter_Wren_0083_190025.jpg,198,35,False
11680,199.Winter_Wren/Winter_Wren_0050_189514.jpg,198,33,False
11683,199.Winter_Wren/Winter_Wren_0073_190044.jpg,198,19,False
11684,199.Winter_Wren/Winter_Wren_0019_189533.jpg,198,176,False
11687,199.Winter_Wren/Winter_Wren_0063_189543.jpg,198,82,False
11689,199.Winter_Wren/Winter_Wren_0082_189549.jpg,198,0,False
11692,199.Winter_Wren/Winter_Wren_0102_189563.jpg,198,168,False
11693,199.Winter_Wren/Winter_Wren_0110_189569.jpg,198,33,False
11695,199.Winter_Wren/Winter_Wren_0127_190091.jpg,198,120,False
11699,199.Winter_Wren/Winter_Wren_0090_190104.jpg,198,87,False
11700,199.Winter_Wren/Winter_Wren_0111_189596.jpg,198,83,False
11701,199.Winter_Wren/Winter_Wren_0021_189597.jpg,198,177,False
11704,199.Winter_Wren/Winter_Wren_0097_190139.jpg,198,21,False
11707,199.Winter_Wren/Winter_Wren_0141_190152.jpg,198,184,False
11709,199.Winter_Wren/Winter_Wren_0004_189670.jpg,198,31,False
11711,199.Winter_Wren/Winter_Wren_0048_189683.jpg,198,189,False
11712,199.Winter_Wren/Winter_Wren_0093_189686.jpg,198,155,False
11713,199.Winter_Wren/Winter_Wren_0071_189689.jpg,198,82,False
11714,199.Winter_Wren/Winter_Wren_0086_189692.jpg,198,155,False
11720,199.Winter_Wren/Winter_Wren_0003_189838.jpg,198,64,False
11723,199.Winter_Wren/Winter_Wren_0132_189861.jpg,198,109,False
11725,199.Winter_Wren/Winter_Wren_0142_190379.jpg,198,119,False
11727,199.Winter_Wren/Winter_Wren_0047_190390.jpg,198,107,False
11729,200.Common_Yellowthroat/Common_Yellowthroat_0020_190720.jpg,199,119,False
11730,200.Common_Yellowthroat/Common_Yellowthroat_0016_190986.jpg,199,92,False
11733,200.Common_Yellowthroat/Common_Yellowthroat_0114_190501.jpg,199,132,False
11735,200.Common_Yellowthroat/Common_Yellowthroat_0039_190513.jpg,199,8,False
11737,200.Common_Yellowthroat/Common_Yellowthroat_0019_190524.jpg,199,93,False
11740,200.Common_Yellowthroat/Common_Yellowthroat_0099_190531.jpg,199,8,False
11741,200.Common_Yellowthroat/Common_Yellowthroat_0125_190902.jpg,199,38,False
11742,200.Common_Yellowthroat/Common_Yellowthroat_0050_190535.jpg,199,139,False
11744,200.Common_Yellowthroat/Common_Yellowthroat_0025_190547.jpg,199,161,False
11745,200.Common_Yellowthroat/Common_Yellowthroat_0118_190805.jpg,199,60,False
11747,200.Common_Yellowthroat/Common_Yellowthroat_0045_190563.jpg,199,196,False
11749,200.Common_Yellowthroat/Common_Yellowthroat_0111_190569.jpg,199,93,False
11751,200.Common_Yellowthroat/Common_Yellowthroat_0112_190571.jpg,199,123,False
11756,200.Common_Yellowthroat/Common_Yellowthroat_0031_190582.jpg,199,0,False
11757,200.Common_Yellowthroat/Common_Yellowthroat_0059_190584.jpg,199,123,False
11761,200.Common_Yellowthroat/Common_Yellowthroat_0046_190446.jpg,199,10,False
11764,200.Common_Yellowthroat/Common_Yellowthroat_0027_190869.jpg,199,116,False
11766,200.Common_Yellowthroat/Common_Yellowthroat_0086_190639.jpg,199,130,False
11768,200.Common_Yellowthroat/Common_Yellowthroat_0066_190646.jpg,199,166,False
11769,200.Common_Yellowthroat/Common_Yellowthroat_0018_190904.jpg,199,150,False
11771,200.Common_Yellowthroat/Common_Yellowthroat_0021_190655.jpg,199,73,False
11773,200.Common_Yellowthroat/Common_Yellowthroat_0011_190401.jpg,199,183,False
11775,200.Common_Yellowthroat/Common_Yellowthroat_0029_190403.jpg,199,82,False
11777,200.Common_Yellowthroat/Common_Yellowthroat_0071_190665.jpg,199,138,False
11779,200.Common_Yellowthroat/Common_Yellowthroat_0070_190678.jpg,199,55,False
11780,200.Common_Yellowthroat/Common_Yellowthroat_0040_190427.jpg,199,167,False
11783,200.Common_Yellowthroat/Common_Yellowthroat_0063_190440.jpg,199,161,False
11785,200.Common_Yellowthroat/Common_Yellowthroat_0058_190958.jpg,199,171,False
11786,200.Common_Yellowthroat/Common_Yellowthroat_0008_190703.jpg,199,195,False
11788,200.Common_Yellowthroat/Common_Yellowthroat_0055_190967.jpg,199,189,False
